{"type":"FeatureCollection","features":[{"type":"Feature","geometry":{"type":"Polygon","coordinates":[[[75.79365,26.95727],[75.79399,26.95727],[75.79399,26.95696],[75.79365,26.95696],[75.79365,26.95727]]]},"properties":{"d":[0,0,0,0,0,0,0,0,0,0,0,0,0,0,0,0,0,1,2,4,6,6,7,6,6,6,6,6,6,5,5,5,5,5,4,4,4]}},{"type":"Feature","geometry":{"type":"Polygon","coordinates":[[[75.77785,26.95635],[75.7782,26.95635],[75.7782,26.95604],[75.77785,26.95604],[75.77785,26.95635]]]},"properties":{"d":[0,0,0,0,0,0,0,0,0,0,0,0,0,0,0,0,0,2,5,7,8,8,8,8,8,8,7,7,7,7,7,6,6,6,6,6,6]}},{"type":"Feature","geometry":{"type":"Polygon","coordinates":[[[75.7655,26.95604],[75.76584,26.95604],[75.76584,26.95574],[75.7655,26.95574],[75.7655,26.95604]]]},"properties":{"d":[0,0,0,0,0,0,0,0,0,0,0,0,0,0,0,0,0,0,1,2,2,2,2,2,2,2,2,1,1,1,1,1,0,0,0,0,0]}},{"type":"Feature","geometry":{"type":"Polygon","coordinates":[[[75.79021,26.95543],[75.79056,26.95543],[75.79056,26.95513],[75.79021,26.95513],[75.79021,26.95543]]]},"properties":{"d":[0,0,0,0,0,0,0,0,0,0,0,0,0,0,0,0,0,1,3,2,1,1,1,0,0,0,0,0,0,0,0,0,0,0,0,0,0]}},{"type":"Feature","geometry":{"type":"Polygon","coordinates":[[[75.79056,26.95543],[75.7909,26.95543],[75.7909,26.95513],[75.79056,26.95513],[75.79056,26.95543]]]},"properties":{"d":[0,0,0,0,0,0,0,0,0,0,0,0,0,0,0,0,0,1,2,1,1,0,0,0,0,0,0,0,0,0,0,0,0,0,0,0,0]}},{"type":"Feature","geometry":{"type":"Polygon","coordinates":[[[75.76687,26.95513],[75.76721,26.95513],[75.76721,26.95482],[75.76687,26.95482],[75.76687,26.95513]]]},"properties":{"d":[0,0,0,0,0,0,0,0,0,0,0,0,0,0,0,0,0,0,2,3,3,3,3,3,3,3,2,2,2,2,2,2,1,1,1,1,1]}},{"type":"Feature","geometry":{"type":"Polygon","coordinates":[[[75.78987,26.95513],[75.79021,26.95513],[75.79021,26.95482],[75.78987,26.95482],[75.78987,26.95513]]]},"properties":{"d":[0,0,0,0,0,0,0,0,0,0,0,0,0,0,0,0,0,1,4,4,3,3,2,2,1,1,1,0,0,0,0,0,0,0,0,0,0]}},{"type":"Feature","geometry":{"type":"Polygon","coordinates":[[[75.79021,26.95513],[75.79056,26.95513],[75.79056,26.95482],[75.79021,26.95482],[75.79021,26.95513]]]},"properties":{"d":[0,0,0,0,0,0,0,0,0,0,0,0,0,0,0,0,0,1,2,2,1,1,0,0,0,0,0,0,0,0,0,0,0,0,0,0,0]}},{"type":"Feature","geometry":{"type":"Polygon","coordinates":[[[75.78953,26.95482],[75.78987,26.95482],[75.78987,26.95451],[75.78953,26.95451],[75.78953,26.95482]]]},"properties":{"d":[0,0,0,0,0,0,0,0,0,0,0,0,0,0,0,0,0,3,7,11,15,17,18,18,18,18,18,18,18,18,17,17,17,17,17,16,16]}},{"type":"Feature","geometry":{"type":"Polygon","coordinates":[[[75.79948,26.95482],[75.79983,26.95482],[75.79983,26.95451],[75.79948,26.95451],[75.79948,26.95482]]]},"properties":{"d":[0,0,0,0,0,0,0,0,0,0,0,0,0,0,0,0,0,1,1,2,2,3,3,2,2,2,2,2,1,1,1,1,1,1,0,0,0]}},{"type":"Feature","geometry":{"type":"Polygon","coordinates":[[[75.79983,26.95482],[75.80017,26.95482],[75.80017,26.95451],[75.79983,26.95451],[75.79983,26.95482]]]},"properties":{"d":[0,0,0,0,0,0,0,0,0,0,0,0,0,0,0,0,0,1,2,3,3,3,3,2,2,2,2,2,1,1,1,1,1,1,0,0,0]}},{"type":"Feature","geometry":{"type":"Polygon","coordinates":[[[75.80017,26.95482],[75.80051,26.95482],[75.80051,26.95451],[75.80017,26.95451],[75.80017,26.95482]]]},"properties":{"d":[0,0,0,0,0,0,0,0,0,0,0,0,0,0,0,0,0,0,2,2,2,2,2,1,1,1,1,1,0,0,0,0,0,0,0,0,0]}},{"type":"Feature","geometry":{"type":"Polygon","coordinates":[[[75.78918,26.95451],[75.78953,26.95451],[75.78953,26.95421],[75.78918,26.95421],[75.78918,26.95451]]]},"properties":{"d":[0,0,0,0,0,0,0,0,0,0,0,0,0,0,0,0,0,2,4,5,6,6,6,5,5,5,5,5,4,4,4,4,4,4,3,3,3]}},{"type":"Feature","geometry":{"type":"Polygon","coordinates":[[[75.7885,26.9536],[75.78884,26.9536],[75.78884,26.95329],[75.7885,26.95329],[75.7885,26.9536]]]},"properties":{"d":[0,0,0,0,0,0,0,0,0,0,0,0,0,0,0,0,0,1,2,3,4,6,7,8,8,8,8,8,8,8,8,8,7,7,7,7,7]}},{"type":"Feature","geometry":{"type":"Polygon","coordinates":[[[75.78781,26.95268],[75.78815,26.95268],[75.78815,26.95237],[75.78781,26.95237],[75.78781,26.95268]]]},"properties":{"d":[0,0,0,0,0,0,0,0,0,0,0,0,0,0,0,0,0,1,1,2,3,4,5,5,5,5,5,5,5,4,4,4,4,4,3,3,3]}},{"type":"Feature","geometry":{"type":"Polygon","coordinates":[[[75.78781,26.95237],[75.78815,26.95237],[75.78815,26.95207],[75.78781,26.95207],[75.78781,26.95237]]]},"properties":{"d":[0,0,0,0,0,0,0,0,0,0,0,0,0,0,0,0,0,1,1,2,3,4,5,5,5,5,5,5,5,4,4,4,4,4,3,3,3]}},{"type":"Feature","geometry":{"type":"Polygon","coordinates":[[[75.78884,26.95237],[75.78918,26.95237],[75.78918,26.95207],[75.78884,26.95207],[75.78884,26.95237]]]},"properties":{"d":[0,0,0,0,0,0,0,0,0,0,0,0,0,0,0,0,0,0,2,3,3,2,2,1,1,1,1,0,0,0,0,0,0,0,0,0,0]}},{"type":"Feature","geometry":{"type":"Polygon","coordinates":[[[75.78918,26.95237],[75.78953,26.95237],[75.78953,26.95207],[75.78918,26.95207],[75.78918,26.95237]]]},"properties":{"d":[0,0,0,0,0,0,0,0,0,0,0,0,0,0,0,0,0,1,4,5,4,4,3,3,2,2,1,1,0,0,0,0,0,0,0,0,0]}},{"type":"Feature","geometry":{"type":"Polygon","coordinates":[[[75.78918,26.95207],[75.78953,26.95207],[75.78953,26.95176],[75.78918,26.95176],[75.78918,26.95207]]]},"properties":{"d":[0,0,0,0,0,0,0,0,0,0,0,0,0,0,0,0,0,2,4,5,4,3,3,2,2,1,1,0,0,0,0,0,0,0,0,0,0]}},{"type":"Feature","geometry":{"type":"Polygon","coordinates":[[[75.76687,26.95145],[75.76721,26.95145],[75.76721,26.95115],[75.76687,26.95115],[75.76687,26.95145]]]},"properties":{"d":[0,0,0,0,0,0,0,0,0,0,0,0,0,0,0,0,0,0,1,1,2,2,2,2,2,2,1,1,1,1,1,1,0,0,0,0,0]}},{"type":"Feature","geometry":{"type":"Polygon","coordinates":[[[75.79159,26.95145],[75.79193,26.95145],[75.79193,26.95115],[75.79159,26.95115],[75.79159,26.95145]]]},"properties":{"d":[0,0,0,0,0,0,0,0,0,0,0,0,0,0,0,0,1,3,3,3,3,3,3,2,1,1,0,0,0,0,0,0,0,0,0,0,0]}},{"type":"Feature","geometry":{"type":"Polygon","coordinates":[[[75.78644,26.95115],[75.78678,26.95115],[75.78678,26.95084],[75.78644,26.95084],[75.78644,26.95115]]]},"properties":{"d":[0,0,0,0,0,0,0,0,0,0,0,0,0,0,0,0,0,1,2,2,4,5,5,5,5,5,5,4,4,4,4,4,3,3,3,3,3]}},{"type":"Feature","geometry":{"type":"Polygon","coordinates":[[[75.78678,26.95115],[75.78712,26.95115],[75.78712,26.95084],[75.78678,26.95084],[75.78678,26.95115]]]},"properties":{"d":[0,0,0,0,0,0,0,0,0,0,0,0,0,0,0,0,0,1,2,3,5,5,6,6,5,5,5,5,5,5,4,4,4,4,4,4,3]}},{"type":"Feature","geometry":{"type":"Polygon","coordinates":[[[75.78644,26.95084],[75.78678,26.95084],[75.78678,26.95053],[75.78644,26.95053],[75.78644,26.95084]]]},"properties":{"d":[0,0,0,0,0,0,0,0,0,0,0,0,0,0,0,0,1,1,2,5,6,7,7,7,7,7,7,7,7,6,6,6,6,6,5,5,5]}},{"type":"Feature","geometry":{"type":"Polygon","coordinates":[[[75.78678,26.95084],[75.78712,26.95084],[75.78712,26.95053],[75.78678,26.95053],[75.78678,26.95084]]]},"properties":{"d":[0,0,0,0,0,0,0,0,0,0,0,0,0,0,0,0,1,5,13,17,17,18,18,18,18,18,18,18,17,17,17,17,17,17,16,16,16]}},{"type":"Feature","geometry":{"type":"Polygon","coordinates":[[[75.78712,26.95084],[75.78747,26.95084],[75.78747,26.95053],[75.78712,26.95053],[75.78712,26.95084]]]},"properties":{"d":[0,0,0,0,0,0,0,0,0,0,0,0,0,0,0,0,1,4,4,5,4,3,3,2,1,1,1,1,1,0,0,0,0,0,0,0,0]}},{"type":"Feature","geometry":{"type":"Polygon","coordinates":[[[75.78747,26.95084],[75.78781,26.95084],[75.78781,26.95053],[75.78747,26.95053],[75.78747,26.95084]]]},"properties":{"d":[0,0,0,0,0,0,0,0,0,0,0,0,0,0,0,0,1,2,2,2,1,1,0,0,0,0,0,0,0,0,0,0,0,0,0,0,0]}},{"type":"Feature","geometry":{"type":"Polygon","coordinates":[[[75.76412,26.95053],[75.76447,26.95053],[75.76447,26.95023],[75.76412,26.95023],[75.76412,26.95053]]]},"properties":{"d":[0,0,0,0,0,0,0,0,0,0,0,0,0,0,0,0,0,0,1,1,2,2,3,3,2,2,2,2,2,1,1,1,1,1,1,0,0]}},{"type":"Feature","geometry":{"type":"Polygon","coordinates":[[[75.78403,26.95053],[75.78438,26.95053],[75.78438,26.95023],[75.78403,26.95023],[75.78403,26.95053]]]},"properties":{"d":[0,0,0,0,0,0,0,0,0,0,0,0,0,0,0,0,0,2,3,3,3,2,2,2,2,1,1,1,1,1,0,0,0,0,0,0,0]}},{"type":"Feature","geometry":{"type":"Polygon","coordinates":[[[75.78438,26.95053],[75.78472,26.95053],[75.78472,26.95023],[75.78438,26.95023],[75.78438,26.95053]]]},"properties":{"d":[0,0,0,0,0,0,0,0,0,0,0,0,0,0,0,0,1,2,3,3,3,2,2,2,2,1,1,1,1,1,0,0,0,0,0,0,0]}},{"type":"Feature","geometry":{"type":"Polygon","coordinates":[[[75.78747,26.95053],[75.78781,26.95053],[75.78781,26.95023],[75.78747,26.95023],[75.78747,26.95053]]]},"properties":{"d":[0,0,0,0,0,0,0,0,0,0,0,0,0,0,0,0,1,1,2,2,1,1,0,0,0,0,0,0,0,0,0,0,0,0,0,0,0]}},{"type":"Feature","geometry":{"type":"Polygon","coordinates":[[[75.78781,26.95053],[75.78815,26.95053],[75.78815,26.95023],[75.78781,26.95023],[75.78781,26.95053]]]},"properties":{"d":[0,0,0,0,0,0,0,0,0,0,0,0,0,0,0,0,0,2,2,2,1,1,0,0,0,0,0,0,0,0,0,0,0,0,0,0,0]}},{"type":"Feature","geometry":{"type":"Polygon","coordinates":[[[75.79296,26.95053],[75.7933,26.95053],[75.7933,26.95023],[75.79296,26.95023],[75.79296,26.95053]]]},"properties":{"d":[0,0,0,0,0,0,0,0,0,0,0,0,0,0,0,0,0,1,2,2,2,1,1,1,0,0,0,0,0,0,0,0,0,0,0,0,0]}},{"type":"Feature","geometry":{"type":"Polygon","coordinates":[[[75.7933,26.95053],[75.79365,26.95053],[75.79365,26.95023],[75.7933,26.95023],[75.7933,26.95053]]]},"properties":{"d":[0,0,0,0,0,0,0,0,0,0,0,0,0,0,0,0,0,1,2,2,2,1,1,0,0,0,0,0,0,0,0,0,0,0,0,0,0]}},{"type":"Feature","geometry":{"type":"Polygon","coordinates":[[[75.79365,26.95053],[75.79399,26.95053],[75.79399,26.95023],[75.79365,26.95023],[75.79365,26.95053]]]},"properties":{"d":[0,0,0,0,0,0,0,0,0,0,0,0,0,0,0,0,0,1,2,2,1,1,1,0,0,0,0,0,0,0,0,0,0,0,0,0,0]}},{"type":"Feature","geometry":{"type":"Polygon","coordinates":[[[75.78369,26.95023],[75.78403,26.95023],[75.78403,26.94992],[75.78369,26.94992],[75.78369,26.95023]]]},"properties":{"d":[0,0,0,0,0,0,0,0,0,0,0,0,0,0,0,0,0,2,2,2,2,2,2,2,2,1,1,1,1,1,0,0,0,0,0,0,0]}},{"type":"Feature","geometry":{"type":"Polygon","coordinates":[[[75.78403,26.95023],[75.78438,26.95023],[75.78438,26.94992],[75.78403,26.94992],[75.78403,26.95023]]]},"properties":{"d":[0,0,0,0,0,0,0,0,0,0,0,0,0,0,0,0,0,1,2,3,2,2,2,2,2,1,1,1,1,1,0,0,0,0,0,0,0]}},{"type":"Feature","geometry":{"type":"Polygon","coordinates":[[[75.78438,26.95023],[75.78472,26.95023],[75.78472,26.94992],[75.78438,26.94992],[75.78438,26.95023]]]},"properties":{"d":[0,0,0,0,0,0,0,0,0,0,0,0,0,0,0,0,0,1,2,3,3,2,2,2,2,1,1,1,1,1,0,0,0,0,0,0,0]}},{"type":"Feature","geometry":{"type":"Polygon","coordinates":[[[75.79365,26.95023],[75.79399,26.95023],[75.79399,26.94992],[75.79365,26.94992],[75.79365,26.95023]]]},"properties":{"d":[0,0,0,0,0,0,0,0,0,0,0,0,0,0,0,0,0,1,3,2,1,1,1,0,0,0,0,0,0,0,0,0,0,0,0,0,0]}},{"type":"Feature","geometry":{"type":"Polygon","coordinates":[[[75.79399,26.95023],[75.79433,26.95023],[75.79433,26.94992],[75.79399,26.94992],[75.79399,26.95023]]]},"properties":{"d":[0,0,0,0,0,0,0,0,0,0,0,0,0,0,0,0,1,2,3,2,1,1,1,0,0,0,0,0,0,0,0,0,0,0,0,0,0]}},{"type":"Feature","geometry":{"type":"Polygon","coordinates":[[[75.78369,26.94992],[75.78403,26.94992],[75.78403,26.94962],[75.78369,26.94962],[75.78369,26.94992]]]},"properties":{"d":[0,0,0,0,0,0,0,0,0,0,0,0,0,0,0,0,0,1,1,2,2,2,2,2,2,1,1,1,1,1,0,0,0,0,0,0,0]}},{"type":"Feature","geometry":{"type":"Polygon","coordinates":[[[75.78403,26.94992],[75.78438,26.94992],[75.78438,26.94962],[75.78403,26.94962],[75.78403,26.94992]]]},"properties":{"d":[0,0,0,0,0,0,0,0,0,0,0,0,0,0,0,0,0,0,1,2,2,2,2,2,2,1,1,1,1,1,0,0,0,0,0,0,0]}},{"type":"Feature","geometry":{"type":"Polygon","coordinates":[[[75.78438,26.94992],[75.78472,26.94992],[75.78472,26.94962],[75.78438,26.94962],[75.78438,26.94992]]]},"properties":{"d":[0,0,0,0,0,0,0,0,0,0,0,0,0,0,0,0,1,1,2,2,2,2,2,2,2,1,1,1,1,1,0,0,0,0,0,0,0]}},{"type":"Feature","geometry":{"type":"Polygon","coordinates":[[[75.7679,26.94962],[75.76824,26.94962],[75.76824,26.94931],[75.7679,26.94931],[75.7679,26.94962]]]},"properties":{"d":[0,0,0,0,0,0,0,0,0,0,0,0,0,0,0,0,0,1,3,5,5,6,6,6,5,5,5,5,5,5,4,4,4,4,4,3,3]}},{"type":"Feature","geometry":{"type":"Polygon","coordinates":[[[75.76824,26.94962],[75.76859,26.94962],[75.76859,26.94931],[75.76824,26.94931],[75.76824,26.94962]]]},"properties":{"d":[0,0,0,0,0,0,0,0,0,0,0,0,0,0,0,0,0,2,4,4,5,6,6,6,5,5,5,5,5,4,4,4,4,4,3,3,3]}},{"type":"Feature","geometry":{"type":"Polygon","coordinates":[[[75.77511,26.94962],[75.77545,26.94962],[75.77545,26.94931],[75.77511,26.94931],[75.77511,26.94962]]]},"properties":{"d":[0,0,0,0,0,0,0,0,0,0,0,0,0,0,0,0,0,1,3,5,6,6,7,7,7,7,7,6,6,6,6,6,5,5,5,5,5]}},{"type":"Feature","geometry":{"type":"Polygon","coordinates":[[[75.76412,26.9487],[75.76447,26.9487],[75.76447,26.94839],[75.76412,26.94839],[75.76412,26.9487]]]},"properties":{"d":[0,0,0,0,0,0,0,0,0,0,0,0,0,0,0,0,0,1,1,2,3,3,3,3,3,2,2,2,2,2,1,1,1,1,1,1,0]}},{"type":"Feature","geometry":{"type":"Polygon","coordinates":[[[75.783,26.94778],[75.78335,26.94778],[75.78335,26.94747],[75.783,26.94747],[75.783,26.94778]]]},"properties":{"d":[0,0,0,0,0,0,0,0,0,0,0,0,0,0,0,0,1,1,1,2,9,11,12,13,13,13,13,13,13,13,12,12,12,12,12,12,11]}},{"type":"Feature","geometry":{"type":"Polygon","coordinates":[[[75.78335,26.94778],[75.78369,26.94778],[75.78369,26.94747],[75.78335,26.94747],[75.78335,26.94778]]]},"properties":{"d":[0,0,0,0,0,0,0,0,0,0,0,0,0,0,0,0,1,1,1,2,3,3,4,4,4,4,4,4,4,4,3,3,3,3,3,3,2]}},{"type":"Feature","geometry":{"type":"Polygon","coordinates":[[[75.78266,26.94747],[75.783,26.94747],[75.783,26.94717],[75.78266,26.94717],[75.78266,26.94747]]]},"properties":{"d":[0,0,0,0,0,0,0,0,0,0,0,0,0,0,0,0,1,1,1,2,6,9,10,11,11,11,11,11,11,10,10,10,10,10,10,9,9]}},{"type":"Feature","geometry":{"type":"Polygon","coordinates":[[[75.783,26.94747],[75.78335,26.94747],[75.78335,26.94717],[75.783,26.94717],[75.783,26.94747]]]},"properties":{"d":[0,0,0,0,0,0,0,0,0,0,0,0,0,0,0,0,1,3,7,18,22,25,26,27,27,27,27,27,27,27,26,26,26,26,26,25,25]}},{"type":"Feature","geometry":{"type":"Polygon","coordinates":[[[75.78335,26.94747],[75.78369,26.94747],[75.78369,26.94717],[75.78335,26.94717],[75.78335,26.94747]]]},"properties":{"d":[0,0,0,0,0,0,0,0,0,0,0,0,0,0,0,0,1,1,2,6,6,6,6,6,6,6,6,6,6,5,5,5,5,5,5,4,4]}},{"type":"Feature","geometry":{"type":"Polygon","coordinates":[[[75.78369,26.94747],[75.78403,26.94747],[75.78403,26.94717],[75.78369,26.94717],[75.78369,26.94747]]]},"properties":{"d":[0,0,0,0,0,0,0,0,0,0,0,0,0,0,0,0,1,1,2,4,3,2,2,1,1,1,0,0,0,0,0,0,0,0,0,0,0]}},{"type":"Feature","geometry":{"type":"Polygon","coordinates":[[[75.78403,26.94747],[75.78438,26.94747],[75.78438,26.94717],[75.78403,26.94717],[75.78403,26.94747]]]},"properties":{"d":[0,0,0,0,0,0,0,0,0,0,0,0,0,0,0,0,0,1,2,3,2,2,1,1,1,0,0,0,0,0,0,0,0,0,0,0,0]}},{"type":"Feature","geometry":{"type":"Polygon","coordinates":[[[75.77991,26.94717],[75.78026,26.94717],[75.78026,26.94686],[75.77991,26.94686],[75.77991,26.94717]]]},"properties":{"d":[0,0,0,0,0,0,0,0,0,0,0,0,0,0,0,0,1,2,3,2,1,1,1,0,0,0,0,0,0,0,0,0,0,0,0,0,0]}},{"type":"Feature","geometry":{"type":"Polygon","coordinates":[[[75.78026,26.94717],[75.7806,26.94717],[75.7806,26.94686],[75.78026,26.94686],[75.78026,26.94717]]]},"properties":{"d":[0,0,0,0,0,0,0,0,0,0,0,0,0,0,0,0,1,3,5,5,4,4,3,2,2,2,1,1,1,1,1,1,0,0,0,0,0]}},{"type":"Feature","geometry":{"type":"Polygon","coordinates":[[[75.78266,26.94717],[75.783,26.94717],[75.783,26.94686],[75.78266,26.94686],[75.78266,26.94717]]]},"properties":{"d":[0,0,0,0,0,0,0,0,0,0,0,0,0,0,0,0,1,1,2,2,3,5,7,7,7,7,7,7,7,7,7,6,6,6,6,6,6]}},{"type":"Feature","geometry":{"type":"Polygon","coordinates":[[[75.78369,26.94717],[75.78403,26.94717],[75.78403,26.94686],[75.78369,26.94686],[75.78369,26.94717]]]},"properties":{"d":[0,0,0,0,0,0,0,0,0,0,0,0,0,0,0,0,0,0,2,2,2,2,1,1,1,0,0,0,0,0,0,0,0,0,0,0,0]}},{"type":"Feature","geometry":{"type":"Polygon","coordinates":[[[75.78403,26.94717],[75.78438,26.94717],[75.78438,26.94686],[75.78403,26.94686],[75.78403,26.94717]]]},"properties":{"d":[0,0,0,0,0,0,0,0,0,0,0,0,0,0,0,0,0,1,4,4,3,2,2,1,1,1,0,0,0,0,0,0,0,0,0,0,0]}},{"type":"Feature","geometry":{"type":"Polygon","coordinates":[[[75.78438,26.94717],[75.78472,26.94717],[75.78472,26.94686],[75.78438,26.94686],[75.78438,26.94717]]]},"properties":{"d":[0,0,0,0,0,0,0,0,0,0,0,0,0,0,0,0,1,2,7,7,5,4,3,2,2,1,1,0,0,0,0,0,0,0,0,0,0]}},{"type":"Feature","geometry":{"type":"Polygon","coordinates":[[[75.78472,26.94717],[75.78506,26.94717],[75.78506,26.94686],[75.78472,26.94686],[75.78472,26.94717]]]},"properties":{"d":[0,0,0,0,0,0,0,0,0,0,0,0,0,0,0,0,1,3,6,5,4,3,2,2,1,1,0,0,0,0,0,0,0,0,0,0,0]}},{"type":"Feature","geometry":{"type":"Polygon","coordinates":[[[75.78197,26.94686],[75.78232,26.94686],[75.78232,26.94656],[75.78197,26.94656],[75.78197,26.94686]]]},"properties":{"d":[0,0,0,0,0,0,0,0,0,0,0,0,0,0,0,0,0,1,2,3,3,3,2,2,2,1,1,1,1,0,0,0,0,0,0,0,0]}},{"type":"Feature","geometry":{"type":"Polygon","coordinates":[[[75.78472,26.94686],[75.78506,26.94686],[75.78506,26.94656],[75.78472,26.94656],[75.78472,26.94686]]]},"properties":{"d":[0,0,0,0,0,0,0,0,0,0,0,0,0,0,0,0,1,6,9,7,6,5,3,2,2,1,1,0,0,0,0,0,0,0,0,0,0]}},{"type":"Feature","geometry":{"type":"Polygon","coordinates":[[[75.78506,26.94686],[75.78541,26.94686],[75.78541,26.94656],[75.78506,26.94656],[75.78506,26.94686]]]},"properties":{"d":[0,0,0,0,0,0,0,0,0,0,0,0,0,0,0,0,1,2,2,1,1,1,0,0,0,0,0,0,0,0,0,0,0,0,0,0,0]}},{"type":"Feature","geometry":{"type":"Polygon","coordinates":[[[75.79124,26.94686],[75.79159,26.94686],[75.79159,26.94656],[75.79124,26.94656],[75.79124,26.94686]]]},"properties":{"d":[0,0,0,0,0,0,0,0,0,0,0,0,0,0,0,0,2,5,8,10,12,13,14,14,14,14,14,14,14,14,13,13,13,13,13,12,12]}},{"type":"Feature","geometry":{"type":"Polygon","coordinates":[[[75.79365,26.94686],[75.79399,26.94686],[75.79399,26.94656],[75.79365,26.94656],[75.79365,26.94686]]]},"properties":{"d":[0,0,0,0,0,0,0,0,0,0,0,0,0,0,0,0,1,1,1,2,2,2,2,2,2,2,1,1,1,1,1,0,0,0,0,0,0]}},{"type":"Feature","geometry":{"type":"Polygon","coordinates":[[[75.7655,26.94656],[75.76584,26.94656],[75.76584,26.94625],[75.7655,26.94625],[75.7655,26.94656]]]},"properties":{"d":[0,0,0,0,0,0,0,0,0,0,0,0,0,0,0,0,0,1,2,3,3,3,3,3,3,3,2,2,2,2,2,1,1,1,1,1,1]}},{"type":"Feature","geometry":{"type":"Polygon","coordinates":[[[75.7679,26.94656],[75.76824,26.94656],[75.76824,26.94625],[75.7679,26.94625],[75.7679,26.94656]]]},"properties":{"d":[0,0,0,0,0,0,0,0,0,0,0,0,0,0,0,0,0,1,2,3,4,4,4,4,4,4,3,3,3,3,3,3,2,2,2,2,2]}},{"type":"Feature","geometry":{"type":"Polygon","coordinates":[[[75.78163,26.94656],[75.78197,26.94656],[75.78197,26.94625],[75.78163,26.94625],[75.78163,26.94656]]]},"properties":{"d":[0,0,0,0,0,0,0,0,0,0,0,0,0,0,0,0,0,1,2,2,3,3,4,4,4,4,4,3,3,3,3,3,3,2,2,2,2]}},{"type":"Feature","geometry":{"type":"Polygon","coordinates":[[[75.78472,26.94656],[75.78506,26.94656],[75.78506,26.94625],[75.78472,26.94625],[75.78472,26.94656]]]},"properties":{"d":[0,0,0,0,0,0,0,0,0,0,0,0,0,0,0,0,1,4,5,3,3,2,1,1,0,0,0,0,0,0,0,0,0,0,0,0,0]}},{"type":"Feature","geometry":{"type":"Polygon","coordinates":[[[75.78506,26.94656],[75.78541,26.94656],[75.78541,26.94625],[75.78506,26.94625],[75.78506,26.94656]]]},"properties":{"d":[0,0,0,0,0,0,0,0,0,0,0,0,0,0,0,0,1,3,2,1,1,1,0,0,0,0,0,0,0,0,0,0,0,0,0,0,0]}},{"type":"Feature","geometry":{"type":"Polygon","coordinates":[[[75.7933,26.94656],[75.79365,26.94656],[75.79365,26.94625],[75.7933,26.94625],[75.7933,26.94656]]]},"properties":{"d":[0,0,0,0,0,0,0,0,0,0,0,0,0,0,0,0,0,1,1,1,2,2,2,2,2,2,1,1,1,1,1,0,0,0,0,0,0]}},{"type":"Feature","geometry":{"type":"Polygon","coordinates":[[[75.79365,26.94656],[75.79399,26.94656],[75.79399,26.94625],[75.79365,26.94625],[75.79365,26.94656]]]},"properties":{"d":[0,0,0,0,0,0,0,0,0,0,0,0,0,0,0,0,0,1,1,2,2,2,2,2,2,2,1,1,1,1,1,0,0,0,0,0,0]}},{"type":"Feature","geometry":{"type":"Polygon","coordinates":[[[75.79399,26.94656],[75.79433,26.94656],[75.79433,26.94625],[75.79399,26.94625],[75.79399,26.94656]]]},"properties":{"d":[0,0,0,0,0,0,0,0,0,0,0,0,0,0,0,0,1,1,2,2,2,2,2,2,2,2,1,1,1,1,1,0,0,0,0,0,0]}},{"type":"Feature","geometry":{"type":"Polygon","coordinates":[[[75.77202,26.94625],[75.77236,26.94625],[75.77236,26.94594],[75.77202,26.94594],[75.77202,26.94625]]]},"properties":{"d":[0,0,0,0,0,0,0,0,0,0,0,0,0,0,0,0,1,3,5,6,7,7,7,7,7,7,6,6,6,6,6,5,5,5,5,5,5]}},{"type":"Feature","geometry":{"type":"Polygon","coordinates":[[[75.78163,26.94625],[75.78197,26.94625],[75.78197,26.94594],[75.78163,26.94594],[75.78163,26.94625]]]},"properties":{"d":[0,0,0,0,0,0,0,0,0,0,0,0,0,0,0,0,1,2,3,5,7,9,10,10,10,10,10,10,10,10,10,9,9,9,9,9,8]}},{"type":"Feature","geometry":{"type":"Polygon","coordinates":[[[75.78472,26.94625],[75.78506,26.94625],[75.78506,26.94594],[75.78472,26.94594],[75.78472,26.94625]]]},"properties":{"d":[0,0,0,0,0,0,0,0,0,0,0,0,0,0,0,0,1,3,3,2,2,1,1,0,0,0,0,0,0,0,0,0,0,0,0,0,0]}},{"type":"Feature","geometry":{"type":"Polygon","coordinates":[[[75.78506,26.94625],[75.78541,26.94625],[75.78541,26.94594],[75.78506,26.94594],[75.78506,26.94625]]]},"properties":{"d":[0,0,0,0,0,0,0,0,0,0,0,0,0,0,0,0,1,2,2,2,1,1,1,0,0,0,0,0,0,0,0,0,0,0,0,0,0]}},{"type":"Feature","geometry":{"type":"Polygon","coordinates":[[[75.7933,26.94625],[75.79365,26.94625],[75.79365,26.94594],[75.7933,26.94594],[75.7933,26.94625]]]},"properties":{"d":[0,0,0,0,0,0,0,0,0,0,0,0,0,0,0,0,0,1,1,2,2,2,2,2,2,2,1,1,1,1,1,0,0,0,0,0,0]}},{"type":"Feature","geometry":{"type":"Polygon","coordinates":[[[75.79365,26.94625],[75.79399,26.94625],[75.79399,26.94594],[75.79365,26.94594],[75.79365,26.94625]]]},"properties":{"d":[0,0,0,0,0,0,0,0,0,0,0,0,0,0,0,0,0,1,2,2,2,2,2,2,2,2,1,1,1,1,1,0,0,0,0,0,0]}},{"type":"Feature","geometry":{"type":"Polygon","coordinates":[[[75.79399,26.94625],[75.79433,26.94625],[75.79433,26.94594],[75.79399,26.94594],[75.79399,26.94625]]]},"properties":{"d":[0,0,0,0,0,0,0,0,0,0,0,0,0,0,0,0,1,2,2,3,2,2,2,2,2,2,1,1,1,1,1,0,0,0,0,0,0]}},{"type":"Feature","geometry":{"type":"Polygon","coordinates":[[[75.77202,26.94594],[75.77236,26.94594],[75.77236,26.94564],[75.77202,26.94564],[75.77202,26.94594]]]},"properties":{"d":[0,0,0,0,0,0,0,0,0,0,0,0,0,0,0,0,1,3,6,7,8,8,8,8,7,7,7,7,7,7,6,6,6,6,6,5,5]}},{"type":"Feature","geometry":{"type":"Polygon","coordinates":[[[75.78129,26.94594],[75.78163,26.94594],[75.78163,26.94564],[75.78129,26.94564],[75.78129,26.94594]]]},"properties":{"d":[0,0,0,0,0,0,0,0,0,0,0,0,0,0,0,0,1,2,4,5,7,9,10,10,10,10,10,10,10,9,9,9,9,9,9,8,8]}},{"type":"Feature","geometry":{"type":"Polygon","coordinates":[[[75.7933,26.94594],[75.79365,26.94594],[75.79365,26.94564],[75.7933,26.94564],[75.7933,26.94594]]]},"properties":{"d":[0,0,0,0,0,0,0,0,0,0,0,0,0,0,0,0,1,1,1,2,2,2,2,2,2,2,1,1,1,1,1,0,0,0,0,0,0]}},{"type":"Feature","geometry":{"type":"Polygon","coordinates":[[[75.79365,26.94594],[75.79399,26.94594],[75.79399,26.94564],[75.79365,26.94564],[75.79365,26.94594]]]},"properties":{"d":[0,0,0,0,0,0,0,0,0,0,0,0,0,0,0,0,0,1,2,2,2,2,2,2,2,2,1,1,1,1,1,0,0,0,0,0,0]}},{"type":"Feature","geometry":{"type":"Polygon","coordinates":[[[75.79399,26.94594],[75.79433,26.94594],[75.79433,26.94564],[75.79399,26.94564],[75.79399,26.94594]]]},"properties":{"d":[0,0,0,0,0,0,0,0,0,0,0,0,0,0,0,0,1,2,3,3,3,2,2,2,2,2,1,1,1,1,1,0,0,0,0,0,0]}},{"type":"Feature","geometry":{"type":"Polygon","coordinates":[[[75.78094,26.94564],[75.78129,26.94564],[75.78129,26.94533],[75.78094,26.94533],[75.78094,26.94564]]]},"properties":{"d":[0,0,0,0,0,0,0,0,0,0,0,0,0,0,0,0,1,3,5,5,5,4,4,3,3,3,2,2,2,2,2,1,1,1,1,1,1]}},{"type":"Feature","geometry":{"type":"Polygon","coordinates":[[[75.76172,26.94503],[75.76206,26.94503],[75.76206,26.94472],[75.76172,26.94472],[75.76172,26.94503]]]},"properties":{"d":[0,0,0,0,0,0,0,0,0,0,0,0,0,0,0,0,0,1,3,5,6,6,6,6,6,6,5,5,5,5,5,4,4,4,4,4,3]}},{"type":"Feature","geometry":{"type":"Polygon","coordinates":[[[75.7703,26.94472],[75.77065,26.94472],[75.77065,26.94441],[75.7703,26.94441],[75.7703,26.94472]]]},"properties":{"d":[0,0,0,0,0,0,0,0,0,0,0,0,0,0,0,0,0,1,2,3,4,4,4,4,4,4,4,3,3,3,3,3,3,2,2,2,2]}},{"type":"Feature","geometry":{"type":"Polygon","coordinates":[[[75.7703,26.94441],[75.77065,26.94441],[75.77065,26.94411],[75.7703,26.94411],[75.7703,26.94441]]]},"properties":{"d":[0,0,0,0,0,0,0,0,0,0,0,0,0,0,0,0,0,1,2,3,4,4,4,4,4,4,4,4,3,3,3,3,3,3,2,2,2]}},{"type":"Feature","geometry":{"type":"Polygon","coordinates":[[[75.79193,26.94411],[75.79227,26.94411],[75.79227,26.9438],[75.79193,26.9438],[75.79193,26.94411]]]},"properties":{"d":[0,0,0,0,0,0,0,0,0,0,0,0,0,0,0,0,1,2,4,5,6,6,5,5,5,4,4,4,4,3,3,3,3,3,3,2,2]}},{"type":"Feature","geometry":{"type":"Polygon","coordinates":[[[75.77339,26.9435],[75.77374,26.9435],[75.77374,26.94319],[75.77339,26.94319],[75.77339,26.9435]]]},"properties":{"d":[0,0,0,0,0,0,0,0,0,0,0,0,0,0,0,0,1,2,3,2,2,2,2,1,1,1,1,0,0,0,0,0,0,0,0,0,0]}},{"type":"Feature","geometry":{"type":"Polygon","coordinates":[[[75.78094,26.94319],[75.78129,26.94319],[75.78129,26.94288],[75.78094,26.94288],[75.78094,26.94319]]]},"properties":{"d":[0,0,0,0,0,0,0,0,0,0,0,0,0,0,0,0,2,5,3,2,1,1,0,0,0,0,0,0,0,0,0,0,0,0,0,0,0]}},{"type":"Feature","geometry":{"type":"Polygon","coordinates":[[[75.79845,26.94319],[75.7988,26.94319],[75.7988,26.94288],[75.79845,26.94288],[75.79845,26.94319]]]},"properties":{"d":[0,0,0,0,0,0,0,0,0,0,0,0,0,0,0,0,1,1,3,3,3,2,2,1,1,0,0,0,0,0,0,0,0,0,0,0,0]}},{"type":"Feature","geometry":{"type":"Polygon","coordinates":[[[75.78094,26.94288],[75.78129,26.94288],[75.78129,26.94258],[75.78094,26.94258],[75.78094,26.94288]]]},"properties":{"d":[0,0,0,0,0,0,0,0,0,0,0,0,0,0,0,0,2,8,8,7,6,5,4,3,2,2,1,1,1,1,0,0,0,0,0,0,0]}},{"type":"Feature","geometry":{"type":"Polygon","coordinates":[[[75.78129,26.94288],[75.78163,26.94288],[75.78163,26.94258],[75.78129,26.94258],[75.78129,26.94288]]]},"properties":{"d":[0,0,0,0,0,0,0,0,0,0,0,0,0,0,0,0,1,2,2,1,1,0,0,0,0,0,0,0,0,0,0,0,0,0,0,0,0]}},{"type":"Feature","geometry":{"type":"Polygon","coordinates":[[[75.79811,26.94288],[75.79845,26.94288],[75.79845,26.94258],[75.79811,26.94258],[75.79811,26.94288]]]},"properties":{"d":[0,0,0,0,0,0,0,0,0,0,0,0,0,0,0,0,0,1,2,4,4,4,4,3,2,2,1,1,1,1,0,0,0,0,0,0,0]}},{"type":"Feature","geometry":{"type":"Polygon","coordinates":[[[75.79845,26.94288],[75.7988,26.94288],[75.7988,26.94258],[75.79845,26.94258],[75.79845,26.94288]]]},"properties":{"d":[0,0,0,0,0,0,0,0,0,0,0,0,0,0,0,0,1,2,5,6,7,6,6,5,4,3,3,2,2,2,2,1,1,1,1,1,0]}},{"type":"Feature","geometry":{"type":"Polygon","coordinates":[[[75.7988,26.94288],[75.79914,26.94288],[75.79914,26.94258],[75.7988,26.94258],[75.7988,26.94288]]]},"properties":{"d":[0,0,0,0,0,0,0,0,0,0,0,0,0,0,0,0,1,2,2,2,2,1,1,1,0,0,0,0,0,0,0,0,0,0,0,0,0]}},{"type":"Feature","geometry":{"type":"Polygon","coordinates":[[[75.78094,26.94258],[75.78129,26.94258],[75.78129,26.94227],[75.78094,26.94227],[75.78094,26.94258]]]},"properties":{"d":[0,0,0,0,0,0,0,0,0,0,0,0,0,0,0,0,1,5,7,6,5,4,3,3,2,2,1,1,1,1,0,0,0,0,0,0,0]}},{"type":"Feature","geometry":{"type":"Polygon","coordinates":[[[75.7909,26.94258],[75.79124,26.94258],[75.79124,26.94227],[75.7909,26.94227],[75.7909,26.94258]]]},"properties":{"d":[0,0,0,0,0,0,0,0,0,0,0,0,0,0,0,0,1,2,3,3,3,2,2,1,1,0,0,0,0,0,0,0,0,0,0,0,0]}},{"type":"Feature","geometry":{"type":"Polygon","coordinates":[[[75.79262,26.94258],[75.79296,26.94258],[75.79296,26.94227],[75.79262,26.94227],[75.79262,26.94258]]]},"properties":{"d":[0,0,0,0,0,0,0,0,0,0,0,0,0,0,0,0,1,3,2,2,2,1,1,1,0,0,0,0,0,0,0,0,0,0,0,0,0]}},{"type":"Feature","geometry":{"type":"Polygon","coordinates":[[[75.79742,26.94258],[75.79777,26.94258],[75.79777,26.94227],[75.79742,26.94227],[75.79742,26.94258]]]},"properties":{"d":[0,0,0,0,0,0,0,0,0,0,0,0,0,0,0,0,0,1,1,1,2,2,2,2,1,1,1,0,0,0,0,0,0,0,0,0,0]}},{"type":"Feature","geometry":{"type":"Polygon","coordinates":[[[75.79777,26.94258],[75.79811,26.94258],[75.79811,26.94227],[75.79777,26.94227],[75.79777,26.94258]]]},"properties":{"d":[0,0,0,0,0,0,0,0,0,0,0,0,0,0,0,0,0,1,1,1,2,2,2,2,1,1,1,0,0,0,0,0,0,0,0,0,0]}},{"type":"Feature","geometry":{"type":"Polygon","coordinates":[[[75.79811,26.94258],[75.79845,26.94258],[75.79845,26.94227],[75.79811,26.94227],[75.79811,26.94258]]]},"properties":{"d":[0,0,0,0,0,0,0,0,0,0,0,0,0,0,0,0,0,1,1,2,2,2,2,2,1,1,1,0,0,0,0,0,0,0,0,0,0]}},{"type":"Feature","geometry":{"type":"Polygon","coordinates":[[[75.78094,26.94227],[75.78129,26.94227],[75.78129,26.94197],[75.78094,26.94197],[75.78094,26.94227]]]},"properties":{"d":[0,0,0,0,0,0,0,0,0,0,0,0,0,0,0,0,1,2,5,4,4,3,2,2,1,1,1,0,0,0,0,0,0,0,0,0,0]}},{"type":"Feature","geometry":{"type":"Polygon","coordinates":[[[75.79056,26.94227],[75.7909,26.94227],[75.7909,26.94197],[75.79056,26.94197],[75.79056,26.94227]]]},"properties":{"d":[0,0,0,0,0,0,0,0,0,0,0,0,0,0,0,0,1,1,3,3,3,3,2,2,1,1,1,0,0,0,0,0,0,0,0,0,0]}},{"type":"Feature","geometry":{"type":"Polygon","coordinates":[[[75.7909,26.94227],[75.79124,26.94227],[75.79124,26.94197],[75.7909,26.94197],[75.7909,26.94227]]]},"properties":{"d":[0,0,0,0,0,0,0,0,0,0,0,0,0,0,0,0,2,5,8,8,8,7,6,6,5,4,3,3,3,2,2,2,2,2,2,1,1]}},{"type":"Feature","geometry":{"type":"Polygon","coordinates":[[[75.7703,26.94197],[75.77065,26.94197],[75.77065,26.94166],[75.7703,26.94166],[75.7703,26.94197]]]},"properties":{"d":[0,0,0,0,0,0,0,0,0,0,0,0,0,0,0,0,0,2,3,4,5,5,5,5,5,5,5,5,4,4,4,4,4,4,3,3,3]}},{"type":"Feature","geometry":{"type":"Polygon","coordinates":[[[75.77168,26.94197],[75.77202,26.94197],[75.77202,26.94166],[75.77168,26.94166],[75.77168,26.94197]]]},"properties":{"d":[0,0,0,0,0,0,0,0,0,0,0,0,0,0,0,0,0,1,3,5,6,6,6,5,5,5,4,4,4,4,3,3,3,3,3,2,2]}},{"type":"Feature","geometry":{"type":"Polygon","coordinates":[[[75.77202,26.94197],[75.77236,26.94197],[75.77236,26.94166],[75.77202,26.94166],[75.77202,26.94197]]]},"properties":{"d":[0,0,0,0,0,0,0,0,0,0,0,0,0,0,0,0,1,1,3,3,3,2,2,1,1,0,0,0,0,0,0,0,0,0,0,0,0]}},{"type":"Feature","geometry":{"type":"Polygon","coordinates":[[[75.78094,26.94197],[75.78129,26.94197],[75.78129,26.94166],[75.78094,26.94166],[75.78094,26.94197]]]},"properties":{"d":[0,0,0,0,0,0,0,0,0,0,0,0,0,0,0,0,0,1,3,3,3,2,2,1,1,1,0,0,0,0,0,0,0,0,0,0,0]}},{"type":"Feature","geometry":{"type":"Polygon","coordinates":[[[75.78815,26.94197],[75.7885,26.94197],[75.7885,26.94166],[75.78815,26.94166],[75.78815,26.94197]]]},"properties":{"d":[0,0,0,0,0,0,0,0,0,0,0,0,0,0,0,0,1,2,2,2,2,1,1,1,0,0,0,0,0,0,0,0,0,0,0,0,0]}},{"type":"Feature","geometry":{"type":"Polygon","coordinates":[[[75.79056,26.94197],[75.7909,26.94197],[75.7909,26.94166],[75.79056,26.94166],[75.79056,26.94197]]]},"properties":{"d":[0,0,0,0,0,0,0,0,0,0,0,0,0,0,0,0,1,1,2,3,3,2,2,1,1,1,0,0,0,0,0,0,0,0,0,0,0]}},{"type":"Feature","geometry":{"type":"Polygon","coordinates":[[[75.7806,26.94166],[75.78094,26.94166],[75.78094,26.94135],[75.7806,26.94135],[75.7806,26.94166]]]},"properties":{"d":[0,0,0,0,0,0,0,0,0,0,0,0,0,0,0,0,1,2,2,2,1,1,0,0,0,0,0,0,0,0,0,0,0,0,0,0,0]}},{"type":"Feature","geometry":{"type":"Polygon","coordinates":[[[75.78094,26.94166],[75.78129,26.94166],[75.78129,26.94135],[75.78094,26.94135],[75.78094,26.94166]]]},"properties":{"d":[0,0,0,0,0,0,0,0,0,0,0,0,0,0,0,0,2,4,7,8,8,8,7,7,7,7,7,6,6,6,6,6,5,5,5,5,5]}},{"type":"Feature","geometry":{"type":"Polygon","coordinates":[[[75.78781,26.94166],[75.78815,26.94166],[75.78815,26.94135],[75.78781,26.94135],[75.78781,26.94166]]]},"properties":{"d":[0,0,0,0,0,0,0,0,0,0,0,0,0,0,0,0,0,1,2,2,2,2,2,2,2,2,2,1,1,1,0,0,0,0,0,0,0]}},{"type":"Feature","geometry":{"type":"Polygon","coordinates":[[[75.78815,26.94166],[75.7885,26.94166],[75.7885,26.94135],[75.78815,26.94135],[75.78815,26.94166]]]},"properties":{"d":[0,0,0,0,0,0,0,0,0,0,0,0,0,0,0,0,1,2,3,3,3,3,3,4,3,3,2,2,1,1,1,0,0,0,0,0,0]}},{"type":"Feature","geometry":{"type":"Polygon","coordinates":[[[75.7885,26.94166],[75.78884,26.94166],[75.78884,26.94135],[75.7885,26.94135],[75.7885,26.94166]]]},"properties":{"d":[0,0,0,0,0,0,0,0,0,0,0,0,0,0,0,0,1,2,2,2,2,2,3,3,3,3,2,2,1,1,1,0,0,0,0,0,0]}},{"type":"Feature","geometry":{"type":"Polygon","coordinates":[[[75.78884,26.94166],[75.78918,26.94166],[75.78918,26.94135],[75.78884,26.94135],[75.78884,26.94166]]]},"properties":{"d":[0,0,0,0,0,0,0,0,0,0,0,0,0,0,0,0,1,1,1,1,1,2,2,2,2,1,1,1,1,0,0,0,0,0,0,0,0]}},{"type":"Feature","geometry":{"type":"Polygon","coordinates":[[[75.79433,26.94166],[75.79468,26.94166],[75.79468,26.94135],[75.79433,26.94135],[75.79433,26.94166]]]},"properties":{"d":[0,0,0,0,0,0,0,0,0,0,0,0,0,0,0,0,1,2,3,4,5,6,6,6,6,6,6,5,5,5,5,5,4,4,4,4,4]}},{"type":"Feature","geometry":{"type":"Polygon","coordinates":[[[75.79983,26.94166],[75.80017,26.94166],[75.80017,26.94135],[75.79983,26.94135],[75.79983,26.94166]]]},"properties":{"d":[0,0,0,0,0,0,0,0,0,0,0,0,0,0,0,0,0,1,2,2,2,2,2,1,1,1,0,0,0,0,0,0,0,0,0,0,0]}},{"type":"Feature","geometry":{"type":"Polygon","coordinates":[[[75.80017,26.94166],[75.80051,26.94166],[75.80051,26.94135],[75.80017,26.94135],[75.80017,26.94166]]]},"properties":{"d":[0,0,0,0,0,0,0,0,0,0,0,0,0,0,0,0,1,1,2,2,2,2,1,1,1,0,0,0,0,0,0,0,0,0,0,0,0]}},{"type":"Feature","geometry":{"type":"Polygon","coordinates":[[[75.78094,26.94135],[75.78129,26.94135],[75.78129,26.94105],[75.78094,26.94105],[75.78094,26.94135]]]},"properties":{"d":[0,0,0,0,0,0,0,0,0,0,0,0,0,0,0,0,1,3,5,7,7,7,7,7,7,7,7,6,6,6,6,6,5,5,5,5,5]}},{"type":"Feature","geometry":{"type":"Polygon","coordinates":[[[75.78129,26.94135],[75.78163,26.94135],[75.78163,26.94105],[75.78129,26.94105],[75.78129,26.94135]]]},"properties":{"d":[0,0,0,0,0,0,0,0,0,0,0,0,0,0,0,0,1,2,4,6,7,7,7,7,7,7,7,6,6,6,6,6,5,5,5,5,5]}},{"type":"Feature","geometry":{"type":"Polygon","coordinates":[[[75.78884,26.94135],[75.78918,26.94135],[75.78918,26.94105],[75.78884,26.94105],[75.78884,26.94135]]]},"properties":{"d":[0,0,0,0,0,0,0,0,0,0,0,0,0,0,0,0,1,1,1,1,1,2,3,3,2,2,1,1,1,1,0,0,0,0,0,0,0]}},{"type":"Feature","geometry":{"type":"Polygon","coordinates":[[[75.78918,26.94135],[75.78953,26.94135],[75.78953,26.94105],[75.78918,26.94105],[75.78918,26.94135]]]},"properties":{"d":[0,0,0,0,0,0,0,0,0,0,0,0,0,0,0,0,1,1,1,1,2,2,3,2,2,2,1,1,1,1,0,0,0,0,0,0,0]}},{"type":"Feature","geometry":{"type":"Polygon","coordinates":[[[75.79433,26.94135],[75.79468,26.94135],[75.79468,26.94105],[75.79433,26.94105],[75.79433,26.94135]]]},"properties":{"d":[0,0,0,0,0,0,0,0,0,0,0,0,0,0,0,0,1,1,1,2,3,3,4,3,3,3,3,2,2,2,2,1,1,1,1,1,0]}},{"type":"Feature","geometry":{"type":"Polygon","coordinates":[[[75.79468,26.94135],[75.79502,26.94135],[75.79502,26.94105],[75.79468,26.94105],[75.79468,26.94135]]]},"properties":{"d":[0,0,0,0,0,0,0,0,0,0,0,0,0,0,0,0,1,3,5,6,7,7,7,7,7,6,6,6,5,5,5,5,4,4,4,4,4]}},{"type":"Feature","geometry":{"type":"Polygon","coordinates":[[[75.79502,26.94135],[75.79536,26.94135],[75.79536,26.94105],[75.79502,26.94105],[75.79502,26.94135]]]},"properties":{"d":[0,0,0,0,0,0,0,0,0,0,0,0,0,0,0,0,1,3,5,6,7,7,7,7,7,6,6,6,5,5,5,5,4,4,4,4,4]}},{"type":"Feature","geometry":{"type":"Polygon","coordinates":[[[75.80704,26.94135],[75.80738,26.94135],[75.80738,26.94105],[75.80704,26.94105],[75.80704,26.94135]]]},"properties":{"d":[0,0,0,0,0,0,0,0,0,0,0,0,0,0,0,0,0,2,3,4,4,4,4,4,4,4,3,3,3,3,3,2,2,2,2,2,2]}},{"type":"Feature","geometry":{"type":"Polygon","coordinates":[[[75.77614,26.94105],[75.77648,26.94105],[75.77648,26.94074],[75.77614,26.94074],[75.77614,26.94105]]]},"properties":{"d":[0,0,0,0,0,0,0,0,0,0,0,0,0,0,0,0,3,9,13,16,17,18,18,18,17,17,17,17,17,16,16,16,16,16,16,15,15]}},{"type":"Feature","geometry":{"type":"Polygon","coordinates":[[[75.78094,26.94105],[75.78129,26.94105],[75.78129,26.94074],[75.78094,26.94074],[75.78094,26.94105]]]},"properties":{"d":[0,0,0,0,0,0,0,0,0,0,0,0,0,0,0,0,1,2,4,6,7,7,7,7,7,7,7,6,6,6,6,6,5,5,5,5,5]}},{"type":"Feature","geometry":{"type":"Polygon","coordinates":[[[75.78129,26.94105],[75.78163,26.94105],[75.78163,26.94074],[75.78129,26.94074],[75.78129,26.94105]]]},"properties":{"d":[0,0,0,0,0,0,0,0,0,0,0,0,0,0,0,0,0,2,3,5,6,7,7,7,7,7,7,6,6,6,6,6,5,5,5,5,5]}},{"type":"Feature","geometry":{"type":"Polygon","coordinates":[[[75.78163,26.94105],[75.78197,26.94105],[75.78197,26.94074],[75.78163,26.94074],[75.78163,26.94105]]]},"properties":{"d":[0,0,0,0,0,0,0,0,0,0,0,0,0,0,0,0,1,2,3,4,6,7,7,7,7,7,7,6,6,6,6,6,5,5,5,5,5]}},{"type":"Feature","geometry":{"type":"Polygon","coordinates":[[[75.78575,26.94105],[75.78609,26.94105],[75.78609,26.94074],[75.78575,26.94074],[75.78575,26.94105]]]},"properties":{"d":[0,0,0,0,0,0,0,0,0,0,0,0,0,0,0,0,0,0,2,2,2,2,2,2,2,2,2,2,1,1,1,1,0,0,0,0,0]}},{"type":"Feature","geometry":{"type":"Polygon","coordinates":[[[75.78609,26.94105],[75.78644,26.94105],[75.78644,26.94074],[75.78609,26.94074],[75.78609,26.94105]]]},"properties":{"d":[0,0,0,0,0,0,0,0,0,0,0,0,0,0,0,0,1,2,3,4,4,4,4,4,3,3,3,3,3,2,2,1,1,1,0,0,0]}},{"type":"Feature","geometry":{"type":"Polygon","coordinates":[[[75.78644,26.94105],[75.78678,26.94105],[75.78678,26.94074],[75.78644,26.94074],[75.78644,26.94105]]]},"properties":{"d":[0,0,0,0,0,0,0,0,0,0,0,0,0,0,0,0,2,4,5,6,6,6,6,5,5,5,5,4,4,3,2,2,1,1,1,1,0]}},{"type":"Feature","geometry":{"type":"Polygon","coordinates":[[[75.78678,26.94105],[75.78712,26.94105],[75.78712,26.94074],[75.78678,26.94074],[75.78678,26.94105]]]},"properties":{"d":[0,0,0,0,0,0,0,0,0,0,0,0,0,0,0,0,1,2,2,3,3,3,2,2,2,2,2,2,1,1,1,0,0,0,0,0,0]}},{"type":"Feature","geometry":{"type":"Polygon","coordinates":[[[75.78918,26.94105],[75.78953,26.94105],[75.78953,26.94074],[75.78918,26.94074],[75.78918,26.94105]]]},"properties":{"d":[0,0,0,0,0,0,0,0,0,0,0,0,0,0,0,0,1,1,1,1,1,3,3,3,2,2,1,1,1,1,0,0,0,0,0,0,0]}},{"type":"Feature","geometry":{"type":"Polygon","coordinates":[[[75.78953,26.94105],[75.78987,26.94105],[75.78987,26.94074],[75.78953,26.94074],[75.78953,26.94105]]]},"properties":{"d":[0,0,0,0,0,0,0,0,0,0,0,0,0,0,0,0,1,1,1,2,3,4,4,4,3,3,2,2,1,1,1,1,0,0,0,0,0]}},{"type":"Feature","geometry":{"type":"Polygon","coordinates":[[[75.78987,26.94105],[75.79021,26.94105],[75.79021,26.94074],[75.78987,26.94074],[75.78987,26.94105]]]},"properties":{"d":[0,0,0,0,0,0,0,0,0,0,0,0,0,0,0,0,1,1,1,1,3,4,4,3,3,2,2,1,1,1,1,0,0,0,0,0,0]}},{"type":"Feature","geometry":{"type":"Polygon","coordinates":[[[75.79502,26.94105],[75.79536,26.94105],[75.79536,26.94074],[75.79502,26.94074],[75.79502,26.94105]]]},"properties":{"d":[0,0,0,0,0,0,0,0,0,0,0,0,0,0,0,0,1,2,2,2,2,2,2,2,1,1,1,0,0,0,0,0,0,0,0,0,0]}},{"type":"Feature","geometry":{"type":"Polygon","coordinates":[[[75.79536,26.94105],[75.79571,26.94105],[75.79571,26.94074],[75.79536,26.94074],[75.79536,26.94105]]]},"properties":{"d":[0,0,0,0,0,0,0,0,0,0,0,0,0,0,0,0,1,2,3,2,2,2,2,1,1,1,0,0,0,0,0,0,0,0,0,0,0]}},{"type":"Feature","geometry":{"type":"Polygon","coordinates":[[[75.78129,26.94074],[75.78163,26.94074],[75.78163,26.94044],[75.78129,26.94044],[75.78129,26.94074]]]},"properties":{"d":[0,0,0,0,0,0,0,0,0,0,0,0,0,0,0,0,1,2,3,4,6,7,7,7,7,7,7,6,6,6,6,6,5,5,5,5,5]}},{"type":"Feature","geometry":{"type":"Polygon","coordinates":[[[75.78163,26.94074],[75.78197,26.94074],[75.78197,26.94044],[75.78163,26.94044],[75.78163,26.94074]]]},"properties":{"d":[0,0,0,0,0,0,0,0,0,0,0,0,0,0,0,0,1,2,3,4,6,7,7,7,7,7,7,6,6,6,6,6,5,5,5,5,5]}},{"type":"Feature","geometry":{"type":"Polygon","coordinates":[[[75.78197,26.94074],[75.78232,26.94074],[75.78232,26.94044],[75.78197,26.94044],[75.78197,26.94074]]]},"properties":{"d":[0,0,0,0,0,0,0,0,0,0,0,0,0,0,0,0,1,2,3,4,5,7,7,7,7,7,7,6,6,6,6,6,5,5,5,5,5]}},{"type":"Feature","geometry":{"type":"Polygon","coordinates":[[[75.78987,26.94074],[75.79021,26.94074],[75.79021,26.94044],[75.78987,26.94044],[75.78987,26.94074]]]},"properties":{"d":[0,0,0,0,0,0,0,0,0,0,0,0,0,0,0,0,1,2,4,7,10,10,10,9,9,8,8,7,7,7,6,6,6,6,5,5,5]}},{"type":"Feature","geometry":{"type":"Polygon","coordinates":[[[75.79021,26.94074],[75.79056,26.94074],[75.79056,26.94044],[75.79021,26.94044],[75.79021,26.94074]]]},"properties":{"d":[0,0,0,0,0,0,0,0,0,0,0,0,0,0,0,0,1,1,1,4,6,6,5,5,4,3,3,2,2,1,1,1,0,0,0,0,0]}},{"type":"Feature","geometry":{"type":"Polygon","coordinates":[[[75.79639,26.94074],[75.79674,26.94074],[75.79674,26.94044],[75.79639,26.94044],[75.79639,26.94074]]]},"properties":{"d":[0,0,0,0,0,0,0,0,0,0,0,0,0,0,0,0,1,2,3,4,5,6,6,6,6,6,6,5,5,5,5,5,5,4,4,4,4]}},{"type":"Feature","geometry":{"type":"Polygon","coordinates":[[[75.79674,26.94074],[75.79708,26.94074],[75.79708,26.94044],[75.79674,26.94044],[75.79674,26.94074]]]},"properties":{"d":[0,0,0,0,0,0,0,0,0,0,0,0,0,0,0,0,1,2,3,4,5,6,6,6,6,6,6,5,5,5,5,5,5,4,4,4,4]}},{"type":"Feature","geometry":{"type":"Polygon","coordinates":[[[75.79021,26.94044],[75.79056,26.94044],[75.79056,26.94013],[75.79021,26.94013],[75.79021,26.94044]]]},"properties":{"d":[0,0,0,0,0,0,0,0,0,0,0,0,0,0,0,0,2,3,8,11,12,12,11,10,9,9,8,7,7,6,6,6,5,5,5,5,5]}},{"type":"Feature","geometry":{"type":"Polygon","coordinates":[[[75.79056,26.94044],[75.7909,26.94044],[75.7909,26.94013],[75.79056,26.94013],[75.79056,26.94044]]]},"properties":{"d":[0,0,0,0,0,0,0,0,0,0,0,0,0,0,0,0,1,1,4,5,5,4,4,3,2,1,1,1,0,0,0,0,0,0,0,0,0]}},{"type":"Feature","geometry":{"type":"Polygon","coordinates":[[[75.79674,26.94044],[75.79708,26.94044],[75.79708,26.94013],[75.79674,26.94013],[75.79674,26.94044]]]},"properties":{"d":[0,0,0,0,0,0,0,0,0,0,0,0,0,0,0,0,1,2,4,5,5,6,6,6,6,6,6,5,5,5,5,5,5,4,4,4,4]}},{"type":"Feature","geometry":{"type":"Polygon","coordinates":[[[75.79708,26.94044],[75.79742,26.94044],[75.79742,26.94013],[75.79708,26.94013],[75.79708,26.94044]]]},"properties":{"d":[0,0,0,0,0,0,0,0,0,0,0,0,0,0,0,0,1,3,4,5,5,6,6,6,6,6,6,5,5,5,5,5,5,4,4,4,4]}},{"type":"Feature","geometry":{"type":"Polygon","coordinates":[[[75.79056,26.94013],[75.7909,26.94013],[75.7909,26.93982],[75.79056,26.93982],[75.79056,26.94013]]]},"properties":{"d":[0,0,0,0,0,0,0,0,0,0,0,0,0,0,0,1,4,10,13,13,13,12,11,10,9,8,8,8,7,7,7,7,6,6,6,6,6]}},{"type":"Feature","geometry":{"type":"Polygon","coordinates":[[[75.7909,26.94013],[75.79124,26.94013],[75.79124,26.93982],[75.7909,26.93982],[75.7909,26.94013]]]},"properties":{"d":[0,0,0,0,0,0,0,0,0,0,0,0,0,0,0,0,2,3,3,3,2,2,1,1,0,0,0,0,0,0,0,0,0,0,0,0,0]}},{"type":"Feature","geometry":{"type":"Polygon","coordinates":[[[75.79708,26.94013],[75.79742,26.94013],[75.79742,26.93982],[75.79708,26.93982],[75.79708,26.94013]]]},"properties":{"d":[0,0,0,0,0,0,0,0,0,0,0,0,0,0,0,0,1,3,5,5,6,6,6,6,6,6,6,5,5,5,5,5,5,4,4,4,4]}},{"type":"Feature","geometry":{"type":"Polygon","coordinates":[[[75.7909,26.93982],[75.79124,26.93982],[75.79124,26.93952],[75.7909,26.93952],[75.7909,26.93982]]]},"properties":{"d":[0,0,0,0,0,0,0,0,0,0,0,0,0,0,0,1,3,3,3,2,2,2,1,1,0,0,0,0,0,0,0,0,0,0,0,0,0]}},{"type":"Feature","geometry":{"type":"Polygon","coordinates":[[[75.79708,26.93982],[75.79742,26.93982],[75.79742,26.93952],[75.79708,26.93952],[75.79708,26.93982]]]},"properties":{"d":[0,0,0,0,0,0,0,0,0,0,0,0,0,0,0,0,1,2,3,3,3,2,2,1,1,1,0,0,0,0,0,0,0,0,0,0,0]}},{"type":"Feature","geometry":{"type":"Polygon","coordinates":[[[75.7679,26.93952],[75.76824,26.93952],[75.76824,26.93921],[75.7679,26.93921],[75.7679,26.93952]]]},"properties":{"d":[0,0,0,0,0,0,0,0,0,0,0,0,0,0,0,0,0,1,2,4,5,6,6,6,5,5,5,5,5,4,4,4,4,4,3,3,3]}},{"type":"Feature","geometry":{"type":"Polygon","coordinates":[[[75.78266,26.93952],[75.783,26.93952],[75.783,26.93921],[75.78266,26.93921],[75.78266,26.93952]]]},"properties":{"d":[0,0,0,0,0,0,0,0,0,0,0,0,0,0,0,0,2,4,3,3,2,2,2,1,0,0,0,0,0,0,0,0,0,0,0,0,0]}},{"type":"Feature","geometry":{"type":"Polygon","coordinates":[[[75.783,26.93952],[75.78335,26.93952],[75.78335,26.93921],[75.783,26.93921],[75.783,26.93952]]]},"properties":{"d":[0,0,0,0,0,0,0,0,0,0,0,0,0,0,0,0,2,2,2,2,2,1,1,0,0,0,0,0,0,0,0,0,0,0,0,0,0]}},{"type":"Feature","geometry":{"type":"Polygon","coordinates":[[[75.79742,26.93952],[75.79777,26.93952],[75.79777,26.93921],[75.79742,26.93921],[75.79742,26.93952]]]},"properties":{"d":[0,0,0,0,0,0,0,0,0,0,0,0,0,0,0,0,1,2,2,2,2,2,1,1,1,0,0,0,0,0,0,0,0,0,0,0,0]}},{"type":"Feature","geometry":{"type":"Polygon","coordinates":[[[75.80532,26.93952],[75.80566,26.93952],[75.80566,26.93921],[75.80532,26.93921],[75.80532,26.93952]]]},"properties":{"d":[0,0,0,0,0,0,0,0,0,0,0,0,0,0,0,0,1,2,3,3,2,2,1,1,1,0,0,0,0,0,0,0,0,0,0,0,0]}},{"type":"Feature","geometry":{"type":"Polygon","coordinates":[[[75.80566,26.93952],[75.80601,26.93952],[75.80601,26.93921],[75.80566,26.93921],[75.80566,26.93952]]]},"properties":{"d":[0,0,0,0,0,0,0,0,0,0,0,0,0,0,0,0,1,2,2,2,2,1,1,0,0,0,0,0,0,0,0,0,0,0,0,0,0]}},{"type":"Feature","geometry":{"type":"Polygon","coordinates":[[[75.78266,26.93921],[75.783,26.93921],[75.783,26.9389],[75.78266,26.9389],[75.78266,26.93921]]]},"properties":{"d":[0,0,0,0,0,0,0,0,0,0,0,0,0,0,0,0,4,7,8,7,6,6,5,4,3,2,1,1,0,0,0,0,0,0,0,0,0]}},{"type":"Feature","geometry":{"type":"Polygon","coordinates":[[[75.783,26.93921],[75.78335,26.93921],[75.78335,26.9389],[75.783,26.9389],[75.783,26.93921]]]},"properties":{"d":[0,0,0,0,0,0,0,0,0,0,0,0,0,0,0,0,2,3,2,2,2,1,1,0,0,0,0,0,0,0,0,0,0,0,0,0,0]}},{"type":"Feature","geometry":{"type":"Polygon","coordinates":[[[75.80532,26.93921],[75.80566,26.93921],[75.80566,26.9389],[75.80532,26.9389],[75.80532,26.93921]]]},"properties":{"d":[0,0,0,0,0,0,0,0,0,0,0,0,0,0,0,0,1,2,4,5,6,6,6,6,5,5,5,5,4,4,4,4,4,3,3,3,3]}},{"type":"Feature","geometry":{"type":"Polygon","coordinates":[[[75.78266,26.9389],[75.783,26.9389],[75.783,26.9386],[75.78266,26.9386],[75.78266,26.9389]]]},"properties":{"d":[0,0,0,0,0,0,0,0,0,0,0,0,0,0,0,0,4,11,15,15,15,15,14,13,12,11,10,10,9,9,9,8,8,8,8,8,7]}},{"type":"Feature","geometry":{"type":"Polygon","coordinates":[[[75.783,26.9389],[75.78335,26.9389],[75.78335,26.9386],[75.783,26.9386],[75.783,26.9389]]]},"properties":{"d":[0,0,0,0,0,0,0,0,0,0,0,0,0,0,0,0,2,3,3,3,3,2,2,1,1,0,0,0,0,0,0,0,0,0,0,0,0]}},{"type":"Feature","geometry":{"type":"Polygon","coordinates":[[[75.80498,26.9389],[75.80532,26.9389],[75.80532,26.9386],[75.80498,26.9386],[75.80498,26.9389]]]},"properties":{"d":[0,0,0,0,0,0,0,0,0,0,0,0,0,0,0,0,1,2,3,5,6,6,6,6,5,5,5,5,4,4,4,4,4,3,3,3,3]}},{"type":"Feature","geometry":{"type":"Polygon","coordinates":[[[75.80532,26.9389],[75.80566,26.9389],[75.80566,26.9386],[75.80532,26.9386],[75.80532,26.9389]]]},"properties":{"d":[0,0,0,0,0,0,0,0,0,0,0,0,0,0,0,0,1,2,3,5,6,6,6,6,5,5,5,5,4,4,4,4,4,3,3,3,3]}},{"type":"Feature","geometry":{"type":"Polygon","coordinates":[[[75.78266,26.9386],[75.783,26.9386],[75.783,26.93829],[75.78266,26.93829],[75.78266,26.9386]]]},"properties":{"d":[0,0,0,0,0,0,0,0,0,0,0,0,0,0,0,0,3,10,15,15,15,14,14,13,12,11,10,10,9,9,9,8,8,8,8,8,7]}},{"type":"Feature","geometry":{"type":"Polygon","coordinates":[[[75.783,26.9386],[75.78335,26.9386],[75.78335,26.93829],[75.783,26.93829],[75.783,26.9386]]]},"properties":{"d":[0,0,0,0,0,0,0,0,0,0,0,0,0,0,0,0,1,2,5,6,5,5,5,4,3,2,2,1,1,1,1,0,0,0,0,0,0]}},{"type":"Feature","geometry":{"type":"Polygon","coordinates":[[[75.783,26.93829],[75.78335,26.93829],[75.78335,26.93799],[75.783,26.93799],[75.783,26.93829]]]},"properties":{"d":[0,0,0,0,0,0,0,0,0,0,0,0,0,0,0,0,1,2,4,6,5,5,4,4,3,2,2,1,1,1,1,0,0,0,0,0,0]}},{"type":"Feature","geometry":{"type":"Polygon","coordinates":[[[75.79845,26.93829],[75.7988,26.93829],[75.7988,26.93799],[75.79845,26.93799],[75.79845,26.93829]]]},"properties":{"d":[0,0,0,0,0,0,0,0,0,0,0,0,0,0,0,0,0,1,2,2,2,1,1,1,0,0,0,0,0,0,0,0,0,0,0,0,0]}},{"type":"Feature","geometry":{"type":"Polygon","coordinates":[[[75.76824,26.93799],[75.76859,26.93799],[75.76859,26.93768],[75.76824,26.93768],[75.76824,26.93799]]]},"properties":{"d":[0,0,0,0,0,0,0,0,0,0,0,0,0,0,0,0,0,1,1,2,2,2,2,1,1,1,0,0,0,0,0,0,0,0,0,0,0]}},{"type":"Feature","geometry":{"type":"Polygon","coordinates":[[[75.783,26.93799],[75.78335,26.93799],[75.78335,26.93768],[75.783,26.93768],[75.783,26.93799]]]},"properties":{"d":[0,0,0,0,0,0,0,0,0,0,0,0,0,0,0,0,1,3,4,6,6,5,5,4,4,3,2,2,1,1,1,1,0,0,0,0,0]}},{"type":"Feature","geometry":{"type":"Polygon","coordinates":[[[75.79845,26.93799],[75.7988,26.93799],[75.7988,26.93768],[75.79845,26.93768],[75.79845,26.93799]]]},"properties":{"d":[0,0,0,0,0,0,0,0,0,0,0,0,0,0,0,0,1,2,2,2,2,2,1,1,0,0,0,0,0,0,0,0,0,0,0,0,0]}},{"type":"Feature","geometry":{"type":"Polygon","coordinates":[[[75.783,26.93768],[75.78335,26.93768],[75.78335,26.93737],[75.783,26.93737],[75.783,26.93768]]]},"properties":{"d":[0,0,0,0,0,0,0,0,0,0,0,0,0,0,0,0,0,1,2,3,3,3,2,2,2,1,1,1,1,0,0,0,0,0,0,0,0]}},{"type":"Feature","geometry":{"type":"Polygon","coordinates":[[[75.78335,26.93768],[75.78369,26.93768],[75.78369,26.93737],[75.78335,26.93737],[75.78335,26.93768]]]},"properties":{"d":[0,0,0,0,0,0,0,0,0,0,0,0,0,0,0,0,1,1,2,2,2,2,2,2,1,1,1,1,1,0,0,0,0,0,0,0,0]}},{"type":"Feature","geometry":{"type":"Polygon","coordinates":[[[75.79845,26.93768],[75.7988,26.93768],[75.7988,26.93737],[75.79845,26.93737],[75.79845,26.93768]]]},"properties":{"d":[0,0,0,0,0,0,0,0,0,0,0,0,0,0,0,1,1,2,3,3,2,2,1,1,1,0,0,0,0,0,0,0,0,0,0,0,0]}},{"type":"Feature","geometry":{"type":"Polygon","coordinates":[[[75.78335,26.93737],[75.78369,26.93737],[75.78369,26.93707],[75.78335,26.93707],[75.78335,26.93737]]]},"properties":{"d":[0,0,0,0,0,0,0,0,0,0,0,0,0,0,0,0,0,1,2,2,3,3,2,2,2,1,1,1,1,0,0,0,0,0,0,0,0]}},{"type":"Feature","geometry":{"type":"Polygon","coordinates":[[[75.79639,26.93737],[75.79674,26.93737],[75.79674,26.93707],[75.79639,26.93707],[75.79639,26.93737]]]},"properties":{"d":[0,0,0,0,0,0,0,0,0,0,0,0,0,0,0,1,2,2,3,3,2,2,1,1,0,0,0,0,0,0,0,0,0,0,0,0,0]}},{"type":"Feature","geometry":{"type":"Polygon","coordinates":[[[75.79845,26.93737],[75.7988,26.93737],[75.7988,26.93707],[75.79845,26.93707],[75.79845,26.93737]]]},"properties":{"d":[0,0,0,0,0,0,0,0,0,0,0,0,0,0,0,0,1,2,2,3,2,2,2,1,1,0,0,0,0,0,0,0,0,0,0,0,0]}},{"type":"Feature","geometry":{"type":"Polygon","coordinates":[[[75.77785,26.93707],[75.7782,26.93707],[75.7782,26.93676],[75.77785,26.93676],[75.77785,26.93707]]]},"properties":{"d":[0,0,0,0,0,0,0,0,0,0,0,0,0,0,0,0,1,2,2,2,1,1,0,0,0,0,0,0,0,0,0,0,0,0,0,0,0]}},{"type":"Feature","geometry":{"type":"Polygon","coordinates":[[[75.78335,26.93707],[75.78369,26.93707],[75.78369,26.93676],[75.78335,26.93676],[75.78335,26.93707]]]},"properties":{"d":[0,0,0,0,0,0,0,0,0,0,0,0,0,0,0,0,0,0,1,3,3,3,3,3,2,2,2,1,1,1,0,0,0,0,0,0,0]}},{"type":"Feature","geometry":{"type":"Polygon","coordinates":[[[75.78712,26.93707],[75.78747,26.93707],[75.78747,26.93676],[75.78712,26.93676],[75.78712,26.93707]]]},"properties":{"d":[0,0,0,0,0,0,0,0,0,0,0,0,0,0,0,0,0,2,2,2,2,1,1,0,0,0,0,0,0,0,0,0,0,0,0,0,0]}},{"type":"Feature","geometry":{"type":"Polygon","coordinates":[[[75.79639,26.93707],[75.79674,26.93707],[75.79674,26.93676],[75.79639,26.93676],[75.79639,26.93707]]]},"properties":{"d":[0,0,0,0,0,0,0,0,0,0,0,0,0,0,0,1,2,2,3,3,3,2,2,1,1,0,0,0,0,0,0,0,0,0,0,0,0]}},{"type":"Feature","geometry":{"type":"Polygon","coordinates":[[[75.79674,26.93707],[75.79708,26.93707],[75.79708,26.93676],[75.79674,26.93676],[75.79674,26.93707]]]},"properties":{"d":[0,0,0,0,0,0,0,0,0,0,0,0,0,0,0,1,2,4,5,6,6,6,5,4,4,3,3,2,2,2,1,1,1,1,1,1,0]}},{"type":"Feature","geometry":{"type":"Polygon","coordinates":[[[75.79708,26.93707],[75.79742,26.93707],[75.79742,26.93676],[75.79708,26.93676],[75.79708,26.93707]]]},"properties":{"d":[0,0,0,0,0,0,0,0,0,0,0,0,0,0,0,0,1,3,4,5,5,5,4,4,3,3,3,2,2,2,1,1,1,1,1,1,0]}},{"type":"Feature","geometry":{"type":"Polygon","coordinates":[[[75.79845,26.93707],[75.7988,26.93707],[75.7988,26.93676],[75.79845,26.93676],[75.79845,26.93707]]]},"properties":{"d":[0,0,0,0,0,0,0,0,0,0,0,0,0,0,0,0,0,1,2,2,2,2,1,1,1,0,0,0,0,0,0,0,0,0,0,0,0]}},{"type":"Feature","geometry":{"type":"Polygon","coordinates":[[[75.80257,26.93707],[75.80292,26.93707],[75.80292,26.93676],[75.80257,26.93676],[75.80257,26.93707]]]},"properties":{"d":[0,0,0,0,0,0,0,0,0,0,0,0,0,0,0,0,4,5,5,5,4,3,3,2,1,1,1,0,0,0,0,0,0,0,0,0,0]}},{"type":"Feature","geometry":{"type":"Polygon","coordinates":[[[75.80292,26.93707],[75.80326,26.93707],[75.80326,26.93676],[75.80292,26.93676],[75.80292,26.93707]]]},"properties":{"d":[0,0,0,0,0,0,0,0,0,0,0,0,0,0,0,0,2,3,4,4,3,3,2,1,1,1,0,0,0,0,0,0,0,0,0,0,0]}},{"type":"Feature","geometry":{"type":"Polygon","coordinates":[[[75.77751,26.93676],[75.77785,26.93676],[75.77785,26.93646],[75.77751,26.93646],[75.77751,26.93676]]]},"properties":{"d":[0,0,0,0,0,0,0,0,0,0,0,0,0,0,0,0,1,5,12,17,18,19,19,19,19,19,18,18,18,18,18,18,17,17,17,17,17]}},{"type":"Feature","geometry":{"type":"Polygon","coordinates":[[[75.77785,26.93676],[75.7782,26.93676],[75.7782,26.93646],[75.77785,26.93646],[75.77785,26.93676]]]},"properties":{"d":[0,0,0,0,0,0,0,0,0,0,0,0,0,0,0,0,5,24,33,38,39,40,40,40,40,39,39,39,39,39,39,38,38,38,38,38,38]}},{"type":"Feature","geometry":{"type":"Polygon","coordinates":[[[75.7782,26.93676],[75.77854,26.93676],[75.77854,26.93646],[75.7782,26.93646],[75.7782,26.93676]]]},"properties":{"d":[0,0,0,0,0,0,0,0,0,0,0,0,0,0,0,0,1,4,3,3,2,1,1,1,0,0,0,0,0,0,0,0,0,0,0,0,0]}},{"type":"Feature","geometry":{"type":"Polygon","coordinates":[[[75.78335,26.93676],[75.78369,26.93676],[75.78369,26.93646],[75.78335,26.93646],[75.78335,26.93676]]]},"properties":{"d":[0,0,0,0,0,0,0,0,0,0,0,0,0,0,0,1,5,8,20,29,34,39,42,44,45,45,46,46,46,46,46,45,45,45,45,45,44]}},{"type":"Feature","geometry":{"type":"Polygon","coordinates":[[[75.78369,26.93676],[75.78403,26.93676],[75.78403,26.93646],[75.78369,26.93646],[75.78369,26.93676]]]},"properties":{"d":[0,0,0,0,0,0,0,0,0,0,0,0,0,0,0,1,3,4,5,7,14,18,21,23,24,24,24,25,25,24,24,24,24,24,24,23,23]}},{"type":"Feature","geometry":{"type":"Polygon","coordinates":[[[75.78712,26.93676],[75.78747,26.93676],[75.78747,26.93646],[75.78712,26.93646],[75.78712,26.93676]]]},"properties":{"d":[0,0,0,0,0,0,0,0,0,0,0,0,0,0,0,0,1,3,2,2,2,1,1,0,0,0,0,0,0,0,0,0,0,0,0,0,0]}},{"type":"Feature","geometry":{"type":"Polygon","coordinates":[[[75.79365,26.93676],[75.79399,26.93676],[75.79399,26.93646],[75.79365,26.93646],[75.79365,26.93676]]]},"properties":{"d":[0,0,0,0,0,0,0,0,0,0,0,0,0,0,0,0,2,2,2,2,2,1,1,1,0,0,0,0,0,0,0,0,0,0,0,0,0]}},{"type":"Feature","geometry":{"type":"Polygon","coordinates":[[[75.79708,26.93676],[75.79742,26.93676],[75.79742,26.93646],[75.79708,26.93646],[75.79708,26.93676]]]},"properties":{"d":[0,0,0,0,0,0,0,0,0,0,0,0,0,0,0,0,1,1,1,2,2,2,2,1,1,1,1,0,0,0,0,0,0,0,0,0,0]}},{"type":"Feature","geometry":{"type":"Polygon","coordinates":[[[75.79742,26.93676],[75.79777,26.93676],[75.79777,26.93646],[75.79742,26.93646],[75.79742,26.93676]]]},"properties":{"d":[0,0,0,0,0,0,0,0,0,0,0,0,0,0,0,0,1,1,1,2,2,2,2,1,1,1,1,0,0,0,0,0,0,0,0,0,0]}},{"type":"Feature","geometry":{"type":"Polygon","coordinates":[[[75.79845,26.93676],[75.7988,26.93676],[75.7988,26.93646],[75.79845,26.93646],[75.79845,26.93676]]]},"properties":{"d":[0,0,0,0,0,0,0,0,0,0,0,0,0,0,0,0,0,1,2,3,3,2,2,1,1,0,0,0,0,0,0,0,0,0,0,0,0]}},{"type":"Feature","geometry":{"type":"Polygon","coordinates":[[[75.80292,26.93676],[75.80326,26.93676],[75.80326,26.93646],[75.80292,26.93646],[75.80292,26.93676]]]},"properties":{"d":[0,0,0,0,0,0,0,0,0,0,0,0,0,0,0,0,1,4,5,5,5,4,3,3,2,1,1,1,0,0,0,0,0,0,0,0,0]}},{"type":"Feature","geometry":{"type":"Polygon","coordinates":[[[75.77717,26.93646],[75.77751,26.93646],[75.77751,26.93615],[75.77717,26.93615],[75.77717,26.93646]]]},"properties":{"d":[0,0,0,0,0,0,0,0,0,0,0,0,0,0,0,0,1,3,2,2,1,1,1,0,0,0,0,0,0,0,0,0,0,0,0,0,0]}},{"type":"Feature","geometry":{"type":"Polygon","coordinates":[[[75.77751,26.93646],[75.77785,26.93646],[75.77785,26.93615],[75.77751,26.93615],[75.77751,26.93646]]]},"properties":{"d":[0,0,0,0,0,0,0,0,0,0,0,0,0,0,0,0,1,5,11,15,17,18,18,18,17,17,17,17,17,17,16,16,16,16,16,15,15]}},{"type":"Feature","geometry":{"type":"Polygon","coordinates":[[[75.77785,26.93646],[75.7782,26.93646],[75.7782,26.93615],[75.77785,26.93615],[75.77785,26.93646]]]},"properties":{"d":[0,0,0,0,0,0,0,0,0,0,0,0,0,0,0,0,0,1,1,1,3,4,4,4,4,4,4,3,3,3,3,3,3,2,2,2,2]}},{"type":"Feature","geometry":{"type":"Polygon","coordinates":[[[75.783,26.93646],[75.78335,26.93646],[75.78335,26.93615],[75.783,26.93615],[75.783,26.93646]]]},"properties":{"d":[0,0,0,0,0,0,0,0,0,0,0,0,0,0,0,0,0,3,5,8,14,19,22,23,24,25,25,25,25,25,25,25,25,25,24,24,24]}},{"type":"Feature","geometry":{"type":"Polygon","coordinates":[[[75.78335,26.93646],[75.78369,26.93646],[75.78369,26.93615],[75.78335,26.93615],[75.78335,26.93646]]]},"properties":{"d":[0,0,0,0,0,0,0,0,0,0,0,0,0,0,0,1,15,31,45,54,60,64,67,69,70,70,71,71,71,71,71,70,70,70,70,70,69]}},{"type":"Feature","geometry":{"type":"Polygon","coordinates":[[[75.78369,26.93646],[75.78403,26.93646],[75.78403,26.93615],[75.78369,26.93615],[75.78369,26.93646]]]},"properties":{"d":[0,0,0,0,0,0,0,0,0,0,0,0,0,0,0,1,1,2,2,2,2,2,2,2,3,3,4,4,4,4,4,3,3,3,3,3,2]}},{"type":"Feature","geometry":{"type":"Polygon","coordinates":[[[75.79365,26.93646],[75.79399,26.93646],[75.79399,26.93615],[75.79365,26.93615],[75.79365,26.93646]]]},"properties":{"d":[0,0,0,0,0,0,0,0,0,0,0,0,0,0,0,0,1,2,2,2,2,1,1,1,0,0,0,0,0,0,0,0,0,0,0,0,0]}},{"type":"Feature","geometry":{"type":"Polygon","coordinates":[[[75.79845,26.93646],[75.7988,26.93646],[75.7988,26.93615],[75.79845,26.93615],[75.79845,26.93646]]]},"properties":{"d":[0,0,0,0,0,0,0,0,0,0,0,0,0,0,0,1,5,5,7,8,9,9,9,8,7,7,6,6,5,5,4,4,4,3,3,3,2]}},{"type":"Feature","geometry":{"type":"Polygon","coordinates":[[[75.7988,26.93646],[75.79914,26.93646],[75.79914,26.93615],[75.7988,26.93615],[75.7988,26.93646]]]},"properties":{"d":[0,0,0,0,0,0,0,0,0,0,0,0,0,0,0,0,2,2,1,1,1,1,0,0,0,0,0,0,0,0,0,0,0,0,0,0,0]}},{"type":"Feature","geometry":{"type":"Polygon","coordinates":[[[75.80292,26.93646],[75.80326,26.93646],[75.80326,26.93615],[75.80292,26.93615],[75.80292,26.93646]]]},"properties":{"d":[0,0,0,0,0,0,0,0,0,0,0,0,0,0,0,0,0,1,2,3,2,2,2,1,1,1,0,0,0,0,0,0,0,0,0,0,0]}},{"type":"Feature","geometry":{"type":"Polygon","coordinates":[[[75.80326,26.93646],[75.8036,26.93646],[75.8036,26.93615],[75.80326,26.93615],[75.80326,26.93646]]]},"properties":{"d":[0,0,0,0,0,0,0,0,0,0,0,0,0,0,0,0,1,1,2,3,3,2,2,1,1,1,0,0,0,0,0,0,0,0,0,0,0]}},{"type":"Feature","geometry":{"type":"Polygon","coordinates":[[[75.77717,26.93615],[75.77751,26.93615],[75.77751,26.93584],[75.77717,26.93584],[75.77717,26.93615]]]},"properties":{"d":[0,0,0,0,0,0,0,0,0,0,0,0,0,0,0,0,1,2,2,2,1,1,0,0,0,0,0,0,0,0,0,0,0,0,0,0,0]}},{"type":"Feature","geometry":{"type":"Polygon","coordinates":[[[75.78266,26.93615],[75.783,26.93615],[75.783,26.93584],[75.78266,26.93584],[75.78266,26.93615]]]},"properties":{"d":[0,0,0,0,0,0,0,0,0,0,0,0,0,0,0,0,2,3,3,2,2,2,1,1,0,0,0,0,0,0,0,0,0,0,0,0,0]}},{"type":"Feature","geometry":{"type":"Polygon","coordinates":[[[75.783,26.93615],[75.78335,26.93615],[75.78335,26.93584],[75.783,26.93584],[75.783,26.93615]]]},"properties":{"d":[0,0,0,0,0,0,0,0,0,0,0,0,0,0,0,1,8,14,15,17,22,26,30,31,32,33,33,33,33,33,33,33,32,32,32,32,32]}},{"type":"Feature","geometry":{"type":"Polygon","coordinates":[[[75.79124,26.93615],[75.79159,26.93615],[75.79159,26.93584],[75.79124,26.93584],[75.79124,26.93615]]]},"properties":{"d":[0,0,0,0,0,0,0,0,0,0,0,0,0,0,0,0,1,2,2,2,2,1,1,1,0,0,0,0,0,0,0,0,0,0,0,0,0]}},{"type":"Feature","geometry":{"type":"Polygon","coordinates":[[[75.79811,26.93615],[75.79845,26.93615],[75.79845,26.93584],[75.79811,26.93584],[75.79811,26.93615]]]},"properties":{"d":[0,0,0,0,0,0,0,0,0,0,0,0,0,0,0,1,2,3,5,6,7,8,8,8,7,7,6,6,5,5,4,4,4,3,3,3,2]}},{"type":"Feature","geometry":{"type":"Polygon","coordinates":[[[75.79845,26.93615],[75.7988,26.93615],[75.7988,26.93584],[75.79845,26.93584],[75.79845,26.93615]]]},"properties":{"d":[0,0,0,0,0,0,0,0,0,0,0,0,0,0,0,0,2,4,5,6,7,8,8,8,7,7,6,6,5,5,4,4,4,3,3,3,2]}},{"type":"Feature","geometry":{"type":"Polygon","coordinates":[[[75.7988,26.93615],[75.79914,26.93615],[75.79914,26.93584],[75.7988,26.93584],[75.7988,26.93615]]]},"properties":{"d":[0,0,0,0,0,0,0,0,0,0,0,0,0,0,0,1,2,4,5,6,7,8,8,8,7,7,6,6,5,5,4,4,4,3,3,3,2]}},{"type":"Feature","geometry":{"type":"Polygon","coordinates":[[[75.80326,26.93615],[75.8036,26.93615],[75.8036,26.93584],[75.80326,26.93584],[75.80326,26.93615]]]},"properties":{"d":[0,0,0,0,0,0,0,0,0,0,0,0,0,0,0,0,0,1,2,2,2,2,2,1,1,1,0,0,0,0,0,0,0,0,0,0,0]}},{"type":"Feature","geometry":{"type":"Polygon","coordinates":[[[75.78266,26.93584],[75.783,26.93584],[75.783,26.93554],[75.78266,26.93554],[75.78266,26.93584]]]},"properties":{"d":[0,0,0,0,0,0,0,0,0,0,0,0,0,0,0,0,2,3,3,3,2,1,1,0,0,0,0,0,0,0,0,0,0,0,0,0,0]}},{"type":"Feature","geometry":{"type":"Polygon","coordinates":[[[75.78678,26.93584],[75.78712,26.93584],[75.78712,26.93554],[75.78678,26.93554],[75.78678,26.93584]]]},"properties":{"d":[0,0,0,0,0,0,0,0,0,0,0,0,0,0,0,0,4,2,3,2,2,2,1,1,0,0,0,0,0,0,0,0,0,0,0,0,0]}},{"type":"Feature","geometry":{"type":"Polygon","coordinates":[[[75.79811,26.93584],[75.79845,26.93584],[75.79845,26.93554],[75.79811,26.93554],[75.79811,26.93584]]]},"properties":{"d":[0,0,0,0,0,0,0,0,0,0,0,0,0,0,0,1,1,3,5,6,7,8,8,8,7,7,6,6,5,5,4,4,4,3,3,3,2]}},{"type":"Feature","geometry":{"type":"Polygon","coordinates":[[[75.79845,26.93584],[75.7988,26.93584],[75.7988,26.93554],[75.79845,26.93554],[75.79845,26.93584]]]},"properties":{"d":[0,0,0,0,0,0,0,0,0,0,0,0,0,0,0,0,1,3,5,6,7,8,8,8,7,7,6,6,5,5,4,4,4,3,3,3,2]}},{"type":"Feature","geometry":{"type":"Polygon","coordinates":[[[75.7988,26.93584],[75.79914,26.93584],[75.79914,26.93554],[75.7988,26.93554],[75.7988,26.93584]]]},"properties":{"d":[0,0,0,0,0,0,0,0,0,0,0,0,0,0,0,1,2,4,5,6,7,8,8,8,7,7,6,6,5,5,4,4,4,3,3,3,2]}},{"type":"Feature","geometry":{"type":"Polygon","coordinates":[[[75.78026,26.93554],[75.7806,26.93554],[75.7806,26.93523],[75.78026,26.93523],[75.78026,26.93554]]]},"properties":{"d":[0,0,0,0,0,0,0,0,0,0,0,0,0,0,0,0,5,11,17,20,22,23,23,23,23,23,23,23,22,22,22,22,22,22,21,21,21]}},{"type":"Feature","geometry":{"type":"Polygon","coordinates":[[[75.7806,26.93554],[75.78094,26.93554],[75.78094,26.93523],[75.7806,26.93523],[75.7806,26.93554]]]},"properties":{"d":[0,0,0,0,0,0,0,0,0,0,0,0,0,0,0,1,7,12,18,21,23,24,24,24,24,24,24,24,23,23,23,23,23,22,22,22,22]}},{"type":"Feature","geometry":{"type":"Polygon","coordinates":[[[75.78094,26.93554],[75.78129,26.93554],[75.78129,26.93523],[75.78094,26.93523],[75.78094,26.93554]]]},"properties":{"d":[0,0,0,0,0,0,0,0,0,0,0,0,0,0,0,1,2,3,2,2,2,1,1,0,0,0,0,0,0,0,0,0,0,0,0,0,0]}},{"type":"Feature","geometry":{"type":"Polygon","coordinates":[[[75.78609,26.93554],[75.78644,26.93554],[75.78644,26.93523],[75.78609,26.93523],[75.78609,26.93554]]]},"properties":{"d":[0,0,0,0,0,0,0,0,0,0,0,0,0,0,0,0,1,2,3,3,2,2,2,1,1,0,0,0,0,0,0,0,0,0,0,0,0]}},{"type":"Feature","geometry":{"type":"Polygon","coordinates":[[[75.78644,26.93554],[75.78678,26.93554],[75.78678,26.93523],[75.78644,26.93523],[75.78644,26.93554]]]},"properties":{"d":[0,0,0,0,0,0,0,0,0,0,0,0,0,0,0,1,4,4,4,4,3,3,3,2,1,1,0,0,0,0,0,0,0,0,0,0,0]}},{"type":"Feature","geometry":{"type":"Polygon","coordinates":[[[75.78678,26.93554],[75.78712,26.93554],[75.78712,26.93523],[75.78678,26.93523],[75.78678,26.93554]]]},"properties":{"d":[0,0,0,0,0,0,0,0,0,0,0,0,0,0,0,1,3,3,3,3,2,2,2,1,1,0,0,0,0,0,0,0,0,0,0,0,0]}},{"type":"Feature","geometry":{"type":"Polygon","coordinates":[[[75.79811,26.93554],[75.79845,26.93554],[75.79845,26.93523],[75.79811,26.93523],[75.79811,26.93554]]]},"properties":{"d":[0,0,0,0,0,0,0,0,0,0,0,0,0,0,0,1,1,2,4,5,6,7,8,7,7,6,6,5,5,4,4,4,3,3,3,3,2]}},{"type":"Feature","geometry":{"type":"Polygon","coordinates":[[[75.79845,26.93554],[75.7988,26.93554],[75.7988,26.93523],[75.79845,26.93523],[75.79845,26.93554]]]},"properties":{"d":[0,0,0,0,0,0,0,0,0,0,0,0,0,0,0,1,1,2,4,6,7,7,8,8,7,7,6,5,5,5,4,4,3,3,3,3,2]}},{"type":"Feature","geometry":{"type":"Polygon","coordinates":[[[75.78541,26.93523],[75.78575,26.93523],[75.78575,26.93493],[75.78541,26.93493],[75.78541,26.93523]]]},"properties":{"d":[0,0,0,0,0,0,0,0,0,0,0,0,0,0,0,1,1,1,2,2,2,2,2,1,1,1,0,0,0,0,0,0,0,0,0,0,0]}},{"type":"Feature","geometry":{"type":"Polygon","coordinates":[[[75.78575,26.93523],[75.78609,26.93523],[75.78609,26.93493],[75.78575,26.93493],[75.78575,26.93523]]]},"properties":{"d":[0,0,0,0,0,0,0,0,0,0,0,0,0,0,0,0,1,2,3,3,2,2,2,1,1,1,0,0,0,0,0,0,0,0,0,0,0]}},{"type":"Feature","geometry":{"type":"Polygon","coordinates":[[[75.78609,26.93523],[75.78644,26.93523],[75.78644,26.93493],[75.78609,26.93493],[75.78609,26.93523]]]},"properties":{"d":[0,0,0,0,0,0,0,0,0,0,0,0,0,0,0,0,1,2,2,2,2,2,1,1,1,0,0,0,0,0,0,0,0,0,0,0,0]}},{"type":"Feature","geometry":{"type":"Polygon","coordinates":[[[75.78953,26.93523],[75.78987,26.93523],[75.78987,26.93493],[75.78953,26.93493],[75.78953,26.93523]]]},"properties":{"d":[0,0,0,0,0,0,0,0,0,0,0,0,0,0,0,1,1,2,2,2,2,2,1,1,0,0,0,0,0,0,0,0,0,0,0,0,0]}},{"type":"Feature","geometry":{"type":"Polygon","coordinates":[[[75.78987,26.93523],[75.79021,26.93523],[75.79021,26.93493],[75.78987,26.93493],[75.78987,26.93523]]]},"properties":{"d":[0,0,0,0,0,0,0,0,0,0,0,0,0,0,0,1,3,3,4,4,4,3,3,2,1,1,1,0,0,0,0,0,0,0,0,0,0]}},{"type":"Feature","geometry":{"type":"Polygon","coordinates":[[[75.79811,26.93523],[75.79845,26.93523],[75.79845,26.93493],[75.79811,26.93493],[75.79811,26.93523]]]},"properties":{"d":[0,0,0,0,0,0,0,0,0,0,0,0,0,0,0,1,1,2,3,4,5,6,6,6,6,5,5,5,4,4,3,3,3,3,2,2,2]}},{"type":"Feature","geometry":{"type":"Polygon","coordinates":[[[75.80601,26.93523],[75.80635,26.93523],[75.80635,26.93493],[75.80601,26.93493],[75.80601,26.93523]]]},"properties":{"d":[0,0,0,0,0,0,0,0,0,0,0,0,0,0,0,0,2,3,3,3,3,3,3,2,2,2,2,2,1,1,1,1,1,0,0,0,0]}},{"type":"Feature","geometry":{"type":"Polygon","coordinates":[[[75.80635,26.93523],[75.80669,26.93523],[75.80669,26.93493],[75.80635,26.93493],[75.80635,26.93523]]]},"properties":{"d":[0,0,0,0,0,0,0,0,0,0,0,0,0,0,0,0,1,3,3,3,3,3,3,2,2,2,2,2,1,1,1,1,1,0,0,0,0]}},{"type":"Feature","geometry":{"type":"Polygon","coordinates":[[[75.78541,26.93493],[75.78575,26.93493],[75.78575,26.93462],[75.78541,26.93462],[75.78541,26.93493]]]},"properties":{"d":[0,0,0,0,0,0,0,0,0,0,0,0,0,0,0,0,1,1,2,2,2,2,1,1,1,0,0,0,0,0,0,0,0,0,0,0,0]}},{"type":"Feature","geometry":{"type":"Polygon","coordinates":[[[75.78987,26.93493],[75.79021,26.93493],[75.79021,26.93462],[75.78987,26.93462],[75.78987,26.93493]]]},"properties":{"d":[0,0,0,0,0,0,0,0,0,0,0,0,0,0,0,0,1,2,3,3,3,3,2,2,1,1,1,0,0,0,0,0,0,0,0,0,0]}},{"type":"Feature","geometry":{"type":"Polygon","coordinates":[[[75.79021,26.93493],[75.79056,26.93493],[75.79056,26.93462],[75.79021,26.93462],[75.79021,26.93493]]]},"properties":{"d":[0,0,0,0,0,0,0,0,0,0,0,0,0,0,0,1,3,6,8,9,9,8,8,7,6,6,5,4,4,4,4,3,3,3,3,3,2]}},{"type":"Feature","geometry":{"type":"Polygon","coordinates":[[[75.79056,26.93493],[75.7909,26.93493],[75.7909,26.93462],[75.79056,26.93462],[75.79056,26.93493]]]},"properties":{"d":[0,0,0,0,0,0,0,0,0,0,0,0,0,0,0,1,1,2,3,4,4,4,3,3,2,2,1,1,1,0,0,0,0,0,0,0,0]}},{"type":"Feature","geometry":{"type":"Polygon","coordinates":[[[75.79811,26.93493],[75.79845,26.93493],[75.79845,26.93462],[75.79811,26.93462],[75.79811,26.93493]]]},"properties":{"d":[0,0,0,0,0,0,0,0,0,0,0,0,0,0,0,0,1,1,2,2,3,4,4,4,4,3,3,3,3,2,2,2,2,1,1,1,1]}},{"type":"Feature","geometry":{"type":"Polygon","coordinates":[[[75.80566,26.93493],[75.80601,26.93493],[75.80601,26.93462],[75.80566,26.93462],[75.80566,26.93493]]]},"properties":{"d":[0,0,0,0,0,0,0,0,0,0,0,0,0,0,0,0,1,1,2,3,3,3,3,2,2,2,2,2,1,1,1,1,1,0,0,0,0]}},{"type":"Feature","geometry":{"type":"Polygon","coordinates":[[[75.80601,26.93493],[75.80635,26.93493],[75.80635,26.93462],[75.80601,26.93462],[75.80601,26.93493]]]},"properties":{"d":[0,0,0,0,0,0,0,0,0,0,0,0,0,0,0,0,0,1,2,3,3,3,3,2,2,2,2,2,1,1,1,1,1,0,0,0,0]}},{"type":"Feature","geometry":{"type":"Polygon","coordinates":[[[75.80635,26.93493],[75.80669,26.93493],[75.80669,26.93462],[75.80635,26.93462],[75.80635,26.93493]]]},"properties":{"d":[0,0,0,0,0,0,0,0,0,0,0,0,0,0,0,0,0,2,2,3,3,3,3,2,2,2,2,2,1,1,1,1,1,0,0,0,0]}},{"type":"Feature","geometry":{"type":"Polygon","coordinates":[[[75.77648,26.93462],[75.77682,26.93462],[75.77682,26.93431],[75.77648,26.93431],[75.77648,26.93462]]]},"properties":{"d":[0,0,0,0,0,0,0,0,0,0,0,0,0,0,0,0,1,4,5,5,5,4,4,3,3,3,2,2,2,1,1,1,1,1,0,0,0]}},{"type":"Feature","geometry":{"type":"Polygon","coordinates":[[[75.79056,26.93462],[75.7909,26.93462],[75.7909,26.93431],[75.79056,26.93431],[75.79056,26.93462]]]},"properties":{"d":[0,0,0,0,0,0,0,0,0,0,0,0,0,0,0,1,3,5,9,11,11,11,11,10,9,9,8,8,7,7,7,6,6,6,6,6,5]}},{"type":"Feature","geometry":{"type":"Polygon","coordinates":[[[75.7909,26.93462],[75.79124,26.93462],[75.79124,26.93431],[75.7909,26.93431],[75.7909,26.93462]]]},"properties":{"d":[0,0,0,0,0,0,0,0,0,0,0,0,0,0,0,1,1,1,2,3,3,3,3,2,2,1,1,0,0,0,0,0,0,0,0,0,0]}},{"type":"Feature","geometry":{"type":"Polygon","coordinates":[[[75.79811,26.93462],[75.79845,26.93462],[75.79845,26.93431],[75.79811,26.93431],[75.79811,26.93462]]]},"properties":{"d":[0,0,0,0,0,0,0,0,0,0,0,0,0,0,0,0,1,1,1,1,2,2,2,2,2,2,2,2,2,1,1,1,1,1,1,1,1]}},{"type":"Feature","geometry":{"type":"Polygon","coordinates":[[[75.80566,26.93462],[75.80601,26.93462],[75.80601,26.93431],[75.80566,26.93431],[75.80566,26.93462]]]},"properties":{"d":[0,0,0,0,0,0,0,0,0,0,0,0,0,0,0,0,1,1,1,2,3,3,3,2,2,2,2,2,1,1,1,1,1,0,0,0,0]}},{"type":"Feature","geometry":{"type":"Polygon","coordinates":[[[75.80601,26.93462],[75.80635,26.93462],[75.80635,26.93431],[75.80601,26.93431],[75.80601,26.93462]]]},"properties":{"d":[0,0,0,0,0,0,0,0,0,0,0,0,0,0,0,0,0,1,2,2,3,3,3,2,2,2,2,2,1,1,1,1,1,0,0,0,0]}},{"type":"Feature","geometry":{"type":"Polygon","coordinates":[[[75.80635,26.93462],[75.80669,26.93462],[75.80669,26.93431],[75.80635,26.93431],[75.80635,26.93462]]]},"properties":{"d":[0,0,0,0,0,0,0,0,0,0,0,0,0,0,0,0,0,1,2,2,3,3,2,2,2,2,2,2,1,1,1,1,1,0,0,0,0]}},{"type":"Feature","geometry":{"type":"Polygon","coordinates":[[[75.77374,26.93431],[75.77408,26.93431],[75.77408,26.93401],[75.77374,26.93401],[75.77374,26.93431]]]},"properties":{"d":[0,0,0,0,0,0,0,0,0,0,0,0,0,0,0,0,0,1,2,3,3,2,2,2,1,1,1,0,0,0,0,0,0,0,0,0,0]}},{"type":"Feature","geometry":{"type":"Polygon","coordinates":[[[75.77648,26.93431],[75.77682,26.93431],[75.77682,26.93401],[75.77648,26.93401],[75.77648,26.93431]]]},"properties":{"d":[0,0,0,0,0,0,0,0,0,0,0,0,0,0,0,0,1,3,4,5,5,4,4,3,3,3,2,2,2,1,1,1,1,1,0,0,0]}},{"type":"Feature","geometry":{"type":"Polygon","coordinates":[[[75.78815,26.93431],[75.7885,26.93431],[75.7885,26.93401],[75.78815,26.93401],[75.78815,26.93431]]]},"properties":{"d":[0,0,0,0,0,0,0,0,0,0,0,0,0,0,0,1,3,4,4,4,4,4,3,2,2,1,1,1,0,0,0,0,0,0,0,0,0]}},{"type":"Feature","geometry":{"type":"Polygon","coordinates":[[[75.79056,26.93431],[75.7909,26.93431],[75.7909,26.93401],[75.79056,26.93401],[75.79056,26.93431]]]},"properties":{"d":[0,0,0,0,0,0,0,0,0,0,0,0,0,0,0,0,0,0,1,2,3,3,3,2,2,1,1,1,1,0,0,0,0,0,0,0,0]}},{"type":"Feature","geometry":{"type":"Polygon","coordinates":[[[75.7909,26.93431],[75.79124,26.93431],[75.79124,26.93401],[75.7909,26.93401],[75.7909,26.93431]]]},"properties":{"d":[0,0,0,0,0,0,0,0,0,0,0,0,0,0,0,1,2,2,3,5,6,6,5,4,3,3,2,1,1,1,0,0,0,0,0,0,0]}},{"type":"Feature","geometry":{"type":"Polygon","coordinates":[[[75.79124,26.93431],[75.79159,26.93431],[75.79159,26.93401],[75.79124,26.93401],[75.79124,26.93431]]]},"properties":{"d":[0,0,0,0,0,0,0,0,0,0,0,0,0,0,0,1,1,1,2,2,2,2,2,1,1,0,0,0,0,0,0,0,0,0,0,0,0]}},{"type":"Feature","geometry":{"type":"Polygon","coordinates":[[[75.79159,26.93431],[75.79193,26.93431],[75.79193,26.93401],[75.79159,26.93401],[75.79159,26.93431]]]},"properties":{"d":[0,0,0,0,0,0,0,0,0,0,0,0,0,0,0,0,1,1,2,2,2,2,1,1,1,0,0,0,0,0,0,0,0,0,0,0,0]}},{"type":"Feature","geometry":{"type":"Polygon","coordinates":[[[75.79193,26.93431],[75.79227,26.93431],[75.79227,26.93401],[75.79193,26.93401],[75.79193,26.93431]]]},"properties":{"d":[0,0,0,0,0,0,0,0,0,0,0,0,0,0,0,0,1,2,3,2,2,2,2,1,1,0,0,0,0,0,0,0,0,0,0,0,0]}},{"type":"Feature","geometry":{"type":"Polygon","coordinates":[[[75.79227,26.93431],[75.79262,26.93431],[75.79262,26.93401],[75.79227,26.93401],[75.79227,26.93431]]]},"properties":{"d":[0,0,0,0,0,0,0,0,0,0,0,0,0,0,0,1,1,2,2,2,2,2,1,1,0,0,0,0,0,0,0,0,0,0,0,0,0]}},{"type":"Feature","geometry":{"type":"Polygon","coordinates":[[[75.80635,26.93431],[75.80669,26.93431],[75.80669,26.93401],[75.80635,26.93401],[75.80635,26.93431]]]},"properties":{"d":[0,0,0,0,0,0,0,0,0,0,0,0,0,0,0,0,0,1,1,2,2,2,2,2,2,2,2,2,1,1,1,1,1,0,0,0,0]}},{"type":"Feature","geometry":{"type":"Polygon","coordinates":[[[75.80669,26.93431],[75.80704,26.93431],[75.80704,26.93401],[75.80669,26.93401],[75.80669,26.93431]]]},"properties":{"d":[0,0,0,0,0,0,0,0,0,0,0,0,0,0,0,0,0,1,1,2,2,2,2,2,2,2,2,2,1,1,1,1,1,0,0,0,0]}},{"type":"Feature","geometry":{"type":"Polygon","coordinates":[[[75.77648,26.93401],[75.77682,26.93401],[75.77682,26.9337],[75.77648,26.9337],[75.77648,26.93401]]]},"properties":{"d":[0,0,0,0,0,0,0,0,0,0,0,0,0,0,0,0,1,2,4,4,4,4,4,3,3,2,2,2,1,1,1,1,1,0,0,0,0]}},{"type":"Feature","geometry":{"type":"Polygon","coordinates":[[[75.78815,26.93401],[75.7885,26.93401],[75.7885,26.9337],[75.78815,26.9337],[75.78815,26.93401]]]},"properties":{"d":[0,0,0,0,0,0,0,0,0,0,0,0,0,0,0,1,2,2,3,3,3,3,2,2,1,1,1,0,0,0,0,0,0,0,0,0,0]}},{"type":"Feature","geometry":{"type":"Polygon","coordinates":[[[75.7909,26.93401],[75.79124,26.93401],[75.79124,26.9337],[75.7909,26.9337],[75.7909,26.93401]]]},"properties":{"d":[0,0,0,0,0,0,0,0,0,0,0,0,0,0,0,0,1,2,3,5,5,5,5,4,3,2,2,1,1,1,0,0,0,0,0,0,0]}},{"type":"Feature","geometry":{"type":"Polygon","coordinates":[[[75.79124,26.93401],[75.79159,26.93401],[75.79159,26.9337],[75.79124,26.9337],[75.79124,26.93401]]]},"properties":{"d":[0,0,0,0,0,0,0,0,0,0,0,0,0,0,0,0,1,2,3,4,4,3,3,2,2,1,1,1,0,0,0,0,0,0,0,0,0]}},{"type":"Feature","geometry":{"type":"Polygon","coordinates":[[[75.79159,26.93401],[75.79193,26.93401],[75.79193,26.9337],[75.79159,26.9337],[75.79159,26.93401]]]},"properties":{"d":[0,0,0,0,0,0,0,0,0,0,0,0,0,0,0,1,1,3,4,4,4,4,3,3,2,1,1,1,0,0,0,0,0,0,0,0,0]}},{"type":"Feature","geometry":{"type":"Polygon","coordinates":[[[75.79193,26.93401],[75.79227,26.93401],[75.79227,26.9337],[75.79193,26.9337],[75.79193,26.93401]]]},"properties":{"d":[0,0,0,0,0,0,0,0,0,0,0,0,0,0,0,1,2,3,5,5,5,4,4,3,2,1,1,1,0,0,0,0,0,0,0,0,0]}},{"type":"Feature","geometry":{"type":"Polygon","coordinates":[[[75.79227,26.93401],[75.79262,26.93401],[75.79262,26.9337],[75.79227,26.9337],[75.79227,26.93401]]]},"properties":{"d":[0,0,0,0,0,0,0,0,0,0,0,0,0,0,0,1,2,3,4,4,4,4,3,3,2,1,1,0,0,0,0,0,0,0,0,0,0]}},{"type":"Feature","geometry":{"type":"Polygon","coordinates":[[[75.79262,26.93401],[75.79296,26.93401],[75.79296,26.9337],[75.79262,26.9337],[75.79262,26.93401]]]},"properties":{"d":[0,0,0,0,0,0,0,0,0,0,0,0,0,0,0,1,2,3,4,4,4,3,3,2,1,1,0,0,0,0,0,0,0,0,0,0,0]}},{"type":"Feature","geometry":{"type":"Polygon","coordinates":[[[75.79296,26.93401],[75.7933,26.93401],[75.7933,26.9337],[75.79296,26.9337],[75.79296,26.93401]]]},"properties":{"d":[0,0,0,0,0,0,0,0,0,0,0,0,0,0,0,1,2,3,3,3,3,3,2,2,1,1,0,0,0,0,0,0,0,0,0,0,0]}},{"type":"Feature","geometry":{"type":"Polygon","coordinates":[[[75.79811,26.93401],[75.79845,26.93401],[75.79845,26.9337],[75.79811,26.9337],[75.79811,26.93401]]]},"properties":{"d":[0,0,0,0,0,0,0,0,0,0,0,0,0,0,0,1,1,1,2,2,2,2,2,2,2,2,2,2,2,1,1,1,1,1,1,0,0]}},{"type":"Feature","geometry":{"type":"Polygon","coordinates":[[[75.8036,26.93401],[75.80395,26.93401],[75.80395,26.9337],[75.8036,26.9337],[75.8036,26.93401]]]},"properties":{"d":[0,0,0,0,0,0,0,0,0,0,0,0,0,0,0,0,3,3,3,2,2,2,2,2,2,1,1,0,0,0,0,0,0,0,0,0,0]}},{"type":"Feature","geometry":{"type":"Polygon","coordinates":[[[75.77648,26.9337],[75.77682,26.9337],[75.77682,26.9334],[75.77648,26.9334],[75.77648,26.9337]]]},"properties":{"d":[0,0,0,0,0,0,0,0,0,0,0,0,0,0,0,0,1,2,3,4,4,3,3,3,2,2,2,1,1,1,1,1,0,0,0,0,0]}},{"type":"Feature","geometry":{"type":"Polygon","coordinates":[[[75.78815,26.9337],[75.7885,26.9337],[75.7885,26.9334],[75.78815,26.9334],[75.78815,26.9337]]]},"properties":{"d":[0,0,0,0,0,0,0,0,0,0,0,0,0,0,0,1,1,2,2,3,2,2,2,1,1,1,0,0,0,0,0,0,0,0,0,0,0]}},{"type":"Feature","geometry":{"type":"Polygon","coordinates":[[[75.79056,26.9337],[75.7909,26.9337],[75.7909,26.9334],[75.79056,26.9334],[75.79056,26.9337]]]},"properties":{"d":[0,0,0,0,0,0,0,0,0,0,0,0,0,0,0,0,0,1,1,2,2,2,2,2,1,1,1,0,0,0,0,0,0,0,0,0,0]}},{"type":"Feature","geometry":{"type":"Polygon","coordinates":[[[75.7909,26.9337],[75.79124,26.9337],[75.79124,26.9334],[75.7909,26.9334],[75.7909,26.9337]]]},"properties":{"d":[0,0,0,0,0,0,0,0,0,0,0,0,0,0,0,0,1,2,3,4,5,5,4,4,3,2,2,1,1,0,0,0,0,0,0,0,0]}},{"type":"Feature","geometry":{"type":"Polygon","coordinates":[[[75.79124,26.9337],[75.79159,26.9337],[75.79159,26.9334],[75.79124,26.9334],[75.79124,26.9337]]]},"properties":{"d":[0,0,0,0,0,0,0,0,0,0,0,0,0,0,0,0,1,1,2,3,3,3,2,2,1,1,1,0,0,0,0,0,0,0,0,0,0]}},{"type":"Feature","geometry":{"type":"Polygon","coordinates":[[[75.79159,26.9337],[75.79193,26.9337],[75.79193,26.9334],[75.79159,26.9334],[75.79159,26.9337]]]},"properties":{"d":[0,0,0,0,0,0,0,0,0,0,0,0,0,0,0,0,1,1,2,2,2,2,2,1,1,1,0,0,0,0,0,0,0,0,0,0,0]}},{"type":"Feature","geometry":{"type":"Polygon","coordinates":[[[75.79296,26.9337],[75.7933,26.9337],[75.7933,26.9334],[75.79296,26.9334],[75.79296,26.9337]]]},"properties":{"d":[0,0,0,0,0,0,0,0,0,0,0,0,0,0,0,0,1,2,2,2,2,2,2,1,1,1,0,0,0,0,0,0,0,0,0,0,0]}},{"type":"Feature","geometry":{"type":"Polygon","coordinates":[[[75.7933,26.9337],[75.79365,26.9337],[75.79365,26.9334],[75.7933,26.9334],[75.7933,26.9337]]]},"properties":{"d":[0,0,0,0,0,0,0,0,0,0,0,0,0,0,0,1,3,3,4,3,3,3,3,2,1,1,0,0,0,0,0,0,0,0,0,0,0]}},{"type":"Feature","geometry":{"type":"Polygon","coordinates":[[[75.79365,26.9337],[75.79399,26.9337],[75.79399,26.9334],[75.79365,26.9334],[75.79365,26.9337]]]},"properties":{"d":[0,0,0,0,0,0,0,0,0,0,0,0,0,0,0,1,2,2,2,2,2,2,1,1,0,0,0,0,0,0,0,0,0,0,0,0,0]}},{"type":"Feature","geometry":{"type":"Polygon","coordinates":[[[75.79811,26.9337],[75.79845,26.9337],[75.79845,26.9334],[75.79811,26.9334],[75.79811,26.9337]]]},"properties":{"d":[0,0,0,0,0,0,0,0,0,0,0,0,0,0,0,1,1,2,2,2,2,2,2,2,2,2,2,2,2,2,1,1,1,1,1,0,0]}},{"type":"Feature","geometry":{"type":"Polygon","coordinates":[[[75.8036,26.9337],[75.80395,26.9337],[75.80395,26.9334],[75.8036,26.9334],[75.8036,26.9337]]]},"properties":{"d":[0,0,0,0,0,0,0,0,0,0,0,0,0,0,0,1,3,4,4,4,3,3,3,3,2,2,1,1,0,0,0,0,0,0,0,0,0]}},{"type":"Feature","geometry":{"type":"Polygon","coordinates":[[[75.78815,26.9334],[75.7885,26.9334],[75.7885,26.93309],[75.78815,26.93309],[75.78815,26.9334]]]},"properties":{"d":[0,0,0,0,0,0,0,0,0,0,0,0,0,0,0,0,1,2,2,2,2,2,2,1,1,1,0,0,0,0,0,0,0,0,0,0,0]}},{"type":"Feature","geometry":{"type":"Polygon","coordinates":[[[75.79056,26.9334],[75.7909,26.9334],[75.7909,26.93309],[75.79056,26.93309],[75.79056,26.9334]]]},"properties":{"d":[0,0,0,0,0,0,0,0,0,0,0,0,0,0,0,1,1,1,3,4,5,5,4,4,3,2,2,1,1,1,0,0,0,0,0,0,0]}},{"type":"Feature","geometry":{"type":"Polygon","coordinates":[[[75.7909,26.9334],[75.79124,26.9334],[75.79124,26.93309],[75.7909,26.93309],[75.7909,26.9334]]]},"properties":{"d":[0,0,0,0,0,0,0,0,0,0,0,0,0,0,0,1,1,2,3,4,5,4,4,3,3,2,2,1,1,0,0,0,0,0,0,0,0]}},{"type":"Feature","geometry":{"type":"Polygon","coordinates":[[[75.79124,26.9334],[75.79159,26.9334],[75.79159,26.93309],[75.79124,26.93309],[75.79124,26.9334]]]},"properties":{"d":[0,0,0,0,0,0,0,0,0,0,0,0,0,0,0,0,0,1,2,2,2,2,2,2,1,1,1,0,0,0,0,0,0,0,0,0,0]}},{"type":"Feature","geometry":{"type":"Polygon","coordinates":[[[75.79811,26.9334],[75.79845,26.9334],[75.79845,26.93309],[75.79811,26.93309],[75.79811,26.9334]]]},"properties":{"d":[0,0,0,0,0,0,0,0,0,0,0,0,0,0,0,1,1,2,2,2,2,2,2,2,2,2,2,2,2,2,1,1,1,1,1,0,0]}},{"type":"Feature","geometry":{"type":"Polygon","coordinates":[[[75.80051,26.9334],[75.80086,26.9334],[75.80086,26.93309],[75.80051,26.93309],[75.80051,26.9334]]]},"properties":{"d":[0,0,0,0,0,0,0,0,0,0,0,0,0,0,0,0,2,2,2,2,2,1,1,1,0,0,0,0,0,0,0,0,0,0,0,0,0]}},{"type":"Feature","geometry":{"type":"Polygon","coordinates":[[[75.8036,26.9334],[75.80395,26.9334],[75.80395,26.93309],[75.8036,26.93309],[75.8036,26.9334]]]},"properties":{"d":[0,0,0,0,0,0,0,0,0,0,0,0,0,0,0,1,3,6,7,7,7,7,7,7,6,6,5,4,4,4,3,3,3,2,2,2,2]}},{"type":"Feature","geometry":{"type":"Polygon","coordinates":[[[75.78575,26.93309],[75.78609,26.93309],[75.78609,26.93278],[75.78575,26.93278],[75.78575,26.93309]]]},"properties":{"d":[0,0,0,0,0,0,0,0,0,0,0,0,0,0,0,1,2,3,3,2,2,2,1,1,0,0,0,0,0,0,0,0,0,0,0,0,0]}},{"type":"Feature","geometry":{"type":"Polygon","coordinates":[[[75.78987,26.93309],[75.79021,26.93309],[75.79021,26.93278],[75.78987,26.93278],[75.78987,26.93309]]]},"properties":{"d":[0,0,0,0,0,0,0,0,0,0,0,0,0,0,0,0,1,1,2,2,3,3,3,3,2,2,1,1,1,0,0,0,0,0,0,0,0]}},{"type":"Feature","geometry":{"type":"Polygon","coordinates":[[[75.79021,26.93309],[75.79056,26.93309],[75.79056,26.93278],[75.79021,26.93278],[75.79021,26.93309]]]},"properties":{"d":[0,0,0,0,0,0,0,0,0,0,0,0,0,0,0,1,2,2,3,5,6,6,6,5,4,3,3,2,1,1,1,0,0,0,0,0,0]}},{"type":"Feature","geometry":{"type":"Polygon","coordinates":[[[75.79056,26.93309],[75.7909,26.93309],[75.7909,26.93278],[75.79056,26.93278],[75.79056,26.93309]]]},"properties":{"d":[0,0,0,0,0,0,0,0,0,0,0,0,0,0,0,1,3,3,4,6,7,7,6,6,5,4,3,2,1,1,1,0,0,0,0,0,0]}},{"type":"Feature","geometry":{"type":"Polygon","coordinates":[[[75.7909,26.93309],[75.79124,26.93309],[75.79124,26.93278],[75.7909,26.93278],[75.7909,26.93309]]]},"properties":{"d":[0,0,0,0,0,0,0,0,0,0,0,0,0,0,0,1,2,2,3,4,4,4,4,3,2,2,1,1,1,0,0,0,0,0,0,0,0]}},{"type":"Feature","geometry":{"type":"Polygon","coordinates":[[[75.79777,26.93309],[75.79811,26.93309],[75.79811,26.93278],[75.79777,26.93278],[75.79777,26.93309]]]},"properties":{"d":[0,0,0,0,0,0,0,0,0,0,0,0,0,0,0,1,1,2,2,3,3,3,2,2,2,2,2,2,2,2,1,1,1,1,1,0,0]}},{"type":"Feature","geometry":{"type":"Polygon","coordinates":[[[75.79811,26.93309],[75.79845,26.93309],[75.79845,26.93278],[75.79811,26.93278],[75.79811,26.93309]]]},"properties":{"d":[0,0,0,0,0,0,0,0,0,0,0,0,0,0,0,1,1,2,2,2,2,2,2,2,2,2,2,2,1,1,1,1,1,1,0,0,0]}},{"type":"Feature","geometry":{"type":"Polygon","coordinates":[[[75.80017,26.93309],[75.80051,26.93309],[75.80051,26.93278],[75.80017,26.93278],[75.80017,26.93309]]]},"properties":{"d":[0,0,0,0,0,0,0,0,0,0,0,0,0,0,0,1,4,7,8,9,9,8,8,7,6,6,5,5,4,4,4,3,3,3,3,3,2]}},{"type":"Feature","geometry":{"type":"Polygon","coordinates":[[[75.80051,26.93309],[75.80086,26.93309],[75.80086,26.93278],[75.80051,26.93278],[75.80051,26.93309]]]},"properties":{"d":[0,0,0,0,0,0,0,0,0,0,0,0,0,0,0,1,2,2,3,3,2,2,2,1,1,0,0,0,0,0,0,0,0,0,0,0,0]}},{"type":"Feature","geometry":{"type":"Polygon","coordinates":[[[75.80326,26.93309],[75.8036,26.93309],[75.8036,26.93278],[75.80326,26.93278],[75.80326,26.93309]]]},"properties":{"d":[0,0,0,0,0,0,0,0,0,0,0,0,0,0,0,1,2,3,5,6,6,6,6,6,6,5,5,4,4,4,3,3,3,2,2,2,2]}},{"type":"Feature","geometry":{"type":"Polygon","coordinates":[[[75.8036,26.93309],[75.80395,26.93309],[75.80395,26.93278],[75.8036,26.93278],[75.8036,26.93309]]]},"properties":{"d":[0,0,0,0,0,0,0,0,0,0,0,0,0,0,0,0,1,3,5,6,6,6,6,6,6,5,5,4,4,4,3,3,3,2,2,2,1]}},{"type":"Feature","geometry":{"type":"Polygon","coordinates":[[[75.80395,26.93309],[75.80429,26.93309],[75.80429,26.93278],[75.80395,26.93278],[75.80395,26.93309]]]},"properties":{"d":[0,0,0,0,0,0,0,0,0,0,0,0,0,0,0,1,1,3,5,6,6,6,6,6,6,5,5,4,4,4,3,3,3,2,2,2,1]}},{"type":"Feature","geometry":{"type":"Polygon","coordinates":[[[75.76756,26.93278],[75.7679,26.93278],[75.7679,26.93248],[75.76756,26.93248],[75.76756,26.93278]]]},"properties":{"d":[0,0,0,0,0,0,0,0,0,0,0,0,0,0,0,0,0,2,4,6,8,8,8,8,8,8,8,8,7,7,7,7,7,6,6,6,6]}},{"type":"Feature","geometry":{"type":"Polygon","coordinates":[[[75.77923,26.93278],[75.77957,26.93278],[75.77957,26.93248],[75.77923,26.93248],[75.77923,26.93278]]]},"properties":{"d":[0,0,0,0,0,0,0,0,0,0,0,0,0,0,0,0,1,2,3,4,4,4,4,4,3,3,3,3,2,2,2,2,1,1,1,1,1]}},{"type":"Feature","geometry":{"type":"Polygon","coordinates":[[[75.77957,26.93278],[75.77991,26.93278],[75.77991,26.93248],[75.77957,26.93248],[75.77957,26.93278]]]},"properties":{"d":[0,0,0,0,0,0,0,0,0,0,0,0,0,0,0,0,2,3,4,4,4,4,4,4,3,3,3,3,2,2,2,2,1,1,1,1,1]}},{"type":"Feature","geometry":{"type":"Polygon","coordinates":[[[75.78541,26.93278],[75.78575,26.93278],[75.78575,26.93248],[75.78541,26.93248],[75.78541,26.93278]]]},"properties":{"d":[0,0,0,0,0,0,0,0,0,0,0,0,0,0,0,1,3,6,8,9,9,9,9,8,8,7,7,6,6,6,6,5,5,5,5,5,5]}},{"type":"Feature","geometry":{"type":"Polygon","coordinates":[[[75.78575,26.93278],[75.78609,26.93278],[75.78609,26.93248],[75.78575,26.93248],[75.78575,26.93278]]]},"properties":{"d":[0,0,0,0,0,0,0,0,0,0,0,0,0,0,0,2,4,6,8,9,9,9,9,8,8,7,7,6,6,6,6,5,5,5,5,5,5]}},{"type":"Feature","geometry":{"type":"Polygon","coordinates":[[[75.78953,26.93278],[75.78987,26.93278],[75.78987,26.93248],[75.78953,26.93248],[75.78953,26.93278]]]},"properties":{"d":[0,0,0,0,0,0,0,0,0,0,0,0,0,0,0,0,1,1,2,2,3,3,3,3,2,2,1,1,1,1,0,0,0,0,0,0,0]}},{"type":"Feature","geometry":{"type":"Polygon","coordinates":[[[75.78987,26.93278],[75.79021,26.93278],[75.79021,26.93248],[75.78987,26.93248],[75.78987,26.93278]]]},"properties":{"d":[0,0,0,0,0,0,0,0,0,0,0,0,0,0,0,1,2,3,3,4,6,7,6,5,5,4,3,2,2,1,1,0,0,0,0,0,0]}},{"type":"Feature","geometry":{"type":"Polygon","coordinates":[[[75.79021,26.93278],[75.79056,26.93278],[75.79056,26.93248],[75.79021,26.93248],[75.79021,26.93278]]]},"properties":{"d":[0,0,0,0,0,0,0,0,0,0,0,0,0,0,0,1,2,3,3,4,6,6,6,5,4,3,3,2,1,1,1,0,0,0,0,0,0]}},{"type":"Feature","geometry":{"type":"Polygon","coordinates":[[[75.80017,26.93278],[75.80051,26.93278],[75.80051,26.93248],[75.80017,26.93248],[75.80017,26.93278]]]},"properties":{"d":[0,0,0,0,0,0,0,0,0,0,0,0,0,0,0,1,4,6,8,8,9,8,8,7,6,6,5,5,4,4,4,3,3,3,3,3,2]}},{"type":"Feature","geometry":{"type":"Polygon","coordinates":[[[75.80051,26.93278],[75.80086,26.93278],[75.80086,26.93248],[75.80051,26.93248],[75.80051,26.93278]]]},"properties":{"d":[0,0,0,0,0,0,0,0,0,0,0,0,0,0,0,1,1,3,4,5,5,5,5,4,3,3,2,2,1,1,1,1,0,0,0,0,0]}},{"type":"Feature","geometry":{"type":"Polygon","coordinates":[[[75.80326,26.93278],[75.8036,26.93278],[75.8036,26.93248],[75.80326,26.93248],[75.80326,26.93278]]]},"properties":{"d":[0,0,0,0,0,0,0,0,0,0,0,0,0,0,0,1,1,1,2,3,4,4,4,4,3,3,3,2,2,1,1,1,0,0,0,0,0]}},{"type":"Feature","geometry":{"type":"Polygon","coordinates":[[[75.8036,26.93278],[75.80395,26.93278],[75.80395,26.93248],[75.8036,26.93248],[75.8036,26.93278]]]},"properties":{"d":[0,0,0,0,0,0,0,0,0,0,0,0,0,0,0,0,1,2,4,5,6,6,6,6,5,5,5,4,4,3,3,3,2,2,2,2,1]}},{"type":"Feature","geometry":{"type":"Polygon","coordinates":[[[75.80395,26.93278],[75.80429,26.93278],[75.80429,26.93248],[75.80395,26.93248],[75.80395,26.93278]]]},"properties":{"d":[0,0,0,0,0,0,0,0,0,0,0,0,0,0,0,0,1,2,4,6,6,6,6,6,6,5,5,4,4,4,3,3,2,2,2,2,1]}},{"type":"Feature","geometry":{"type":"Polygon","coordinates":[[[75.77888,26.93248],[75.77923,26.93248],[75.77923,26.93217],[75.77888,26.93217],[75.77888,26.93248]]]},"properties":{"d":[0,0,0,0,0,0,0,0,0,0,0,0,0,0,0,0,0,1,2,3,4,4,4,3,3,3,3,2,2,2,2,1,1,1,1,1,0]}},{"type":"Feature","geometry":{"type":"Polygon","coordinates":[[[75.77923,26.93248],[75.77957,26.93248],[75.77957,26.93217],[75.77923,26.93217],[75.77923,26.93248]]]},"properties":{"d":[0,0,0,0,0,0,0,0,0,0,0,0,0,0,0,0,0,2,3,4,4,4,4,4,3,3,3,3,2,2,2,2,1,1,1,1,1]}},{"type":"Feature","geometry":{"type":"Polygon","coordinates":[[[75.77957,26.93248],[75.77991,26.93248],[75.77991,26.93217],[75.77957,26.93217],[75.77957,26.93248]]]},"properties":{"d":[0,0,0,0,0,0,0,0,0,0,0,0,0,0,0,0,1,3,4,4,4,4,4,4,3,3,3,3,2,2,2,2,1,1,1,1,1]}},{"type":"Feature","geometry":{"type":"Polygon","coordinates":[[[75.77991,26.93248],[75.78026,26.93248],[75.78026,26.93217],[75.77991,26.93217],[75.77991,26.93248]]]},"properties":{"d":[0,0,0,0,0,0,0,0,0,0,0,0,0,0,0,0,3,4,4,4,4,4,4,4,3,3,3,3,2,2,2,2,1,1,1,1,1]}},{"type":"Feature","geometry":{"type":"Polygon","coordinates":[[[75.78541,26.93248],[75.78575,26.93248],[75.78575,26.93217],[75.78541,26.93217],[75.78541,26.93248]]]},"properties":{"d":[0,0,0,0,0,0,0,0,0,0,0,0,0,0,0,1,2,5,8,9,9,9,9,8,8,7,7,6,6,6,6,5,5,5,5,5,5]}},{"type":"Feature","geometry":{"type":"Polygon","coordinates":[[[75.7885,26.93248],[75.78884,26.93248],[75.78884,26.93217],[75.7885,26.93217],[75.7885,26.93248]]]},"properties":{"d":[0,0,0,0,0,0,0,0,0,0,0,0,0,0,0,1,1,2,2,2,2,2,2,2,1,1,1,1,0,0,0,0,0,0,0,0,0]}},{"type":"Feature","geometry":{"type":"Polygon","coordinates":[[[75.78884,26.93248],[75.78918,26.93248],[75.78918,26.93217],[75.78884,26.93217],[75.78884,26.93248]]]},"properties":{"d":[0,0,0,0,0,0,0,0,0,0,0,0,0,0,0,0,1,1,1,1,2,2,2,2,2,1,1,1,1,0,0,0,0,0,0,0,0]}},{"type":"Feature","geometry":{"type":"Polygon","coordinates":[[[75.78918,26.93248],[75.78953,26.93248],[75.78953,26.93217],[75.78918,26.93217],[75.78918,26.93248]]]},"properties":{"d":[0,0,0,0,0,0,0,0,0,0,0,0,0,0,0,0,0,1,2,2,3,3,3,3,2,2,2,1,1,1,0,0,0,0,0,0,0]}},{"type":"Feature","geometry":{"type":"Polygon","coordinates":[[[75.78953,26.93248],[75.78987,26.93248],[75.78987,26.93217],[75.78953,26.93217],[75.78953,26.93248]]]},"properties":{"d":[0,0,0,0,0,0,0,0,0,0,0,0,0,0,0,0,2,2,3,3,5,5,5,5,4,3,3,2,2,1,1,0,0,0,0,0,0]}},{"type":"Feature","geometry":{"type":"Polygon","coordinates":[[[75.78987,26.93248],[75.79021,26.93248],[75.79021,26.93217],[75.78987,26.93217],[75.78987,26.93248]]]},"properties":{"d":[0,0,0,0,0,0,0,0,0,0,0,0,0,0,0,1,2,3,3,4,5,6,6,5,4,4,3,2,2,1,1,1,0,0,0,0,0]}},{"type":"Feature","geometry":{"type":"Polygon","coordinates":[[[75.80017,26.93248],[75.80051,26.93248],[75.80051,26.93217],[75.80017,26.93217],[75.80017,26.93248]]]},"properties":{"d":[0,0,0,0,0,0,0,0,0,0,0,0,0,0,0,1,1,3,5,6,6,6,5,5,4,4,3,3,2,2,2,1,1,1,1,1,0]}},{"type":"Feature","geometry":{"type":"Polygon","coordinates":[[[75.80051,26.93248],[75.80086,26.93248],[75.80086,26.93217],[75.80051,26.93217],[75.80051,26.93248]]]},"properties":{"d":[0,0,0,0,0,0,0,0,0,0,0,0,0,0,0,1,1,4,6,7,8,7,7,6,6,5,5,4,4,4,3,3,3,3,2,2,2]}},{"type":"Feature","geometry":{"type":"Polygon","coordinates":[[[75.8036,26.93248],[75.80395,26.93248],[75.80395,26.93217],[75.8036,26.93217],[75.8036,26.93248]]]},"properties":{"d":[0,0,0,0,0,0,0,0,0,0,0,0,0,0,0,0,1,1,2,4,4,5,5,4,4,4,4,3,3,3,2,2,2,1,1,1,1]}},{"type":"Feature","geometry":{"type":"Polygon","coordinates":[[[75.77614,26.93217],[75.77648,26.93217],[75.77648,26.93187],[75.77614,26.93187],[75.77614,26.93217]]]},"properties":{"d":[0,0,0,0,0,0,0,0,0,0,0,0,0,0,0,0,2,3,2,2,2,2,2,1,1,1,0,0,0,0,0,0,0,0,0,0,0]}},{"type":"Feature","geometry":{"type":"Polygon","coordinates":[[[75.77888,26.93217],[75.77923,26.93217],[75.77923,26.93187],[75.77888,26.93187],[75.77888,26.93217]]]},"properties":{"d":[0,0,0,0,0,0,0,0,0,0,0,0,0,0,0,0,1,1,2,3,4,4,4,4,3,3,3,2,2,2,2,2,1,1,1,1,1]}},{"type":"Feature","geometry":{"type":"Polygon","coordinates":[[[75.77923,26.93217],[75.77957,26.93217],[75.77957,26.93187],[75.77923,26.93187],[75.77923,26.93217]]]},"properties":{"d":[0,0,0,0,0,0,0,0,0,0,0,0,0,0,0,0,0,2,3,4,4,4,4,4,3,3,3,3,2,2,2,2,1,1,1,1,1]}},{"type":"Feature","geometry":{"type":"Polygon","coordinates":[[[75.77957,26.93217],[75.77991,26.93217],[75.77991,26.93187],[75.77957,26.93187],[75.77957,26.93217]]]},"properties":{"d":[0,0,0,0,0,0,0,0,0,0,0,0,0,0,0,0,2,3,4,4,4,4,4,4,3,3,3,3,2,2,2,2,1,1,1,1,1]}},{"type":"Feature","geometry":{"type":"Polygon","coordinates":[[[75.77991,26.93217],[75.78026,26.93217],[75.78026,26.93187],[75.77991,26.93187],[75.77991,26.93217]]]},"properties":{"d":[0,0,0,0,0,0,0,0,0,0,0,0,0,0,0,1,4,4,5,5,5,4,4,4,3,3,3,3,2,2,2,2,1,1,1,1,1]}},{"type":"Feature","geometry":{"type":"Polygon","coordinates":[[[75.78506,26.93217],[75.78541,26.93217],[75.78541,26.93187],[75.78506,26.93187],[75.78506,26.93217]]]},"properties":{"d":[0,0,0,0,0,0,0,0,0,0,0,0,0,0,0,1,1,1,1,2,2,2,2,2,2,1,1,1,1,0,0,0,0,0,0,0,0]}},{"type":"Feature","geometry":{"type":"Polygon","coordinates":[[[75.78541,26.93217],[75.78575,26.93217],[75.78575,26.93187],[75.78541,26.93187],[75.78541,26.93217]]]},"properties":{"d":[0,0,0,0,0,0,0,0,0,0,0,0,0,0,0,1,1,1,2,2,3,3,3,2,2,1,1,1,1,0,0,0,0,0,0,0,0]}},{"type":"Feature","geometry":{"type":"Polygon","coordinates":[[[75.7885,26.93217],[75.78884,26.93217],[75.78884,26.93187],[75.7885,26.93187],[75.7885,26.93217]]]},"properties":{"d":[0,0,0,0,0,0,0,0,0,0,0,0,0,0,0,0,3,2,3,3,4,4,4,4,3,2,2,1,1,1,1,0,0,0,0,0,0]}},{"type":"Feature","geometry":{"type":"Polygon","coordinates":[[[75.78884,26.93217],[75.78918,26.93217],[75.78918,26.93187],[75.78884,26.93187],[75.78884,26.93217]]]},"properties":{"d":[0,0,0,0,0,0,0,0,0,0,0,0,0,0,0,0,1,1,2,2,3,4,4,3,3,2,2,1,1,1,1,0,0,0,0,0,0]}},{"type":"Feature","geometry":{"type":"Polygon","coordinates":[[[75.78918,26.93217],[75.78953,26.93217],[75.78953,26.93187],[75.78918,26.93187],[75.78918,26.93217]]]},"properties":{"d":[0,0,0,0,0,0,0,0,0,0,0,0,0,0,0,1,1,2,2,2,3,4,4,3,3,2,2,2,1,1,1,0,0,0,0,0,0]}},{"type":"Feature","geometry":{"type":"Polygon","coordinates":[[[75.78953,26.93217],[75.78987,26.93217],[75.78987,26.93187],[75.78953,26.93187],[75.78953,26.93217]]]},"properties":{"d":[0,0,0,0,0,0,0,0,0,0,0,0,0,0,0,1,1,2,2,2,3,4,4,3,3,2,2,2,1,1,1,0,0,0,0,0,0]}},{"type":"Feature","geometry":{"type":"Polygon","coordinates":[[[75.80051,26.93217],[75.80086,26.93217],[75.80086,26.93187],[75.80051,26.93187],[75.80051,26.93217]]]},"properties":{"d":[0,0,0,0,0,0,0,0,0,0,0,0,0,0,0,0,1,1,2,3,4,4,3,3,2,2,2,1,1,1,1,1,0,0,0,0,0]}},{"type":"Feature","geometry":{"type":"Polygon","coordinates":[[[75.80086,26.93217],[75.8012,26.93217],[75.8012,26.93187],[75.80086,26.93187],[75.80086,26.93217]]]},"properties":{"d":[0,0,0,0,0,0,0,0,0,0,0,0,0,0,0,1,1,1,2,3,3,3,3,3,2,2,1,1,1,1,1,0,0,0,0,0,0]}},{"type":"Feature","geometry":{"type":"Polygon","coordinates":[[[75.8036,26.93217],[75.80395,26.93217],[75.80395,26.93187],[75.8036,26.93187],[75.8036,26.93217]]]},"properties":{"d":[0,0,0,0,0,0,0,0,0,0,0,0,0,0,0,0,0,0,1,1,2,2,2,2,2,2,2,1,1,1,1,1,1,1,0,0,0]}},{"type":"Feature","geometry":{"type":"Polygon","coordinates":[[[75.77579,26.93187],[75.77614,26.93187],[75.77614,26.93156],[75.77579,26.93156],[75.77579,26.93187]]]},"properties":{"d":[0,0,0,0,0,0,0,0,0,0,0,0,0,0,0,0,2,6,9,10,10,10,11,11,11,11,11,11,11,11,10,10,10,10,10,10,9]}},{"type":"Feature","geometry":{"type":"Polygon","coordinates":[[[75.77614,26.93187],[75.77648,26.93187],[75.77648,26.93156],[75.77614,26.93156],[75.77614,26.93187]]]},"properties":{"d":[0,0,0,0,0,0,0,0,0,0,0,0,0,0,0,0,2,3,3,2,2,2,2,2,1,1,1,0,0,0,0,0,0,0,0,0,0]}},{"type":"Feature","geometry":{"type":"Polygon","coordinates":[[[75.77923,26.93187],[75.77957,26.93187],[75.77957,26.93156],[75.77923,26.93156],[75.77923,26.93187]]]},"properties":{"d":[0,0,0,0,0,0,0,0,0,0,0,0,0,0,0,0,2,3,3,4,4,4,4,4,3,3,3,3,2,2,2,2,1,1,1,1,1]}},{"type":"Feature","geometry":{"type":"Polygon","coordinates":[[[75.77957,26.93187],[75.77991,26.93187],[75.77991,26.93156],[75.77957,26.93156],[75.77957,26.93187]]]},"properties":{"d":[0,0,0,0,0,0,0,0,0,0,0,0,0,0,0,0,3,3,4,4,4,4,4,4,3,3,3,3,2,2,2,2,1,1,1,1,1]}},{"type":"Feature","geometry":{"type":"Polygon","coordinates":[[[75.78506,26.93187],[75.78541,26.93187],[75.78541,26.93156],[75.78506,26.93156],[75.78506,26.93187]]]},"properties":{"d":[0,0,0,0,0,0,0,0,0,0,0,0,0,0,0,1,1,2,2,2,3,3,3,2,2,1,1,1,1,0,0,0,0,0,0,0,0]}},{"type":"Feature","geometry":{"type":"Polygon","coordinates":[[[75.7885,26.93187],[75.78884,26.93187],[75.78884,26.93156],[75.7885,26.93156],[75.7885,26.93187]]]},"properties":{"d":[0,0,0,0,0,0,0,0,0,0,0,0,0,0,0,1,3,3,4,4,5,6,6,6,5,4,3,3,2,1,1,1,0,0,0,0,0]}},{"type":"Feature","geometry":{"type":"Polygon","coordinates":[[[75.78884,26.93187],[75.78918,26.93187],[75.78918,26.93156],[75.78884,26.93156],[75.78884,26.93187]]]},"properties":{"d":[0,0,0,0,0,0,0,0,0,0,0,0,0,0,0,0,0,1,2,2,3,3,4,3,3,2,2,2,1,1,1,0,0,0,0,0,0]}},{"type":"Feature","geometry":{"type":"Polygon","coordinates":[[[75.78918,26.93187],[75.78953,26.93187],[75.78953,26.93156],[75.78918,26.93156],[75.78918,26.93187]]]},"properties":{"d":[0,0,0,0,0,0,0,0,0,0,0,0,0,0,0,1,1,1,1,1,2,2,2,2,2,1,1,1,1,1,0,0,0,0,0,0,0]}},{"type":"Feature","geometry":{"type":"Polygon","coordinates":[[[75.79536,26.93187],[75.79571,26.93187],[75.79571,26.93156],[75.79536,26.93156],[75.79536,26.93187]]]},"properties":{"d":[0,0,0,0,0,0,0,0,0,0,0,0,0,0,0,1,2,2,2,2,2,2,2,1,1,0,0,0,0,0,0,0,0,0,0,0,0]}},{"type":"Feature","geometry":{"type":"Polygon","coordinates":[[[75.77545,26.93156],[75.77579,26.93156],[75.77579,26.93125],[75.77545,26.93125],[75.77545,26.93156]]]},"properties":{"d":[0,0,0,0,0,0,0,0,0,0,0,0,0,0,0,0,1,1,2,3,4,4,5,6,6,6,6,6,6,5,5,5,5,5,5,4,4]}},{"type":"Feature","geometry":{"type":"Polygon","coordinates":[[[75.77579,26.93156],[75.77614,26.93156],[75.77614,26.93125],[75.77579,26.93125],[75.77579,26.93156]]]},"properties":{"d":[0,0,0,0,0,0,0,0,0,0,0,0,0,0,0,0,1,5,9,9,10,10,11,11,11,11,11,11,11,11,10,10,10,10,10,10,9]}},{"type":"Feature","geometry":{"type":"Polygon","coordinates":[[[75.78506,26.93156],[75.78541,26.93156],[75.78541,26.93125],[75.78506,26.93125],[75.78506,26.93156]]]},"properties":{"d":[0,0,0,0,0,0,0,0,0,0,0,0,0,0,0,1,2,2,2,2,3,3,3,2,2,2,1,1,1,1,0,0,0,0,0,0,0]}},{"type":"Feature","geometry":{"type":"Polygon","coordinates":[[[75.7885,26.93156],[75.78884,26.93156],[75.78884,26.93125],[75.7885,26.93125],[75.7885,26.93156]]]},"properties":{"d":[0,0,0,0,0,0,0,0,0,0,0,0,0,0,0,2,4,4,5,6,7,8,9,8,7,6,5,4,3,2,2,1,1,0,0,0,0]}},{"type":"Feature","geometry":{"type":"Polygon","coordinates":[[[75.78884,26.93156],[75.78918,26.93156],[75.78918,26.93125],[75.78884,26.93125],[75.78884,26.93156]]]},"properties":{"d":[0,0,0,0,0,0,0,0,0,0,0,0,0,0,0,1,0,1,2,2,2,2,3,2,2,2,1,1,1,1,0,0,0,0,0,0,0]}},{"type":"Feature","geometry":{"type":"Polygon","coordinates":[[[75.79536,26.93156],[75.79571,26.93156],[75.79571,26.93125],[75.79536,26.93125],[75.79536,26.93156]]]},"properties":{"d":[0,0,0,0,0,0,0,0,0,0,0,0,0,0,0,1,3,3,3,3,3,3,3,2,1,1,0,0,0,0,0,0,0,0,0,0,0]}},{"type":"Feature","geometry":{"type":"Polygon","coordinates":[[[75.77545,26.93125],[75.77579,26.93125],[75.77579,26.93095],[75.77545,26.93095],[75.77545,26.93125]]]},"properties":{"d":[0,0,0,0,0,0,0,0,0,0,0,0,0,0,0,0,2,3,5,6,8,9,10,11,11,11,11,11,11,11,10,10,10,10,10,10,9]}},{"type":"Feature","geometry":{"type":"Polygon","coordinates":[[[75.78506,26.93125],[75.78541,26.93125],[75.78541,26.93095],[75.78506,26.93095],[75.78506,26.93125]]]},"properties":{"d":[0,0,0,0,0,0,0,0,0,0,0,0,0,0,0,1,1,2,2,2,2,2,2,2,1,1,1,1,1,0,0,0,0,0,0,0,0]}},{"type":"Feature","geometry":{"type":"Polygon","coordinates":[[[75.7885,26.93125],[75.78884,26.93125],[75.78884,26.93095],[75.7885,26.93095],[75.7885,26.93125]]]},"properties":{"d":[0,0,0,0,0,0,0,0,0,0,0,0,0,0,0,3,4,5,6,6,7,8,9,9,8,6,5,4,3,3,2,1,1,1,0,0,0]}},{"type":"Feature","geometry":{"type":"Polygon","coordinates":[[[75.79536,26.93125],[75.79571,26.93125],[75.79571,26.93095],[75.79536,26.93095],[75.79536,26.93125]]]},"properties":{"d":[0,0,0,0,0,0,0,0,0,0,0,0,0,0,0,1,5,5,5,5,5,5,4,4,3,2,1,1,0,0,0,0,0,0,0,0,0]}},{"type":"Feature","geometry":{"type":"Polygon","coordinates":[[[75.79571,26.93125],[75.79605,26.93125],[75.79605,26.93095],[75.79571,26.93095],[75.79571,26.93125]]]},"properties":{"d":[0,0,0,0,0,0,0,0,0,0,0,0,0,0,0,0,2,2,2,2,2,2,1,1,1,0,0,0,0,0,0,0,0,0,0,0,0]}},{"type":"Feature","geometry":{"type":"Polygon","coordinates":[[[75.77511,26.93095],[75.77545,26.93095],[75.77545,26.93064],[75.77511,26.93064],[75.77511,26.93095]]]},"properties":{"d":[0,0,0,0,0,0,0,0,0,0,0,0,0,0,0,0,1,3,5,5,5,5,5,5,5,4,4,4,4,4,3,3,3,3,3,3,2]}},{"type":"Feature","geometry":{"type":"Polygon","coordinates":[[[75.7885,26.93095],[75.78884,26.93095],[75.78884,26.93064],[75.7885,26.93064],[75.7885,26.93095]]]},"properties":{"d":[0,0,0,0,0,0,0,0,0,0,0,0,0,0,0,1,4,5,5,6,7,8,9,8,7,6,5,4,3,3,2,1,1,1,0,0,0]}},{"type":"Feature","geometry":{"type":"Polygon","coordinates":[[[75.79536,26.93095],[75.79571,26.93095],[75.79571,26.93064],[75.79536,26.93064],[75.79536,26.93095]]]},"properties":{"d":[0,0,0,0,0,0,0,0,0,0,0,0,0,0,0,1,3,4,4,4,4,4,3,3,2,2,1,1,0,0,0,0,0,0,0,0,0]}},{"type":"Feature","geometry":{"type":"Polygon","coordinates":[[[75.79571,26.93095],[75.79605,26.93095],[75.79605,26.93064],[75.79571,26.93064],[75.79571,26.93095]]]},"properties":{"d":[0,0,0,0,0,0,0,0,0,0,0,0,0,0,0,1,5,5,5,5,5,5,5,4,3,2,2,1,1,0,0,0,0,0,0,0,0]}},{"type":"Feature","geometry":{"type":"Polygon","coordinates":[[[75.77477,26.93064],[75.77511,26.93064],[75.77511,26.93033],[75.77477,26.93033],[75.77477,26.93064]]]},"properties":{"d":[0,0,0,0,0,0,0,0,0,0,0,0,0,0,0,0,1,2,3,3,2,2,2,2,2,2,1,1,1,1,1,1,0,0,0,0,0]}},{"type":"Feature","geometry":{"type":"Polygon","coordinates":[[[75.7885,26.93064],[75.78884,26.93064],[75.78884,26.93033],[75.7885,26.93033],[75.7885,26.93064]]]},"properties":{"d":[0,0,0,0,0,0,0,0,0,0,0,0,0,0,0,1,4,5,6,7,7,8,9,9,9,8,7,6,5,4,3,2,2,1,1,0,0]}},{"type":"Feature","geometry":{"type":"Polygon","coordinates":[[[75.78884,26.93064],[75.78918,26.93064],[75.78918,26.93033],[75.78884,26.93033],[75.78884,26.93064]]]},"properties":{"d":[0,0,0,0,0,0,0,0,0,0,0,0,0,0,0,1,1,1,1,2,2,3,3,4,3,2,2,1,1,0,0,0,0,0,0,0,0]}},{"type":"Feature","geometry":{"type":"Polygon","coordinates":[[[75.79571,26.93064],[75.79605,26.93064],[75.79605,26.93033],[75.79571,26.93033],[75.79571,26.93064]]]},"properties":{"d":[0,0,0,0,0,0,0,0,0,0,0,0,0,0,0,1,2,3,4,4,4,3,3,3,2,1,1,1,0,0,0,0,0,0,0,0,0]}},{"type":"Feature","geometry":{"type":"Polygon","coordinates":[[[75.79605,26.93064],[75.79639,26.93064],[75.79639,26.93033],[75.79605,26.93033],[75.79605,26.93064]]]},"properties":{"d":[0,0,0,0,0,0,0,0,0,0,0,0,0,0,0,0,2,2,3,3,3,3,2,2,1,1,1,1,0,0,0,0,0,0,0,0,0]}},{"type":"Feature","geometry":{"type":"Polygon","coordinates":[[[75.80395,26.93064],[75.80429,26.93064],[75.80429,26.93033],[75.80395,26.93033],[75.80395,26.93064]]]},"properties":{"d":[0,0,0,0,0,0,0,0,0,0,0,0,0,0,0,1,1,2,2,2,2,2,3,3,2,2,2,2,1,1,1,1,0,0,0,0,0]}},{"type":"Feature","geometry":{"type":"Polygon","coordinates":[[[75.80429,26.93064],[75.80463,26.93064],[75.80463,26.93033],[75.80429,26.93033],[75.80429,26.93064]]]},"properties":{"d":[0,0,0,0,0,0,0,0,0,0,0,0,0,0,0,1,3,6,8,9,9,9,10,10,9,9,9,8,8,8,7,7,6,6,6,6,5]}},{"type":"Feature","geometry":{"type":"Polygon","coordinates":[[[75.80463,26.93064],[75.80498,26.93064],[75.80498,26.93033],[75.80463,26.93033],[75.80463,26.93064]]]},"properties":{"d":[0,0,0,0,0,0,0,0,0,0,0,0,0,0,0,0,1,1,1,2,2,2,2,2,2,2,2,2,1,1,1,1,0,0,0,0,0]}},{"type":"Feature","geometry":{"type":"Polygon","coordinates":[[[75.80704,26.93064],[75.80738,26.93064],[75.80738,26.93033],[75.80704,26.93033],[75.80704,26.93064]]]},"properties":{"d":[0,0,0,0,0,0,0,0,0,0,0,0,0,0,0,0,1,2,2,2,2,2,2,1,1,1,1,0,0,0,0,0,0,0,0,0,0]}},{"type":"Feature","geometry":{"type":"Polygon","coordinates":[[[75.80738,26.93064],[75.80772,26.93064],[75.80772,26.93033],[75.80738,26.93033],[75.80738,26.93064]]]},"properties":{"d":[0,0,0,0,0,0,0,0,0,0,0,0,0,0,0,0,1,2,2,2,2,2,2,2,1,1,1,1,1,0,0,0,0,0,0,0,0]}},{"type":"Feature","geometry":{"type":"Polygon","coordinates":[[[75.80772,26.93064],[75.80807,26.93064],[75.80807,26.93033],[75.80772,26.93033],[75.80772,26.93064]]]},"properties":{"d":[0,0,0,0,0,0,0,0,0,0,0,0,0,0,0,0,1,1,2,2,2,2,2,2,1,1,1,1,1,0,0,0,0,0,0,0,0]}},{"type":"Feature","geometry":{"type":"Polygon","coordinates":[[[75.77442,26.93033],[75.77477,26.93033],[75.77477,26.93003],[75.77442,26.93003],[75.77442,26.93033]]]},"properties":{"d":[0,0,0,0,0,0,0,0,0,0,0,0,0,0,0,0,1,2,2,2,2,2,2,2,2,2,1,1,1,1,1,1,0,0,0,0,0]}},{"type":"Feature","geometry":{"type":"Polygon","coordinates":[[[75.77477,26.93033],[75.77511,26.93033],[75.77511,26.93003],[75.77477,26.93003],[75.77477,26.93033]]]},"properties":{"d":[0,0,0,0,0,0,0,0,0,0,0,0,0,0,0,0,1,2,2,2,2,2,2,2,2,2,1,1,1,1,1,1,0,0,0,0,0]}},{"type":"Feature","geometry":{"type":"Polygon","coordinates":[[[75.77991,26.93033],[75.78026,26.93033],[75.78026,26.93003],[75.77991,26.93003],[75.77991,26.93033]]]},"properties":{"d":[0,0,0,0,0,0,0,0,0,0,0,0,0,0,0,0,0,0,1,2,2,3,3,2,2,2,2,1,1,1,1,1,0,0,0,0,0]}},{"type":"Feature","geometry":{"type":"Polygon","coordinates":[[[75.78026,26.93033],[75.7806,26.93033],[75.7806,26.93003],[75.78026,26.93003],[75.78026,26.93033]]]},"properties":{"d":[0,0,0,0,0,0,0,0,0,0,0,0,0,0,0,0,1,2,3,4,5,5,5,5,4,4,4,3,3,3,3,2,2,2,2,2,1]}},{"type":"Feature","geometry":{"type":"Polygon","coordinates":[[[75.7806,26.93033],[75.78094,26.93033],[75.78094,26.93003],[75.7806,26.93003],[75.7806,26.93033]]]},"properties":{"d":[0,0,0,0,0,0,0,0,0,0,0,0,0,0,0,0,1,2,2,2,2,2,2,2,1,1,1,0,0,0,0,0,0,0,0,0,0]}},{"type":"Feature","geometry":{"type":"Polygon","coordinates":[[[75.78369,26.93033],[75.78403,26.93033],[75.78403,26.93003],[75.78369,26.93003],[75.78369,26.93033]]]},"properties":{"d":[0,0,0,0,0,0,0,0,0,0,0,0,0,0,0,0,1,2,2,2,2,2,2,1,1,1,0,0,0,0,0,0,0,0,0,0,0]}},{"type":"Feature","geometry":{"type":"Polygon","coordinates":[[[75.7885,26.93033],[75.78884,26.93033],[75.78884,26.93003],[75.7885,26.93003],[75.7885,26.93033]]]},"properties":{"d":[0,0,0,0,0,0,0,0,0,0,0,0,0,0,0,2,4,7,8,10,11,13,14,15,15,15,14,13,12,11,11,10,9,9,8,7,7]}},{"type":"Feature","geometry":{"type":"Polygon","coordinates":[[[75.78884,26.93033],[75.78918,26.93033],[75.78918,26.93003],[75.78884,26.93003],[75.78884,26.93033]]]},"properties":{"d":[0,0,0,0,0,0,0,0,0,0,0,0,0,0,0,2,4,6,8,10,11,13,14,15,15,14,14,13,12,11,11,10,9,9,8,7,7]}},{"type":"Feature","geometry":{"type":"Polygon","coordinates":[[[75.79605,26.93033],[75.79639,26.93033],[75.79639,26.93003],[75.79605,26.93003],[75.79605,26.93033]]]},"properties":{"d":[0,0,0,0,0,0,0,0,0,0,0,0,0,0,0,1,1,2,2,2,2,2,2,2,1,1,1,0,0,0,0,0,0,0,0,0,0]}},{"type":"Feature","geometry":{"type":"Polygon","coordinates":[[[75.80669,26.93033],[75.80704,26.93033],[75.80704,26.93003],[75.80669,26.93003],[75.80669,26.93033]]]},"properties":{"d":[0,0,0,0,0,0,0,0,0,0,0,0,0,0,0,0,1,2,2,2,2,2,2,2,1,1,1,1,1,0,0,0,0,0,0,0,0]}},{"type":"Feature","geometry":{"type":"Polygon","coordinates":[[[75.80704,26.93033],[75.80738,26.93033],[75.80738,26.93003],[75.80704,26.93003],[75.80704,26.93033]]]},"properties":{"d":[0,0,0,0,0,0,0,0,0,0,0,0,0,0,0,0,0,1,2,2,2,2,2,2,1,1,1,1,1,0,0,0,0,0,0,0,0]}},{"type":"Feature","geometry":{"type":"Polygon","coordinates":[[[75.77442,26.93003],[75.77477,26.93003],[75.77477,26.92972],[75.77442,26.92972],[75.77442,26.93003]]]},"properties":{"d":[0,0,0,0,0,0,0,0,0,0,0,0,0,0,0,0,0,1,2,2,2,2,2,2,2,2,1,1,1,1,1,1,0,0,0,0,0]}},{"type":"Feature","geometry":{"type":"Polygon","coordinates":[[[75.77477,26.93003],[75.77511,26.93003],[75.77511,26.92972],[75.77477,26.92972],[75.77477,26.93003]]]},"properties":{"d":[0,0,0,0,0,0,0,0,0,0,0,0,0,0,0,0,1,2,2,2,2,2,2,2,2,2,1,1,1,1,1,1,0,0,0,0,0]}},{"type":"Feature","geometry":{"type":"Polygon","coordinates":[[[75.77991,26.93003],[75.78026,26.93003],[75.78026,26.92972],[75.77991,26.92972],[75.77991,26.93003]]]},"properties":{"d":[0,0,0,0,0,0,0,0,0,0,0,0,0,0,0,0,0,0,1,1,2,2,2,2,2,1,1,1,1,0,0,0,0,0,0,0,0]}},{"type":"Feature","geometry":{"type":"Polygon","coordinates":[[[75.78026,26.93003],[75.7806,26.93003],[75.7806,26.92972],[75.78026,26.92972],[75.78026,26.93003]]]},"properties":{"d":[0,0,0,0,0,0,0,0,0,0,0,0,0,0,0,0,1,2,4,5,5,5,5,5,4,4,4,3,3,3,3,2,2,2,2,2,1]}},{"type":"Feature","geometry":{"type":"Polygon","coordinates":[[[75.7806,26.93003],[75.78094,26.93003],[75.78094,26.92972],[75.7806,26.92972],[75.7806,26.93003]]]},"properties":{"d":[0,0,0,0,0,0,0,0,0,0,0,0,0,0,0,0,2,4,5,5,6,6,6,5,5,4,4,3,3,3,3,2,2,2,2,2,1]}},{"type":"Feature","geometry":{"type":"Polygon","coordinates":[[[75.78094,26.93003],[75.78129,26.93003],[75.78129,26.92972],[75.78094,26.92972],[75.78094,26.93003]]]},"properties":{"d":[0,0,0,0,0,0,0,0,0,0,0,0,0,0,0,1,2,2,2,2,2,2,2,2,1,1,0,0,0,0,0,0,0,0,0,0,0]}},{"type":"Feature","geometry":{"type":"Polygon","coordinates":[[[75.78815,26.93003],[75.7885,26.93003],[75.7885,26.92972],[75.78815,26.92972],[75.78815,26.93003]]]},"properties":{"d":[0,0,0,0,0,0,0,0,0,0,0,0,0,0,0,1,2,4,6,8,10,11,13,14,14,14,13,12,12,11,10,9,9,8,8,7,7]}},{"type":"Feature","geometry":{"type":"Polygon","coordinates":[[[75.7885,26.93003],[75.78884,26.93003],[75.78884,26.92972],[75.7885,26.92972],[75.7885,26.93003]]]},"properties":{"d":[0,0,0,0,0,0,0,0,0,0,0,0,0,0,0,1,3,5,7,9,11,12,14,14,14,14,14,13,12,11,11,10,9,9,8,7,7]}},{"type":"Feature","geometry":{"type":"Polygon","coordinates":[[[75.78884,26.93003],[75.78918,26.93003],[75.78918,26.92972],[75.78884,26.92972],[75.78884,26.93003]]]},"properties":{"d":[0,0,0,0,0,0,0,0,0,0,0,0,0,0,0,2,4,6,7,9,11,12,14,14,15,14,14,13,12,11,11,10,9,9,8,7,7]}},{"type":"Feature","geometry":{"type":"Polygon","coordinates":[[[75.78918,26.93003],[75.78953,26.93003],[75.78953,26.92972],[75.78918,26.92972],[75.78918,26.93003]]]},"properties":{"d":[0,0,0,0,0,0,0,0,0,0,0,0,0,0,0,1,2,2,2,2,3,3,3,3,3,2,2,2,2,1,1,1,1,0,0,0,0]}},{"type":"Feature","geometry":{"type":"Polygon","coordinates":[[[75.79021,26.93003],[75.79056,26.93003],[75.79056,26.92972],[75.79021,26.92972],[75.79021,26.93003]]]},"properties":{"d":[0,0,0,0,0,0,0,0,0,0,0,0,0,0,0,0,1,1,2,2,2,2,2,2,2,2,1,1,1,1,1,1,0,0,0,0,0]}},{"type":"Feature","geometry":{"type":"Polygon","coordinates":[[[75.79056,26.93003],[75.7909,26.93003],[75.7909,26.92972],[75.79056,26.92972],[75.79056,26.93003]]]},"properties":{"d":[0,0,0,0,0,0,0,0,0,0,0,0,0,0,0,1,1,2,3,3,3,3,3,3,3,3,2,2,2,1,1,1,1,1,1,0,0]}},{"type":"Feature","geometry":{"type":"Polygon","coordinates":[[[75.7909,26.93003],[75.79124,26.93003],[75.79124,26.92972],[75.7909,26.92972],[75.7909,26.93003]]]},"properties":{"d":[0,0,0,0,0,0,0,0,0,0,0,0,0,0,0,1,2,3,4,5,5,6,6,5,5,5,4,4,3,3,3,3,2,2,2,2,1]}},{"type":"Feature","geometry":{"type":"Polygon","coordinates":[[[75.79124,26.93003],[75.79159,26.93003],[75.79159,26.92972],[75.79124,26.92972],[75.79124,26.93003]]]},"properties":{"d":[0,0,0,0,0,0,0,0,0,0,0,0,0,0,0,1,2,4,5,6,6,7,7,6,6,5,5,4,4,3,3,3,3,2,2,2,2]}},{"type":"Feature","geometry":{"type":"Polygon","coordinates":[[[75.79159,26.93003],[75.79193,26.93003],[75.79193,26.92972],[75.79159,26.92972],[75.79159,26.93003]]]},"properties":{"d":[0,0,0,0,0,0,0,0,0,0,0,0,0,0,0,2,3,4,5,6,7,7,7,7,6,5,5,4,4,4,3,3,3,2,2,2,2]}},{"type":"Feature","geometry":{"type":"Polygon","coordinates":[[[75.79193,26.93003],[75.79227,26.93003],[75.79227,26.92972],[75.79193,26.92972],[75.79193,26.93003]]]},"properties":{"d":[0,0,0,0,0,0,0,0,0,0,0,0,0,0,0,2,4,4,4,4,5,5,5,5,4,4,3,3,2,2,1,1,1,1,0,0,0]}},{"type":"Feature","geometry":{"type":"Polygon","coordinates":[[[75.79674,26.93003],[75.79708,26.93003],[75.79708,26.92972],[75.79674,26.92972],[75.79674,26.93003]]]},"properties":{"d":[0,0,0,0,0,0,0,0,0,0,0,0,0,0,0,0,2,2,2,2,2,2,2,1,1,1,1,0,0,0,0,0,0,0,0,0,0]}},{"type":"Feature","geometry":{"type":"Polygon","coordinates":[[[75.79708,26.93003],[75.79742,26.93003],[75.79742,26.92972],[75.79708,26.92972],[75.79708,26.93003]]]},"properties":{"d":[0,0,0,0,0,0,0,0,0,0,0,0,0,0,0,2,4,4,4,5,5,4,4,3,3,2,2,1,1,0,0,0,0,0,0,0,0]}},{"type":"Feature","geometry":{"type":"Polygon","coordinates":[[[75.79742,26.93003],[75.79777,26.93003],[75.79777,26.92972],[75.79742,26.92972],[75.79742,26.93003]]]},"properties":{"d":[0,0,0,0,0,0,0,0,0,0,0,0,0,0,0,1,2,3,3,3,3,2,2,1,1,1,0,0,0,0,0,0,0,0,0,0,0]}},{"type":"Feature","geometry":{"type":"Polygon","coordinates":[[[75.80669,26.93003],[75.80704,26.93003],[75.80704,26.92972],[75.80669,26.92972],[75.80669,26.93003]]]},"properties":{"d":[0,0,0,0,0,0,0,0,0,0,0,0,0,0,0,0,0,1,2,2,2,2,2,2,1,1,1,1,1,0,0,0,0,0,0,0,0]}},{"type":"Feature","geometry":{"type":"Polygon","coordinates":[[[75.77442,26.92972],[75.77477,26.92972],[75.77477,26.92942],[75.77442,26.92942],[75.77442,26.92972]]]},"properties":{"d":[0,0,0,0,0,0,0,0,0,0,0,0,0,0,0,0,0,1,2,2,2,2,2,2,2,2,1,1,1,1,1,1,0,0,0,0,0]}},{"type":"Feature","geometry":{"type":"Polygon","coordinates":[[[75.7806,26.92972],[75.78094,26.92972],[75.78094,26.92942],[75.7806,26.92942],[75.7806,26.92972]]]},"properties":{"d":[0,0,0,0,0,0,0,0,0,0,0,0,0,0,0,1,1,2,3,4,4,4,4,4,3,3,2,2,1,1,1,1,0,0,0,0,0]}},{"type":"Feature","geometry":{"type":"Polygon","coordinates":[[[75.78781,26.92972],[75.78815,26.92972],[75.78815,26.92942],[75.78781,26.92942],[75.78781,26.92972]]]},"properties":{"d":[0,0,0,0,0,0,0,0,0,0,0,0,0,0,0,1,2,3,5,7,9,10,12,13,13,13,12,12,11,10,9,9,8,8,7,6,6]}},{"type":"Feature","geometry":{"type":"Polygon","coordinates":[[[75.78815,26.92972],[75.7885,26.92972],[75.7885,26.92942],[75.78815,26.92942],[75.78815,26.92972]]]},"properties":{"d":[0,0,0,0,0,0,0,0,0,0,0,0,0,0,0,1,2,4,6,8,10,12,13,14,14,14,13,13,12,11,10,10,9,9,8,7,7]}},{"type":"Feature","geometry":{"type":"Polygon","coordinates":[[[75.7885,26.92972],[75.78884,26.92972],[75.78884,26.92942],[75.7885,26.92942],[75.7885,26.92972]]]},"properties":{"d":[0,0,0,0,0,0,0,0,0,0,0,0,0,0,0,0,2,4,6,8,10,12,13,14,14,14,13,13,12,11,10,10,9,9,8,7,7]}},{"type":"Feature","geometry":{"type":"Polygon","coordinates":[[[75.78884,26.92972],[75.78918,26.92972],[75.78918,26.92942],[75.78884,26.92942],[75.78884,26.92972]]]},"properties":{"d":[0,0,0,0,0,0,0,0,0,0,0,0,0,0,0,1,3,4,6,8,10,12,13,14,14,14,13,13,12,11,10,10,9,9,8,7,7]}},{"type":"Feature","geometry":{"type":"Polygon","coordinates":[[[75.78987,26.92972],[75.79021,26.92972],[75.79021,26.92942],[75.78987,26.92942],[75.78987,26.92972]]]},"properties":{"d":[0,0,0,0,0,0,0,0,0,0,0,0,0,0,0,0,0,0,1,2,2,2,2,2,2,2,2,1,1,1,1,1,1,1,0,0,0]}},{"type":"Feature","geometry":{"type":"Polygon","coordinates":[[[75.79021,26.92972],[75.79056,26.92972],[75.79056,26.92942],[75.79021,26.92942],[75.79021,26.92972]]]},"properties":{"d":[0,0,0,0,0,0,0,0,0,0,0,0,0,0,0,0,0,1,2,2,3,3,3,3,2,2,2,2,1,1,1,1,1,1,1,0,0]}},{"type":"Feature","geometry":{"type":"Polygon","coordinates":[[[75.79056,26.92972],[75.7909,26.92972],[75.7909,26.92942],[75.79056,26.92942],[75.79056,26.92972]]]},"properties":{"d":[0,0,0,0,0,0,0,0,0,0,0,0,0,0,0,1,1,2,3,3,4,4,4,4,3,3,3,2,2,2,2,2,1,1,1,1,1]}},{"type":"Feature","geometry":{"type":"Polygon","coordinates":[[[75.7909,26.92972],[75.79124,26.92972],[75.79124,26.92942],[75.7909,26.92942],[75.7909,26.92972]]]},"properties":{"d":[0,0,0,0,0,0,0,0,0,0,0,0,0,0,0,1,2,3,4,5,5,6,6,5,5,5,4,4,3,3,3,3,2,2,2,2,1]}},{"type":"Feature","geometry":{"type":"Polygon","coordinates":[[[75.79124,26.92972],[75.79159,26.92972],[75.79159,26.92942],[75.79124,26.92942],[75.79124,26.92972]]]},"properties":{"d":[0,0,0,0,0,0,0,0,0,0,0,0,0,0,0,1,2,3,5,6,6,7,7,6,6,5,5,4,4,4,3,3,3,2,2,2,2]}},{"type":"Feature","geometry":{"type":"Polygon","coordinates":[[[75.79159,26.92972],[75.79193,26.92972],[75.79193,26.92942],[75.79159,26.92942],[75.79159,26.92972]]]},"properties":{"d":[0,0,0,0,0,0,0,0,0,0,0,0,0,0,0,1,2,4,5,6,7,7,7,7,6,5,5,4,4,4,3,3,3,2,2,2,2]}},{"type":"Feature","geometry":{"type":"Polygon","coordinates":[[[75.79193,26.92972],[75.79227,26.92972],[75.79227,26.92942],[75.79193,26.92942],[75.79193,26.92972]]]},"properties":{"d":[0,0,0,0,0,0,0,0,0,0,0,0,0,0,0,1,4,5,6,6,7,7,7,7,6,6,5,5,4,4,3,3,3,2,2,2,2]}},{"type":"Feature","geometry":{"type":"Polygon","coordinates":[[[75.79227,26.92972],[75.79262,26.92972],[75.79262,26.92942],[75.79227,26.92942],[75.79227,26.92972]]]},"properties":{"d":[0,0,0,0,0,0,0,0,0,0,0,0,0,0,0,2,5,6,6,7,7,8,7,7,6,6,5,5,4,4,3,3,3,3,2,2,2]}},{"type":"Feature","geometry":{"type":"Polygon","coordinates":[[[75.79262,26.92972],[75.79296,26.92972],[75.79296,26.92942],[75.79262,26.92942],[75.79262,26.92972]]]},"properties":{"d":[0,0,0,0,0,0,0,0,0,0,0,0,0,0,0,2,3,2,1,2,2,2,1,1,1,0,0,0,0,0,0,0,0,0,0,0,0]}},{"type":"Feature","geometry":{"type":"Polygon","coordinates":[[[75.79674,26.92972],[75.79708,26.92972],[75.79708,26.92942],[75.79674,26.92942],[75.79674,26.92972]]]},"properties":{"d":[0,0,0,0,0,0,0,0,0,0,0,0,0,0,0,2,2,3,4,4,5,5,4,4,3,3,2,1,1,1,0,0,0,0,0,0,0]}},{"type":"Feature","geometry":{"type":"Polygon","coordinates":[[[75.79708,26.92972],[75.79742,26.92972],[75.79742,26.92942],[75.79708,26.92942],[75.79708,26.92972]]]},"properties":{"d":[0,0,0,0,0,0,0,0,0,0,0,0,0,0,0,2,5,7,8,10,11,11,11,11,10,10,9,9,8,8,7,7,6,6,6,5,5]}},{"type":"Feature","geometry":{"type":"Polygon","coordinates":[[[75.79742,26.92972],[75.79777,26.92972],[75.79777,26.92942],[75.79742,26.92942],[75.79742,26.92972]]]},"properties":{"d":[0,0,0,0,0,0,0,0,0,0,0,0,0,0,0,1,4,6,8,9,10,11,11,11,10,10,9,9,8,8,7,7,6,6,6,5,5]}},{"type":"Feature","geometry":{"type":"Polygon","coordinates":[[[75.79777,26.92972],[75.79811,26.92972],[75.79811,26.92942],[75.79777,26.92942],[75.79777,26.92972]]]},"properties":{"d":[0,0,0,0,0,0,0,0,0,0,0,0,0,0,0,1,4,6,7,9,10,11,11,11,10,10,9,9,8,8,7,7,6,6,6,5,5]}},{"type":"Feature","geometry":{"type":"Polygon","coordinates":[[[75.80566,26.92972],[75.80601,26.92972],[75.80601,26.92942],[75.80566,26.92942],[75.80566,26.92972]]]},"properties":{"d":[0,0,0,0,0,0,0,0,0,0,0,0,0,0,0,1,2,2,2,2,2,2,2,1,1,1,1,1,1,0,0,0,0,0,0,0,0]}},{"type":"Feature","geometry":{"type":"Polygon","coordinates":[[[75.77785,26.92942],[75.7782,26.92942],[75.7782,26.92911],[75.77785,26.92911],[75.77785,26.92942]]]},"properties":{"d":[0,0,0,0,0,0,0,0,0,0,0,0,0,0,0,0,1,2,3,4,5,5,5,5,4,4,4,4,4,3,3,3,3,3,3,2,2]}},{"type":"Feature","geometry":{"type":"Polygon","coordinates":[[[75.78781,26.92942],[75.78815,26.92942],[75.78815,26.92911],[75.78781,26.92911],[75.78781,26.92942]]]},"properties":{"d":[0,0,0,0,0,0,0,0,0,0,0,0,0,0,0,0,1,1,1,3,5,7,8,9,9,9,9,8,7,7,6,5,5,4,4,3,3]}},{"type":"Feature","geometry":{"type":"Polygon","coordinates":[[[75.78815,26.92942],[75.7885,26.92942],[75.7885,26.92911],[75.78815,26.92911],[75.78815,26.92942]]]},"properties":{"d":[0,0,0,0,0,0,0,0,0,0,0,0,0,0,0,1,1,3,6,8,10,11,13,13,14,13,13,12,12,11,10,10,9,8,8,7,7]}},{"type":"Feature","geometry":{"type":"Polygon","coordinates":[[[75.7885,26.92942],[75.78884,26.92942],[75.78884,26.92911],[75.7885,26.92911],[75.7885,26.92942]]]},"properties":{"d":[0,0,0,0,0,0,0,0,0,0,0,0,0,0,0,1,1,3,5,8,10,11,12,13,14,13,13,12,12,11,10,10,9,8,8,7,7]}},{"type":"Feature","geometry":{"type":"Polygon","coordinates":[[[75.78884,26.92942],[75.78918,26.92942],[75.78918,26.92911],[75.78884,26.92911],[75.78884,26.92942]]]},"properties":{"d":[0,0,0,0,0,0,0,0,0,0,0,0,0,0,0,1,2,3,5,7,9,10,12,12,13,13,12,11,11,10,9,9,8,7,7,6,6]}},{"type":"Feature","geometry":{"type":"Polygon","coordinates":[[[75.79124,26.92942],[75.79159,26.92942],[75.79159,26.92911],[75.79124,26.92911],[75.79124,26.92942]]]},"properties":{"d":[0,0,0,0,0,0,0,0,0,0,0,0,0,0,0,1,2,4,5,6,6,7,7,7,6,5,5,4,4,4,3,3,3,2,2,2,2]}},{"type":"Feature","geometry":{"type":"Polygon","coordinates":[[[75.79159,26.92942],[75.79193,26.92942],[75.79193,26.92911],[75.79159,26.92911],[75.79159,26.92942]]]},"properties":{"d":[0,0,0,0,0,0,0,0,0,0,0,0,0,0,0,1,2,4,5,6,7,7,7,7,6,6,5,4,4,4,3,3,3,2,2,2,2]}},{"type":"Feature","geometry":{"type":"Polygon","coordinates":[[[75.79193,26.92942],[75.79227,26.92942],[75.79227,26.92911],[75.79193,26.92911],[75.79193,26.92942]]]},"properties":{"d":[0,0,0,0,0,0,0,0,0,0,0,0,0,0,0,1,3,5,6,6,7,7,7,7,6,6,5,5,4,4,3,3,3,2,2,2,2]}},{"type":"Feature","geometry":{"type":"Polygon","coordinates":[[[75.79227,26.92942],[75.79262,26.92942],[75.79262,26.92911],[75.79227,26.92911],[75.79227,26.92942]]]},"properties":{"d":[0,0,0,0,0,0,0,0,0,0,0,0,0,0,0,2,5,6,6,7,7,8,7,7,6,6,5,5,4,4,3,3,3,3,2,2,2]}},{"type":"Feature","geometry":{"type":"Polygon","coordinates":[[[75.79674,26.92942],[75.79708,26.92942],[75.79708,26.92911],[75.79674,26.92911],[75.79674,26.92942]]]},"properties":{"d":[0,0,0,0,0,0,0,0,0,0,0,0,0,0,0,1,1,1,2,2,3,3,2,2,1,1,1,0,0,0,0,0,0,0,0,0,0]}},{"type":"Feature","geometry":{"type":"Polygon","coordinates":[[[75.79708,26.92942],[75.79742,26.92942],[75.79742,26.92911],[75.79708,26.92911],[75.79708,26.92942]]]},"properties":{"d":[0,0,0,0,0,0,0,0,0,0,0,0,0,0,0,1,3,5,7,8,9,10,10,10,9,9,8,8,7,7,6,6,5,5,5,4,4]}},{"type":"Feature","geometry":{"type":"Polygon","coordinates":[[[75.79742,26.92942],[75.79777,26.92942],[75.79777,26.92911],[75.79742,26.92911],[75.79742,26.92942]]]},"properties":{"d":[0,0,0,0,0,0,0,0,0,0,0,0,0,0,0,1,3,5,7,9,10,11,11,11,10,10,9,9,8,8,7,7,6,6,6,5,5]}},{"type":"Feature","geometry":{"type":"Polygon","coordinates":[[[75.79777,26.92942],[75.79811,26.92942],[75.79811,26.92911],[75.79777,26.92911],[75.79777,26.92942]]]},"properties":{"d":[0,0,0,0,0,0,0,0,0,0,0,0,0,0,0,1,2,5,7,9,10,11,11,11,10,10,9,9,8,8,7,7,6,6,6,5,5]}},{"type":"Feature","geometry":{"type":"Polygon","coordinates":[[[75.79811,26.92942],[75.79845,26.92942],[75.79845,26.92911],[75.79811,26.92911],[75.79811,26.92942]]]},"properties":{"d":[0,0,0,0,0,0,0,0,0,0,0,0,0,0,0,1,3,5,7,9,10,10,11,11,10,10,9,9,8,8,7,7,6,6,6,5,5]}},{"type":"Feature","geometry":{"type":"Polygon","coordinates":[[[75.79845,26.92942],[75.7988,26.92942],[75.7988,26.92911],[75.79845,26.92911],[75.79845,26.92942]]]},"properties":{"d":[0,0,0,0,0,0,0,0,0,0,0,0,0,0,0,1,3,2,3,4,5,5,6,5,5,5,4,4,3,3,2,2,1,1,1,1,0]}},{"type":"Feature","geometry":{"type":"Polygon","coordinates":[[[75.80257,26.92942],[75.80292,26.92942],[75.80292,26.92911],[75.80257,26.92911],[75.80257,26.92942]]]},"properties":{"d":[0,0,0,0,0,0,0,0,0,0,0,0,0,0,0,0,1,2,2,2,2,2,2,1,1,1,0,0,0,0,0,0,0,0,0,0,0]}},{"type":"Feature","geometry":{"type":"Polygon","coordinates":[[[75.77785,26.92911],[75.7782,26.92911],[75.7782,26.9288],[75.77785,26.9288],[75.77785,26.92911]]]},"properties":{"d":[0,0,0,0,0,0,0,0,0,0,0,0,0,0,0,0,1,2,4,4,5,5,5,5,4,4,4,4,4,3,3,3,3,3,3,2,2]}},{"type":"Feature","geometry":{"type":"Polygon","coordinates":[[[75.78815,26.92911],[75.7885,26.92911],[75.7885,26.9288],[75.78815,26.9288],[75.78815,26.92911]]]},"properties":{"d":[0,0,0,0,0,0,0,0,0,0,0,0,0,0,0,0,0,0,0,0,1,3,4,5,5,5,5,4,4,3,3,2,2,1,1,1,0]}},{"type":"Feature","geometry":{"type":"Polygon","coordinates":[[[75.7885,26.92911],[75.78884,26.92911],[75.78884,26.9288],[75.7885,26.9288],[75.7885,26.92911]]]},"properties":{"d":[0,0,0,0,0,0,0,0,0,0,0,0,0,0,0,1,1,3,5,7,8,10,11,12,12,12,12,11,10,10,9,9,8,8,7,7,7]}},{"type":"Feature","geometry":{"type":"Polygon","coordinates":[[[75.78884,26.92911],[75.78918,26.92911],[75.78918,26.9288],[75.78884,26.9288],[75.78884,26.92911]]]},"properties":{"d":[0,0,0,0,0,0,0,0,0,0,0,0,0,0,0,1,1,1,1,1,1,1,1,2,2,2,2,2,1,1,1,0,0,0,0,0,0]}},{"type":"Feature","geometry":{"type":"Polygon","coordinates":[[[75.79193,26.92911],[75.79227,26.92911],[75.79227,26.9288],[75.79193,26.9288],[75.79193,26.92911]]]},"properties":{"d":[0,0,0,0,0,0,0,0,0,0,0,0,0,0,0,1,2,5,6,6,7,7,7,7,6,6,5,5,4,4,3,3,3,3,2,2,2]}},{"type":"Feature","geometry":{"type":"Polygon","coordinates":[[[75.79433,26.92911],[75.79468,26.92911],[75.79468,26.9288],[75.79433,26.9288],[75.79433,26.92911]]]},"properties":{"d":[0,0,0,0,0,0,0,0,0,0,0,0,0,0,0,1,2,2,2,1,1,1,1,0,0,0,0,0,0,0,0,0,0,0,0,0,0]}},{"type":"Feature","geometry":{"type":"Polygon","coordinates":[[[75.79742,26.92911],[75.79777,26.92911],[75.79777,26.9288],[75.79742,26.9288],[75.79742,26.92911]]]},"properties":{"d":[0,0,0,0,0,0,0,0,0,0,0,0,0,0,0,1,1,3,6,7,9,9,10,9,9,8,8,7,7,6,6,6,5,5,4,4,4]}},{"type":"Feature","geometry":{"type":"Polygon","coordinates":[[[75.79777,26.92911],[75.79811,26.92911],[75.79811,26.9288],[75.79777,26.9288],[75.79777,26.92911]]]},"properties":{"d":[0,0,0,0,0,0,0,0,0,0,0,0,0,0,0,1,2,4,7,9,10,10,11,10,10,10,9,9,8,8,7,7,6,6,6,5,5]}},{"type":"Feature","geometry":{"type":"Polygon","coordinates":[[[75.79811,26.92911],[75.79845,26.92911],[75.79845,26.9288],[75.79811,26.9288],[75.79811,26.92911]]]},"properties":{"d":[0,0,0,0,0,0,0,0,0,0,0,0,0,0,0,1,3,5,7,8,10,10,11,10,10,10,9,9,8,8,7,7,6,6,6,5,5]}},{"type":"Feature","geometry":{"type":"Polygon","coordinates":[[[75.79845,26.92911],[75.7988,26.92911],[75.7988,26.9288],[75.79845,26.9288],[75.79845,26.92911]]]},"properties":{"d":[0,0,0,0,0,0,0,0,0,0,0,0,0,0,0,2,5,6,7,9,10,10,11,10,10,10,9,9,8,8,7,7,6,6,6,5,5]}},{"type":"Feature","geometry":{"type":"Polygon","coordinates":[[[75.7988,26.92911],[75.79914,26.92911],[75.79914,26.9288],[75.7988,26.9288],[75.7988,26.92911]]]},"properties":{"d":[0,0,0,0,0,0,0,0,0,0,0,0,0,0,0,1,2,3,3,3,2,2,2,1,1,0,0,0,0,0,0,0,0,0,0,0,0]}},{"type":"Feature","geometry":{"type":"Polygon","coordinates":[[[75.79948,26.92911],[75.79983,26.92911],[75.79983,26.9288],[75.79948,26.9288],[75.79948,26.92911]]]},"properties":{"d":[0,0,0,0,0,0,0,0,0,0,0,0,0,0,0,1,2,2,2,2,1,1,1,0,0,0,0,0,0,0,0,0,0,0,0,0,0]}},{"type":"Feature","geometry":{"type":"Polygon","coordinates":[[[75.80257,26.92911],[75.80292,26.92911],[75.80292,26.9288],[75.80257,26.9288],[75.80257,26.92911]]]},"properties":{"d":[0,0,0,0,0,0,0,0,0,0,0,0,0,0,0,1,3,2,3,2,2,2,2,1,1,1,0,0,0,0,0,0,0,0,0,0,0]}},{"type":"Feature","geometry":{"type":"Polygon","coordinates":[[[75.80292,26.92911],[75.80326,26.92911],[75.80326,26.9288],[75.80292,26.9288],[75.80292,26.92911]]]},"properties":{"d":[0,0,0,0,0,0,0,0,0,0,0,0,0,0,0,0,2,2,2,2,2,1,1,1,1,1,0,0,0,0,0,0,0,0,0,0,0]}},{"type":"Feature","geometry":{"type":"Polygon","coordinates":[[[75.77339,26.9288],[75.77374,26.9288],[75.77374,26.9285],[75.77339,26.9285],[75.77339,26.9288]]]},"properties":{"d":[0,0,0,0,0,0,0,0,0,0,0,0,0,0,0,0,0,3,4,4,3,3,3,2,2,2,1,1,1,1,0,0,0,0,0,0,0]}},{"type":"Feature","geometry":{"type":"Polygon","coordinates":[[[75.77374,26.9288],[75.77408,26.9288],[75.77408,26.9285],[75.77374,26.9285],[75.77374,26.9288]]]},"properties":{"d":[0,0,0,0,0,0,0,0,0,0,0,0,0,0,0,0,1,3,4,4,4,3,3,2,2,2,1,1,1,1,0,0,0,0,0,0,0]}},{"type":"Feature","geometry":{"type":"Polygon","coordinates":[[[75.78815,26.9288],[75.7885,26.9288],[75.7885,26.9285],[75.78815,26.9285],[75.78815,26.9288]]]},"properties":{"d":[0,0,0,0,0,0,0,0,0,0,0,0,0,0,0,0,0,0,0,1,1,2,3,3,3,3,3,3,3,2,2,2,1,1,1,1,1]}},{"type":"Feature","geometry":{"type":"Polygon","coordinates":[[[75.7885,26.9288],[75.78884,26.9288],[75.78884,26.9285],[75.7885,26.9285],[75.7885,26.9288]]]},"properties":{"d":[0,0,0,0,0,0,0,0,0,0,0,0,0,0,0,0,0,0,1,2,3,3,4,5,5,5,5,4,4,4,3,3,3,2,2,2,2]}},{"type":"Feature","geometry":{"type":"Polygon","coordinates":[[[75.79433,26.9288],[75.79468,26.9288],[75.79468,26.9285],[75.79433,26.9285],[75.79433,26.9288]]]},"properties":{"d":[0,0,0,0,0,0,0,0,0,0,0,0,0,0,0,2,3,3,3,3,2,2,1,1,0,0,0,0,0,0,0,0,0,0,0,0,0]}},{"type":"Feature","geometry":{"type":"Polygon","coordinates":[[[75.79742,26.9288],[75.79777,26.9288],[75.79777,26.9285],[75.79742,26.9285],[75.79742,26.9288]]]},"properties":{"d":[0,0,0,0,0,0,0,0,0,0,0,0,0,0,0,0,0,0,1,1,1,2,3,3,3,2,2,1,1,1,0,0,0,0,0,0,0]}},{"type":"Feature","geometry":{"type":"Polygon","coordinates":[[[75.79777,26.9288],[75.79811,26.9288],[75.79811,26.9285],[75.79777,26.9285],[75.79777,26.9288]]]},"properties":{"d":[0,0,0,0,0,0,0,0,0,0,0,0,0,0,0,1,2,4,6,8,9,10,10,10,10,9,9,8,8,7,7,7,6,6,6,5,5]}},{"type":"Feature","geometry":{"type":"Polygon","coordinates":[[[75.79811,26.9288],[75.79845,26.9288],[75.79845,26.9285],[75.79811,26.9285],[75.79811,26.9288]]]},"properties":{"d":[0,0,0,0,0,0,0,0,0,0,0,0,0,0,0,1,2,4,6,8,9,10,10,10,10,10,9,9,8,8,7,7,6,6,6,5,5]}},{"type":"Feature","geometry":{"type":"Polygon","coordinates":[[[75.79983,26.9288],[75.80017,26.9288],[75.80017,26.9285],[75.79983,26.9285],[75.79983,26.9288]]]},"properties":{"d":[0,0,0,0,0,0,0,0,0,0,0,0,0,0,0,1,2,2,2,2,2,1,1,1,0,0,0,0,0,0,0,0,0,0,0,0,0]}},{"type":"Feature","geometry":{"type":"Polygon","coordinates":[[[75.80292,26.9288],[75.80326,26.9288],[75.80326,26.9285],[75.80292,26.9285],[75.80292,26.9288]]]},"properties":{"d":[0,0,0,0,0,0,0,0,0,0,0,0,0,0,0,2,2,2,3,3,2,2,2,1,1,1,0,0,0,0,0,0,0,0,0,0,0]}},{"type":"Feature","geometry":{"type":"Polygon","coordinates":[[[75.77339,26.9285],[75.77374,26.9285],[75.77374,26.92819],[75.77339,26.92819],[75.77339,26.9285]]]},"properties":{"d":[0,0,0,0,0,0,0,0,0,0,0,0,0,0,0,0,0,1,3,3,3,3,2,2,2,1,1,1,1,0,0,0,0,0,0,0,0]}},{"type":"Feature","geometry":{"type":"Polygon","coordinates":[[[75.78815,26.9285],[75.7885,26.9285],[75.7885,26.92819],[75.78815,26.92819],[75.78815,26.9285]]]},"properties":{"d":[0,0,0,0,0,0,0,0,0,0,0,0,0,0,0,0,0,0,0,0,1,2,2,2,3,3,3,2,2,2,2,1,1,1,1,1,1]}},{"type":"Feature","geometry":{"type":"Polygon","coordinates":[[[75.7885,26.9285],[75.78884,26.9285],[75.78884,26.92819],[75.7885,26.92819],[75.7885,26.9285]]]},"properties":{"d":[0,0,0,0,0,0,0,0,0,0,0,0,0,0,0,0,0,0,0,1,2,2,2,3,3,3,3,3,2,2,2,2,2,1,1,1,1]}},{"type":"Feature","geometry":{"type":"Polygon","coordinates":[[[75.79433,26.9285],[75.79468,26.9285],[75.79468,26.92819],[75.79433,26.92819],[75.79433,26.9285]]]},"properties":{"d":[0,0,0,0,0,0,0,0,0,0,0,0,0,0,0,2,2,3,3,2,2,2,1,1,0,0,0,0,0,0,0,0,0,0,0,0,0]}},{"type":"Feature","geometry":{"type":"Polygon","coordinates":[[[75.79468,26.9285],[75.79502,26.9285],[75.79502,26.92819],[75.79468,26.92819],[75.79468,26.9285]]]},"properties":{"d":[0,0,0,0,0,0,0,0,0,0,0,0,0,0,0,1,2,2,2,2,2,2,1,1,0,0,0,0,0,0,0,0,0,0,0,0,0]}},{"type":"Feature","geometry":{"type":"Polygon","coordinates":[[[75.79742,26.9285],[75.79777,26.9285],[75.79777,26.92819],[75.79742,26.92819],[75.79742,26.9285]]]},"properties":{"d":[0,0,0,0,0,0,0,0,0,0,0,0,0,0,0,1,1,1,2,3,5,6,6,6,6,5,5,5,4,4,3,3,3,3,2,2,2]}},{"type":"Feature","geometry":{"type":"Polygon","coordinates":[[[75.79777,26.9285],[75.79811,26.9285],[75.79811,26.92819],[75.79777,26.92819],[75.79777,26.9285]]]},"properties":{"d":[0,0,0,0,0,0,0,0,0,0,0,0,0,0,0,1,2,3,5,7,8,9,9,9,9,9,8,8,7,7,7,6,6,6,5,5,5]}},{"type":"Feature","geometry":{"type":"Polygon","coordinates":[[[75.80326,26.9285],[75.8036,26.9285],[75.8036,26.92819],[75.80326,26.92819],[75.80326,26.9285]]]},"properties":{"d":[0,0,0,0,0,0,0,0,0,0,0,0,0,0,0,0,2,2,3,3,2,2,2,1,1,1,0,0,0,0,0,0,0,0,0,0,0]}},{"type":"Feature","geometry":{"type":"Polygon","coordinates":[[[75.78163,26.92819],[75.78197,26.92819],[75.78197,26.92789],[75.78163,26.92789],[75.78163,26.92819]]]},"properties":{"d":[0,0,0,0,0,0,0,0,0,0,0,0,0,0,0,1,2,3,4,4,5,5,5,5,4,4,4,4,4,4,3,3,3,3,3,2,2]}},{"type":"Feature","geometry":{"type":"Polygon","coordinates":[[[75.78197,26.92819],[75.78232,26.92819],[75.78232,26.92789],[75.78197,26.92789],[75.78197,26.92819]]]},"properties":{"d":[0,0,0,0,0,0,0,0,0,0,0,0,0,0,0,1,2,3,4,4,5,5,5,5,4,4,4,4,4,4,3,3,3,3,3,2,2]}},{"type":"Feature","geometry":{"type":"Polygon","coordinates":[[[75.78781,26.92819],[75.78815,26.92819],[75.78815,26.92789],[75.78781,26.92789],[75.78781,26.92819]]]},"properties":{"d":[0,0,0,0,0,0,0,0,0,0,0,0,0,0,0,0,0,0,0,0,1,1,2,2,2,2,2,2,2,2,1,1,1,1,1,1,1]}},{"type":"Feature","geometry":{"type":"Polygon","coordinates":[[[75.78815,26.92819],[75.7885,26.92819],[75.7885,26.92789],[75.78815,26.92789],[75.78815,26.92819]]]},"properties":{"d":[0,0,0,0,0,0,0,0,0,0,0,0,0,0,0,0,0,0,0,0,1,1,2,2,2,2,2,2,2,2,1,1,1,1,1,1,1]}},{"type":"Feature","geometry":{"type":"Polygon","coordinates":[[[75.79468,26.92819],[75.79502,26.92819],[75.79502,26.92789],[75.79468,26.92789],[75.79468,26.92819]]]},"properties":{"d":[0,0,0,0,0,0,0,0,0,0,0,0,0,0,0,1,3,3,3,3,3,2,2,1,1,0,0,0,0,0,0,0,0,0,0,0,0]}},{"type":"Feature","geometry":{"type":"Polygon","coordinates":[[[75.79742,26.92819],[75.79777,26.92819],[75.79777,26.92789],[75.79742,26.92789],[75.79742,26.92819]]]},"properties":{"d":[0,0,0,0,0,0,0,0,0,0,0,0,0,0,0,1,1,1,2,2,4,4,5,5,5,4,4,4,3,3,3,3,2,2,2,2,2]}},{"type":"Feature","geometry":{"type":"Polygon","coordinates":[[[75.80326,26.92819],[75.8036,26.92819],[75.8036,26.92789],[75.80326,26.92789],[75.80326,26.92819]]]},"properties":{"d":[0,0,0,0,0,0,0,0,0,0,0,0,0,0,0,1,2,3,3,3,3,2,2,1,1,1,0,0,0,0,0,0,0,0,0,0,0]}},{"type":"Feature","geometry":{"type":"Polygon","coordinates":[[[75.78129,26.92789],[75.78163,26.92789],[75.78163,26.92758],[75.78129,26.92758],[75.78129,26.92789]]]},"properties":{"d":[0,0,0,0,0,0,0,0,0,0,0,0,0,0,0,0,1,2,2,2,3,3,3,3,3,3,3,3,3,2,2,2,2,2,1,1,1]}},{"type":"Feature","geometry":{"type":"Polygon","coordinates":[[[75.78163,26.92789],[75.78197,26.92789],[75.78197,26.92758],[75.78163,26.92758],[75.78163,26.92789]]]},"properties":{"d":[0,0,0,0,0,0,0,0,0,0,0,0,0,0,0,0,1,2,3,4,4,5,5,5,4,4,4,4,4,4,3,3,3,3,3,2,2]}},{"type":"Feature","geometry":{"type":"Polygon","coordinates":[[[75.78197,26.92789],[75.78232,26.92789],[75.78232,26.92758],[75.78197,26.92758],[75.78197,26.92789]]]},"properties":{"d":[0,0,0,0,0,0,0,0,0,0,0,0,0,0,0,0,1,2,3,4,4,4,5,5,4,4,4,4,4,4,3,3,3,3,3,2,2]}},{"type":"Feature","geometry":{"type":"Polygon","coordinates":[[[75.78232,26.92789],[75.78266,26.92789],[75.78266,26.92758],[75.78232,26.92758],[75.78232,26.92789]]]},"properties":{"d":[0,0,0,0,0,0,0,0,0,0,0,0,0,0,0,1,2,3,3,4,4,4,5,5,4,4,4,4,4,4,3,3,3,3,3,2,2]}},{"type":"Feature","geometry":{"type":"Polygon","coordinates":[[[75.78575,26.92789],[75.78609,26.92789],[75.78609,26.92758],[75.78575,26.92758],[75.78575,26.92789]]]},"properties":{"d":[0,0,0,0,0,0,0,0,0,0,0,0,0,0,0,1,4,3,2,2,2,2,1,1,0,0,0,0,0,0,0,0,0,0,0,0,0]}},{"type":"Feature","geometry":{"type":"Polygon","coordinates":[[[75.78712,26.92789],[75.78747,26.92789],[75.78747,26.92758],[75.78712,26.92758],[75.78712,26.92789]]]},"properties":{"d":[0,0,0,0,0,0,0,0,0,0,0,0,0,0,0,1,1,1,1,1,1,1,1,2,2,2,2,2,2,2,2,1,1,1,1,1,0]}},{"type":"Feature","geometry":{"type":"Polygon","coordinates":[[[75.78747,26.92789],[75.78781,26.92789],[75.78781,26.92758],[75.78747,26.92758],[75.78747,26.92789]]]},"properties":{"d":[0,0,0,0,0,0,0,0,0,0,0,0,0,0,0,1,1,1,1,1,1,1,2,2,3,3,3,3,2,2,2,2,1,1,1,1,1]}},{"type":"Feature","geometry":{"type":"Polygon","coordinates":[[[75.78781,26.92789],[75.78815,26.92789],[75.78815,26.92758],[75.78781,26.92758],[75.78781,26.92789]]]},"properties":{"d":[0,0,0,0,0,0,0,0,0,0,0,0,0,0,0,0,0,1,1,1,1,1,2,2,2,2,2,2,2,2,2,1,1,1,1,1,1]}},{"type":"Feature","geometry":{"type":"Polygon","coordinates":[[[75.79468,26.92789],[75.79502,26.92789],[75.79502,26.92758],[75.79468,26.92758],[75.79468,26.92789]]]},"properties":{"d":[0,0,0,0,0,0,0,0,0,0,0,0,0,0,0,2,2,3,3,3,3,3,2,2,1,1,0,0,0,0,0,0,0,0,0,0,0]}},{"type":"Feature","geometry":{"type":"Polygon","coordinates":[[[75.79502,26.92789],[75.79536,26.92789],[75.79536,26.92758],[75.79502,26.92758],[75.79502,26.92789]]]},"properties":{"d":[0,0,0,0,0,0,0,0,0,0,0,0,0,0,0,1,1,2,2,2,2,2,1,1,0,0,0,0,0,0,0,0,0,0,0,0,0]}},{"type":"Feature","geometry":{"type":"Polygon","coordinates":[[[75.79742,26.92789],[75.79777,26.92789],[75.79777,26.92758],[75.79742,26.92758],[75.79742,26.92789]]]},"properties":{"d":[0,0,0,0,0,0,0,0,0,0,0,0,0,0,0,0,0,1,1,1,2,2,3,3,2,2,2,2,2,2,2,1,1,1,1,1,1]}},{"type":"Feature","geometry":{"type":"Polygon","coordinates":[[[75.80086,26.92789],[75.8012,26.92789],[75.8012,26.92758],[75.80086,26.92758],[75.80086,26.92789]]]},"properties":{"d":[0,0,0,0,0,0,0,0,0,0,0,0,0,0,0,3,3,3,3,3,3,2,2,1,1,0,0,0,0,0,0,0,0,0,0,0,0]}},{"type":"Feature","geometry":{"type":"Polygon","coordinates":[[[75.80326,26.92789],[75.8036,26.92789],[75.8036,26.92758],[75.80326,26.92758],[75.80326,26.92789]]]},"properties":{"d":[0,0,0,0,0,0,0,0,0,0,0,0,0,0,0,1,5,3,4,4,4,3,3,2,2,1,1,0,0,0,0,0,0,0,0,0,0]}},{"type":"Feature","geometry":{"type":"Polygon","coordinates":[[[75.80498,26.92789],[75.80532,26.92789],[75.80532,26.92758],[75.80498,26.92758],[75.80498,26.92789]]]},"properties":{"d":[0,0,0,0,0,0,0,0,0,0,0,0,0,0,0,1,3,3,4,4,4,3,3,2,2,1,1,1,0,0,0,0,0,0,0,0,0]}},{"type":"Feature","geometry":{"type":"Polygon","coordinates":[[[75.78163,26.92758],[75.78197,26.92758],[75.78197,26.92727],[75.78163,26.92727],[75.78163,26.92758]]]},"properties":{"d":[0,0,0,0,0,0,0,0,0,0,0,0,0,0,0,0,1,1,3,4,4,4,5,5,4,4,4,4,4,4,3,3,3,3,3,2,2]}},{"type":"Feature","geometry":{"type":"Polygon","coordinates":[[[75.78197,26.92758],[75.78232,26.92758],[75.78232,26.92727],[75.78197,26.92727],[75.78197,26.92758]]]},"properties":{"d":[0,0,0,0,0,0,0,0,0,0,0,0,0,0,0,0,1,2,3,4,4,4,5,5,4,4,4,4,4,4,3,3,3,3,3,2,2]}},{"type":"Feature","geometry":{"type":"Polygon","coordinates":[[[75.78232,26.92758],[75.78266,26.92758],[75.78266,26.92727],[75.78232,26.92727],[75.78232,26.92758]]]},"properties":{"d":[0,0,0,0,0,0,0,0,0,0,0,0,0,0,0,1,2,3,3,4,4,4,5,5,4,4,4,4,4,4,3,3,3,3,3,2,2]}},{"type":"Feature","geometry":{"type":"Polygon","coordinates":[[[75.78575,26.92758],[75.78609,26.92758],[75.78609,26.92727],[75.78575,26.92727],[75.78575,26.92758]]]},"properties":{"d":[0,0,0,0,0,0,0,0,0,0,0,0,0,0,0,2,5,5,5,5,5,5,4,4,4,4,5,5,4,4,4,3,3,2,2,2,1]}},{"type":"Feature","geometry":{"type":"Polygon","coordinates":[[[75.78609,26.92758],[75.78644,26.92758],[75.78644,26.92727],[75.78609,26.92727],[75.78609,26.92758]]]},"properties":{"d":[0,0,0,0,0,0,0,0,0,0,0,0,0,0,0,2,4,3,4,4,4,4,4,4,5,5,5,5,5,5,4,4,3,3,2,2,2]}},{"type":"Feature","geometry":{"type":"Polygon","coordinates":[[[75.78644,26.92758],[75.78678,26.92758],[75.78678,26.92727],[75.78644,26.92727],[75.78644,26.92758]]]},"properties":{"d":[0,0,0,0,0,0,0,0,0,0,0,0,0,0,0,2,1,2,3,3,3,3,3,3,4,4,4,4,4,4,3,3,3,2,2,2,1]}},{"type":"Feature","geometry":{"type":"Polygon","coordinates":[[[75.78678,26.92758],[75.78712,26.92758],[75.78712,26.92727],[75.78678,26.92727],[75.78678,26.92758]]]},"properties":{"d":[0,0,0,0,0,0,0,0,0,0,0,0,0,0,0,2,0,2,3,3,3,3,4,4,4,5,5,5,4,4,4,3,3,2,2,2,1]}},{"type":"Feature","geometry":{"type":"Polygon","coordinates":[[[75.78712,26.92758],[75.78747,26.92758],[75.78747,26.92727],[75.78712,26.92727],[75.78712,26.92758]]]},"properties":{"d":[0,0,0,0,0,0,0,0,0,0,0,0,0,0,0,1,1,2,3,3,3,3,4,4,5,5,5,5,4,4,4,3,3,2,2,2,1]}},{"type":"Feature","geometry":{"type":"Polygon","coordinates":[[[75.78747,26.92758],[75.78781,26.92758],[75.78781,26.92727],[75.78747,26.92727],[75.78747,26.92758]]]},"properties":{"d":[0,0,0,0,0,0,0,0,0,0,0,0,0,0,0,0,2,2,2,3,3,3,4,4,5,5,5,5,4,4,3,3,3,2,2,2,1]}},{"type":"Feature","geometry":{"type":"Polygon","coordinates":[[[75.78781,26.92758],[75.78815,26.92758],[75.78815,26.92727],[75.78781,26.92727],[75.78781,26.92758]]]},"properties":{"d":[0,0,0,0,0,0,0,0,0,0,0,0,0,0,0,1,2,2,2,3,3,3,3,4,4,4,4,4,4,3,3,3,2,2,2,1,1]}},{"type":"Feature","geometry":{"type":"Polygon","coordinates":[[[75.78815,26.92758],[75.7885,26.92758],[75.7885,26.92727],[75.78815,26.92727],[75.78815,26.92758]]]},"properties":{"d":[0,0,0,0,0,0,0,0,0,0,0,0,0,0,0,1,1,1,1,1,1,1,2,2,2,2,2,2,2,2,2,1,1,1,1,1,1]}},{"type":"Feature","geometry":{"type":"Polygon","coordinates":[[[75.79468,26.92758],[75.79502,26.92758],[75.79502,26.92727],[75.79468,26.92727],[75.79468,26.92758]]]},"properties":{"d":[0,0,0,0,0,0,0,0,0,0,0,0,0,0,0,1,2,3,3,3,3,3,2,2,1,1,0,0,0,0,0,0,0,0,0,0,0]}},{"type":"Feature","geometry":{"type":"Polygon","coordinates":[[[75.79502,26.92758],[75.79536,26.92758],[75.79536,26.92727],[75.79502,26.92727],[75.79502,26.92758]]]},"properties":{"d":[0,0,0,0,0,0,0,0,0,0,0,0,0,0,0,2,3,3,3,3,3,3,2,2,1,1,0,0,0,0,0,0,0,0,0,0,0]}},{"type":"Feature","geometry":{"type":"Polygon","coordinates":[[[75.80086,26.92758],[75.8012,26.92758],[75.8012,26.92727],[75.80086,26.92727],[75.80086,26.92758]]]},"properties":{"d":[0,0,0,0,0,0,0,0,0,0,0,0,0,0,0,0,2,3,3,3,3,2,2,1,1,0,0,0,0,0,0,0,0,0,0,0,0]}},{"type":"Feature","geometry":{"type":"Polygon","coordinates":[[[75.80257,26.92758],[75.80292,26.92758],[75.80292,26.92727],[75.80257,26.92727],[75.80257,26.92758]]]},"properties":{"d":[0,0,0,0,0,0,0,0,0,0,0,0,0,0,0,1,2,2,2,2,2,2,1,1,0,0,0,0,0,0,0,0,0,0,0,0,0]}},{"type":"Feature","geometry":{"type":"Polygon","coordinates":[[[75.80292,26.92758],[75.80326,26.92758],[75.80326,26.92727],[75.80292,26.92727],[75.80292,26.92758]]]},"properties":{"d":[0,0,0,0,0,0,0,0,0,0,0,0,0,0,0,2,6,7,8,9,8,8,7,6,6,5,4,4,3,3,3,2,2,2,1,1,1]}},{"type":"Feature","geometry":{"type":"Polygon","coordinates":[[[75.80326,26.92758],[75.8036,26.92758],[75.8036,26.92727],[75.80326,26.92727],[75.80326,26.92758]]]},"properties":{"d":[0,0,0,0,0,0,0,0,0,0,0,0,0,0,0,1,3,3,3,4,3,3,2,2,1,1,1,0,0,0,0,0,0,0,0,0,0]}},{"type":"Feature","geometry":{"type":"Polygon","coordinates":[[[75.80498,26.92758],[75.80532,26.92758],[75.80532,26.92727],[75.80498,26.92727],[75.80498,26.92758]]]},"properties":{"d":[0,0,0,0,0,0,0,0,0,0,0,0,0,0,0,1,3,4,5,6,6,6,5,5,4,4,3,3,2,2,2,2,1,1,1,1,0]}},{"type":"Feature","geometry":{"type":"Polygon","coordinates":[[[75.80532,26.92758],[75.80566,26.92758],[75.80566,26.92727],[75.80532,26.92727],[75.80532,26.92758]]]},"properties":{"d":[0,0,0,0,0,0,0,0,0,0,0,0,0,0,0,1,2,4,5,6,6,6,5,5,4,4,3,3,2,2,2,2,1,1,1,1,0]}},{"type":"Feature","geometry":{"type":"Polygon","coordinates":[[[75.78197,26.92727],[75.78232,26.92727],[75.78232,26.92697],[75.78197,26.92697],[75.78197,26.92727]]]},"properties":{"d":[0,0,0,0,0,0,0,0,0,0,0,0,0,0,0,0,1,2,3,3,4,4,5,5,4,4,4,4,4,4,3,3,3,3,3,2,2]}},{"type":"Feature","geometry":{"type":"Polygon","coordinates":[[[75.78232,26.92727],[75.78266,26.92727],[75.78266,26.92697],[75.78232,26.92697],[75.78232,26.92727]]]},"properties":{"d":[0,0,0,0,0,0,0,0,0,0,0,0,0,0,0,1,2,3,3,3,4,4,5,5,4,4,4,4,4,4,3,3,3,3,3,2,2]}},{"type":"Feature","geometry":{"type":"Polygon","coordinates":[[[75.78575,26.92727],[75.78609,26.92727],[75.78609,26.92697],[75.78575,26.92697],[75.78575,26.92727]]]},"properties":{"d":[0,0,0,0,0,0,0,0,0,0,0,0,0,0,0,3,8,8,9,9,9,9,9,8,8,9,9,10,9,9,8,7,6,6,5,4,3]}},{"type":"Feature","geometry":{"type":"Polygon","coordinates":[[[75.78609,26.92727],[75.78644,26.92727],[75.78644,26.92697],[75.78609,26.92697],[75.78609,26.92727]]]},"properties":{"d":[0,0,0,0,0,0,0,0,0,0,0,0,0,0,0,2,4,4,5,5,5,5,5,5,5,6,6,6,6,5,5,4,4,3,3,2,2]}},{"type":"Feature","geometry":{"type":"Polygon","coordinates":[[[75.78644,26.92727],[75.78678,26.92727],[75.78678,26.92697],[75.78644,26.92697],[75.78644,26.92727]]]},"properties":{"d":[0,0,0,0,0,0,0,0,0,0,0,0,0,0,0,0,0,1,2,2,2,2,2,2,2,2,2,2,2,2,2,1,1,1,1,1,0]}},{"type":"Feature","geometry":{"type":"Polygon","coordinates":[[[75.78781,26.92727],[75.78815,26.92727],[75.78815,26.92697],[75.78781,26.92697],[75.78781,26.92727]]]},"properties":{"d":[0,0,0,0,0,0,0,0,0,0,0,0,0,0,0,0,0,1,2,3,3,3,2,2,2,2,2,2,1,1,1,1,1,1,1,1,1]}},{"type":"Feature","geometry":{"type":"Polygon","coordinates":[[[75.78815,26.92727],[75.7885,26.92727],[75.7885,26.92697],[75.78815,26.92697],[75.78815,26.92727]]]},"properties":{"d":[0,0,0,0,0,0,0,0,0,0,0,0,0,0,0,2,6,9,11,12,12,12,12,11,11,11,10,10,10,10,10,9,9,9,9,8,8]}},{"type":"Feature","geometry":{"type":"Polygon","coordinates":[[[75.7885,26.92727],[75.78884,26.92727],[75.78884,26.92697],[75.7885,26.92697],[75.7885,26.92727]]]},"properties":{"d":[0,0,0,0,0,0,0,0,0,0,0,0,0,0,1,3,6,9,11,12,12,12,12,11,11,11,10,10,10,10,10,9,9,9,9,8,8]}},{"type":"Feature","geometry":{"type":"Polygon","coordinates":[[[75.78884,26.92727],[75.78918,26.92727],[75.78918,26.92697],[75.78884,26.92697],[75.78884,26.92727]]]},"properties":{"d":[0,0,0,0,0,0,0,0,0,0,0,0,0,0,0,2,2,2,2,2,2,1,1,1,0,0,0,0,0,0,0,0,0,0,0,0,0]}},{"type":"Feature","geometry":{"type":"Polygon","coordinates":[[[75.79468,26.92727],[75.79502,26.92727],[75.79502,26.92697],[75.79468,26.92697],[75.79468,26.92727]]]},"properties":{"d":[0,0,0,0,0,0,0,0,0,0,0,0,0,0,1,1,3,4,4,4,4,3,3,2,1,1,1,0,0,0,0,0,0,0,0,0,0]}},{"type":"Feature","geometry":{"type":"Polygon","coordinates":[[[75.79502,26.92727],[75.79536,26.92727],[75.79536,26.92697],[75.79502,26.92697],[75.79502,26.92727]]]},"properties":{"d":[0,0,0,0,0,0,0,0,0,0,0,0,0,0,1,2,4,4,5,4,4,4,3,3,2,1,1,0,0,0,0,0,0,0,0,0,0]}},{"type":"Feature","geometry":{"type":"Polygon","coordinates":[[[75.80086,26.92727],[75.8012,26.92727],[75.8012,26.92697],[75.80086,26.92697],[75.80086,26.92727]]]},"properties":{"d":[0,0,0,0,0,0,0,0,0,0,0,0,0,0,0,1,1,2,3,2,2,2,1,1,1,0,0,0,0,0,0,0,0,0,0,0,0]}},{"type":"Feature","geometry":{"type":"Polygon","coordinates":[[[75.8012,26.92727],[75.80154,26.92727],[75.80154,26.92697],[75.8012,26.92697],[75.8012,26.92727]]]},"properties":{"d":[0,0,0,0,0,0,0,0,0,0,0,0,0,0,0,0,1,2,2,2,2,2,1,1,0,0,0,0,0,0,0,0,0,0,0,0,0]}},{"type":"Feature","geometry":{"type":"Polygon","coordinates":[[[75.80223,26.92727],[75.80257,26.92727],[75.80257,26.92697],[75.80223,26.92697],[75.80223,26.92727]]]},"properties":{"d":[0,0,0,0,0,0,0,0,0,0,0,0,0,0,0,1,2,4,6,7,8,9,9,9,8,8,8,7,7,6,6,6,5,5,5,5,4]}},{"type":"Feature","geometry":{"type":"Polygon","coordinates":[[[75.80257,26.92727],[75.80292,26.92727],[75.80292,26.92697],[75.80257,26.92697],[75.80257,26.92727]]]},"properties":{"d":[0,0,0,0,0,0,0,0,0,0,0,0,0,0,0,1,3,5,6,8,9,9,9,9,8,8,8,7,7,6,6,6,5,5,5,5,4]}},{"type":"Feature","geometry":{"type":"Polygon","coordinates":[[[75.80292,26.92727],[75.80326,26.92727],[75.80326,26.92697],[75.80292,26.92697],[75.80292,26.92727]]]},"properties":{"d":[0,0,0,0,0,0,0,0,0,0,0,0,0,0,0,1,4,6,8,9,9,9,9,9,9,8,8,7,7,6,6,6,5,5,5,5,4]}},{"type":"Feature","geometry":{"type":"Polygon","coordinates":[[[75.80498,26.92727],[75.80532,26.92727],[75.80532,26.92697],[75.80498,26.92697],[75.80498,26.92727]]]},"properties":{"d":[0,0,0,0,0,0,0,0,0,0,0,0,0,0,0,1,2,3,5,5,6,5,5,5,4,4,3,3,2,2,2,2,1,1,1,1,0]}},{"type":"Feature","geometry":{"type":"Polygon","coordinates":[[[75.80532,26.92727],[75.80566,26.92727],[75.80566,26.92697],[75.80532,26.92697],[75.80532,26.92727]]]},"properties":{"d":[0,0,0,0,0,0,0,0,0,0,0,0,0,0,0,0,1,2,4,5,5,5,4,4,3,3,3,2,2,1,1,1,1,1,0,0,0]}},{"type":"Feature","geometry":{"type":"Polygon","coordinates":[[[75.77339,26.92697],[75.77374,26.92697],[75.77374,26.92666],[75.77339,26.92666],[75.77339,26.92697]]]},"properties":{"d":[0,0,0,0,0,0,0,0,0,0,0,0,0,0,0,0,0,2,2,2,2,1,1,1,1,0,0,0,0,0,0,0,0,0,0,0,0]}},{"type":"Feature","geometry":{"type":"Polygon","coordinates":[[[75.78197,26.92697],[75.78232,26.92697],[75.78232,26.92666],[75.78197,26.92666],[75.78197,26.92697]]]},"properties":{"d":[0,0,0,0,0,0,0,0,0,0,0,0,0,0,0,0,1,2,2,3,4,4,5,5,4,4,4,4,4,4,3,3,3,3,3,2,2]}},{"type":"Feature","geometry":{"type":"Polygon","coordinates":[[[75.78575,26.92697],[75.78609,26.92697],[75.78609,26.92666],[75.78575,26.92666],[75.78575,26.92697]]]},"properties":{"d":[0,0,0,0,0,0,0,0,0,0,0,0,0,0,0,1,5,7,8,7,7,7,7,6,6,7,7,8,8,7,7,6,5,5,4,3,3]}},{"type":"Feature","geometry":{"type":"Polygon","coordinates":[[[75.7885,26.92697],[75.78884,26.92697],[75.78884,26.92666],[75.7885,26.92666],[75.7885,26.92697]]]},"properties":{"d":[0,0,0,0,0,0,0,0,0,0,0,0,0,0,0,2,4,6,8,10,10,9,9,8,8,8,8,7,7,7,7,6,6,6,6,5,5]}},{"type":"Feature","geometry":{"type":"Polygon","coordinates":[[[75.78884,26.92697],[75.78918,26.92697],[75.78918,26.92666],[75.78884,26.92666],[75.78884,26.92697]]]},"properties":{"d":[0,0,0,0,0,0,0,0,0,0,0,0,0,0,1,2,2,2,3,3,3,2,2,1,1,0,0,0,0,0,0,0,0,0,0,0,0]}},{"type":"Feature","geometry":{"type":"Polygon","coordinates":[[[75.79021,26.92697],[75.79056,26.92697],[75.79056,26.92666],[75.79021,26.92666],[75.79021,26.92697]]]},"properties":{"d":[0,0,0,0,0,0,0,0,0,0,0,0,0,0,0,1,2,3,3,5,6,6,6,6,5,5,4,3,3,2,2,1,1,0,0,0,0]}},{"type":"Feature","geometry":{"type":"Polygon","coordinates":[[[75.79056,26.92697],[75.7909,26.92697],[75.7909,26.92666],[75.79056,26.92666],[75.79056,26.92697]]]},"properties":{"d":[0,0,0,0,0,0,0,0,0,0,0,0,0,0,1,3,6,7,8,10,11,11,11,11,10,10,9,8,8,7,6,6,6,5,5,4,4]}},{"type":"Feature","geometry":{"type":"Polygon","coordinates":[[[75.7909,26.92697],[75.79124,26.92697],[75.79124,26.92666],[75.7909,26.92666],[75.7909,26.92697]]]},"properties":{"d":[0,0,0,0,0,0,0,0,0,0,0,0,0,0,0,2,3,3,3,3,4,4,4,3,2,2,1,1,0,0,0,0,0,0,0,0,0]}},{"type":"Feature","geometry":{"type":"Polygon","coordinates":[[[75.79433,26.92697],[75.79468,26.92697],[75.79468,26.92666],[75.79433,26.92666],[75.79433,26.92697]]]},"properties":{"d":[0,0,0,0,0,0,0,0,0,0,0,0,0,0,0,1,3,4,4,4,4,4,3,3,2,2,1,1,1,0,0,0,0,0,0,0,0]}},{"type":"Feature","geometry":{"type":"Polygon","coordinates":[[[75.79468,26.92697],[75.79502,26.92697],[75.79502,26.92666],[75.79468,26.92666],[75.79468,26.92697]]]},"properties":{"d":[0,0,0,0,0,0,0,0,0,0,0,0,0,0,0,1,3,4,5,5,4,4,3,3,2,1,1,1,0,0,0,0,0,0,0,0,0]}},{"type":"Feature","geometry":{"type":"Polygon","coordinates":[[[75.79502,26.92697],[75.79536,26.92697],[75.79536,26.92666],[75.79502,26.92666],[75.79502,26.92697]]]},"properties":{"d":[0,0,0,0,0,0,0,0,0,0,0,0,0,0,0,1,4,5,5,5,5,5,4,3,3,2,1,1,1,0,0,0,0,0,0,0,0]}},{"type":"Feature","geometry":{"type":"Polygon","coordinates":[[[75.79536,26.92697],[75.79571,26.92697],[75.79571,26.92666],[75.79536,26.92666],[75.79536,26.92697]]]},"properties":{"d":[0,0,0,0,0,0,0,0,0,0,0,0,0,0,0,1,3,4,4,4,4,3,3,3,2,2,1,1,0,0,0,0,0,0,0,0,0]}},{"type":"Feature","geometry":{"type":"Polygon","coordinates":[[[75.80086,26.92697],[75.8012,26.92697],[75.8012,26.92666],[75.80086,26.92666],[75.80086,26.92697]]]},"properties":{"d":[0,0,0,0,0,0,0,0,0,0,0,0,0,0,0,1,1,2,3,2,2,2,2,1,1,0,0,0,0,0,0,0,0,0,0,0,0]}},{"type":"Feature","geometry":{"type":"Polygon","coordinates":[[[75.8012,26.92697],[75.80154,26.92697],[75.80154,26.92666],[75.8012,26.92666],[75.8012,26.92697]]]},"properties":{"d":[0,0,0,0,0,0,0,0,0,0,0,0,0,0,0,4,5,5,6,7,8,8,9,9,8,8,8,7,7,6,6,6,5,5,5,5,4]}},{"type":"Feature","geometry":{"type":"Polygon","coordinates":[[[75.80154,26.92697],[75.80189,26.92697],[75.80189,26.92666],[75.80154,26.92666],[75.80154,26.92697]]]},"properties":{"d":[0,0,0,0,0,0,0,0,0,0,0,0,0,0,0,1,3,4,5,6,8,8,9,9,8,8,8,7,7,6,6,6,5,5,5,5,4]}},{"type":"Feature","geometry":{"type":"Polygon","coordinates":[[[75.80189,26.92697],[75.80223,26.92697],[75.80223,26.92666],[75.80189,26.92666],[75.80189,26.92697]]]},"properties":{"d":[0,0,0,0,0,0,0,0,0,0,0,0,0,0,0,1,2,3,5,7,8,8,9,9,8,8,8,7,7,6,6,6,5,5,5,5,4]}},{"type":"Feature","geometry":{"type":"Polygon","coordinates":[[[75.80223,26.92697],[75.80257,26.92697],[75.80257,26.92666],[75.80223,26.92666],[75.80223,26.92697]]]},"properties":{"d":[0,0,0,0,0,0,0,0,0,0,0,0,0,0,0,0,1,3,5,7,8,9,9,9,8,8,8,7,7,6,6,6,5,5,5,5,4]}},{"type":"Feature","geometry":{"type":"Polygon","coordinates":[[[75.80257,26.92697],[75.80292,26.92697],[75.80292,26.92666],[75.80257,26.92666],[75.80257,26.92697]]]},"properties":{"d":[0,0,0,0,0,0,0,0,0,0,0,0,0,0,0,0,2,4,6,7,8,9,9,9,8,8,8,7,7,6,6,6,5,5,5,5,4]}},{"type":"Feature","geometry":{"type":"Polygon","coordinates":[[[75.80292,26.92697],[75.80326,26.92697],[75.80326,26.92666],[75.80292,26.92666],[75.80292,26.92697]]]},"properties":{"d":[0,0,0,0,0,0,0,0,0,0,0,0,0,0,0,1,2,5,7,8,9,9,9,9,8,8,8,7,7,6,6,6,5,5,5,4,4]}},{"type":"Feature","geometry":{"type":"Polygon","coordinates":[[[75.80532,26.92697],[75.80566,26.92697],[75.80566,26.92666],[75.80532,26.92666],[75.80532,26.92697]]]},"properties":{"d":[0,0,0,0,0,0,0,0,0,0,0,0,0,0,0,0,1,1,2,3,3,3,3,2,2,2,1,1,1,1,1,0,0,0,0,0,0]}},{"type":"Feature","geometry":{"type":"Polygon","coordinates":[[[75.78575,26.92666],[75.78609,26.92666],[75.78609,26.92636],[75.78575,26.92636],[75.78575,26.92666]]]},"properties":{"d":[0,0,0,0,0,0,0,0,0,0,0,0,0,0,0,0,3,5,5,5,5,5,5,5,4,5,5,5,5,5,5,4,4,3,3,3,2]}},{"type":"Feature","geometry":{"type":"Polygon","coordinates":[[[75.79021,26.92666],[75.79056,26.92666],[75.79056,26.92636],[75.79021,26.92636],[75.79021,26.92666]]]},"properties":{"d":[0,0,0,0,0,0,0,0,0,0,0,0,0,0,0,1,3,6,8,9,11,11,11,11,10,10,9,8,8,7,6,6,6,5,5,4,4]}},{"type":"Feature","geometry":{"type":"Polygon","coordinates":[[[75.79056,26.92666],[75.7909,26.92666],[75.7909,26.92636],[75.79056,26.92636],[75.79056,26.92666]]]},"properties":{"d":[0,0,0,0,0,0,0,0,0,0,0,0,0,0,0,1,4,6,8,10,11,11,11,11,10,10,9,8,8,7,6,6,6,5,5,4,4]}},{"type":"Feature","geometry":{"type":"Polygon","coordinates":[[[75.7909,26.92666],[75.79124,26.92666],[75.79124,26.92636],[75.7909,26.92636],[75.7909,26.92666]]]},"properties":{"d":[0,0,0,0,0,0,0,0,0,0,0,0,0,0,0,2,5,7,8,10,11,12,12,11,10,10,9,8,8,7,6,6,6,5,5,4,4]}},{"type":"Feature","geometry":{"type":"Polygon","coordinates":[[[75.79124,26.92666],[75.79159,26.92666],[75.79159,26.92636],[75.79124,26.92636],[75.79124,26.92666]]]},"properties":{"d":[0,0,0,0,0,0,0,0,0,0,0,0,0,0,1,4,6,7,9,10,11,12,12,11,10,10,9,8,8,7,7,6,6,5,5,4,4]}},{"type":"Feature","geometry":{"type":"Polygon","coordinates":[[[75.79365,26.92666],[75.79399,26.92666],[75.79399,26.92636],[75.79365,26.92636],[75.79365,26.92666]]]},"properties":{"d":[0,0,0,0,0,0,0,0,0,0,0,0,0,0,0,1,1,2,2,2,2,2,2,1,1,1,1,0,0,0,0,0,0,0,0,0,0]}},{"type":"Feature","geometry":{"type":"Polygon","coordinates":[[[75.79399,26.92666],[75.79433,26.92666],[75.79433,26.92636],[75.79399,26.92636],[75.79399,26.92666]]]},"properties":{"d":[0,0,0,0,0,0,0,0,0,0,0,0,0,0,0,1,2,3,3,3,3,3,2,2,1,1,1,0,0,0,0,0,0,0,0,0,0]}},{"type":"Feature","geometry":{"type":"Polygon","coordinates":[[[75.79433,26.92666],[75.79468,26.92666],[75.79468,26.92636],[75.79433,26.92636],[75.79433,26.92666]]]},"properties":{"d":[0,0,0,0,0,0,0,0,0,0,0,0,0,0,0,0,1,2,2,2,2,2,2,1,1,1,1,0,0,0,0,0,0,0,0,0,0]}},{"type":"Feature","geometry":{"type":"Polygon","coordinates":[[[75.79502,26.92666],[75.79536,26.92666],[75.79536,26.92636],[75.79502,26.92636],[75.79502,26.92666]]]},"properties":{"d":[0,0,0,0,0,0,0,0,0,0,0,0,0,0,0,0,1,2,2,2,2,2,2,1,1,0,0,0,0,0,0,0,0,0,0,0,0]}},{"type":"Feature","geometry":{"type":"Polygon","coordinates":[[[75.79536,26.92666],[75.79571,26.92666],[75.79571,26.92636],[75.79536,26.92636],[75.79536,26.92666]]]},"properties":{"d":[0,0,0,0,0,0,0,0,0,0,0,0,0,0,0,1,2,3,3,3,3,3,3,2,2,1,1,1,0,0,0,0,0,0,0,0,0]}},{"type":"Feature","geometry":{"type":"Polygon","coordinates":[[[75.79571,26.92666],[75.79605,26.92666],[75.79605,26.92636],[75.79571,26.92636],[75.79571,26.92666]]]},"properties":{"d":[0,0,0,0,0,0,0,0,0,0,0,0,0,0,0,1,2,3,3,3,3,3,3,2,2,1,1,1,0,0,0,0,0,0,0,0,0]}},{"type":"Feature","geometry":{"type":"Polygon","coordinates":[[[75.79605,26.92666],[75.79639,26.92666],[75.79639,26.92636],[75.79605,26.92636],[75.79605,26.92666]]]},"properties":{"d":[0,0,0,0,0,0,0,0,0,0,0,0,0,0,0,1,1,1,2,2,2,2,2,1,1,1,1,1,0,0,0,0,0,0,0,0,0]}},{"type":"Feature","geometry":{"type":"Polygon","coordinates":[[[75.80086,26.92666],[75.8012,26.92666],[75.8012,26.92636],[75.80086,26.92636],[75.80086,26.92666]]]},"properties":{"d":[0,0,0,0,0,0,0,0,0,0,0,0,0,0,0,3,5,4,5,6,7,8,8,8,8,8,7,7,7,6,6,6,5,5,5,4,4]}},{"type":"Feature","geometry":{"type":"Polygon","coordinates":[[[75.8012,26.92666],[75.80154,26.92666],[75.80154,26.92636],[75.8012,26.92636],[75.8012,26.92666]]]},"properties":{"d":[0,0,0,0,0,0,0,0,0,0,0,0,0,0,0,1,3,4,5,6,7,8,9,8,8,8,7,7,7,6,6,6,5,5,5,4,4]}},{"type":"Feature","geometry":{"type":"Polygon","coordinates":[[[75.80154,26.92666],[75.80189,26.92666],[75.80189,26.92636],[75.80154,26.92636],[75.80154,26.92666]]]},"properties":{"d":[0,0,0,0,0,0,0,0,0,0,0,0,0,0,0,1,2,3,5,6,7,8,9,9,8,8,8,7,7,6,6,6,5,5,5,5,4]}},{"type":"Feature","geometry":{"type":"Polygon","coordinates":[[[75.80189,26.92666],[75.80223,26.92666],[75.80223,26.92636],[75.80189,26.92636],[75.80189,26.92666]]]},"properties":{"d":[0,0,0,0,0,0,0,0,0,0,0,0,0,0,0,0,1,3,5,6,8,8,9,9,8,8,8,7,7,6,6,6,5,5,5,5,4]}},{"type":"Feature","geometry":{"type":"Polygon","coordinates":[[[75.80223,26.92666],[75.80257,26.92666],[75.80257,26.92636],[75.80223,26.92636],[75.80223,26.92666]]]},"properties":{"d":[0,0,0,0,0,0,0,0,0,0,0,0,0,0,0,0,1,3,5,7,8,9,9,9,8,8,8,7,7,6,6,6,5,5,5,5,4]}},{"type":"Feature","geometry":{"type":"Polygon","coordinates":[[[75.80257,26.92666],[75.80292,26.92666],[75.80292,26.92636],[75.80257,26.92636],[75.80257,26.92666]]]},"properties":{"d":[0,0,0,0,0,0,0,0,0,0,0,0,0,0,0,1,1,3,5,7,8,9,9,9,8,8,8,7,7,6,6,6,5,5,5,5,4]}},{"type":"Feature","geometry":{"type":"Polygon","coordinates":[[[75.80532,26.92666],[75.80566,26.92666],[75.80566,26.92636],[75.80532,26.92636],[75.80532,26.92666]]]},"properties":{"d":[0,0,0,0,0,0,0,0,0,0,0,0,0,0,0,0,0,1,1,2,2,2,2,2,2,1,1,1,1,1,0,0,0,0,0,0,0]}},{"type":"Feature","geometry":{"type":"Polygon","coordinates":[[[75.78541,26.92636],[75.78575,26.92636],[75.78575,26.92605],[75.78541,26.92605],[75.78541,26.92636]]]},"properties":{"d":[0,0,0,0,0,0,0,0,0,0,0,0,0,0,0,0,1,3,3,3,3,3,3,2,2,2,2,3,3,2,2,2,2,2,1,1,1]}},{"type":"Feature","geometry":{"type":"Polygon","coordinates":[[[75.78575,26.92636],[75.78609,26.92636],[75.78609,26.92605],[75.78575,26.92605],[75.78575,26.92636]]]},"properties":{"d":[0,0,0,0,0,0,0,0,0,0,0,0,0,0,0,1,2,4,4,4,4,4,4,3,3,3,4,4,4,4,3,3,3,2,2,2,2]}},{"type":"Feature","geometry":{"type":"Polygon","coordinates":[[[75.78987,26.92636],[75.79021,26.92636],[75.79021,26.92605],[75.78987,26.92605],[75.78987,26.92636]]]},"properties":{"d":[0,0,0,0,0,0,0,0,0,0,0,0,0,0,0,1,1,1,2,3,4,5,5,5,4,4,3,3,2,2,1,1,1,0,0,0,0]}},{"type":"Feature","geometry":{"type":"Polygon","coordinates":[[[75.79021,26.92636],[75.79056,26.92636],[75.79056,26.92605],[75.79021,26.92605],[75.79021,26.92636]]]},"properties":{"d":[0,0,0,0,0,0,0,0,0,0,0,0,0,0,0,1,2,5,8,9,10,11,11,11,10,9,9,8,7,7,6,6,5,5,5,4,4]}},{"type":"Feature","geometry":{"type":"Polygon","coordinates":[[[75.79056,26.92636],[75.7909,26.92636],[75.7909,26.92605],[75.79056,26.92605],[75.79056,26.92636]]]},"properties":{"d":[0,0,0,0,0,0,0,0,0,0,0,0,0,0,0,1,3,6,8,10,11,11,11,11,10,10,9,8,8,7,6,6,6,5,5,4,4]}},{"type":"Feature","geometry":{"type":"Polygon","coordinates":[[[75.7909,26.92636],[75.79124,26.92636],[75.79124,26.92605],[75.7909,26.92605],[75.7909,26.92636]]]},"properties":{"d":[0,0,0,0,0,0,0,0,0,0,0,0,0,0,0,1,4,7,9,10,11,12,12,11,10,10,9,8,8,7,6,6,6,5,5,4,4]}},{"type":"Feature","geometry":{"type":"Polygon","coordinates":[[[75.79124,26.92636],[75.79159,26.92636],[75.79159,26.92605],[75.79124,26.92605],[75.79124,26.92636]]]},"properties":{"d":[0,0,0,0,0,0,0,0,0,0,0,0,0,0,0,3,6,7,9,10,11,12,12,11,11,10,9,8,8,7,7,6,6,5,5,4,4]}},{"type":"Feature","geometry":{"type":"Polygon","coordinates":[[[75.79159,26.92636],[75.79193,26.92636],[75.79193,26.92605],[75.79159,26.92605],[75.79159,26.92636]]]},"properties":{"d":[0,0,0,0,0,0,0,0,0,0,0,0,0,0,0,2,2,3,2,2,3,2,2,1,1,0,0,0,0,0,0,0,0,0,0,0,0]}},{"type":"Feature","geometry":{"type":"Polygon","coordinates":[[[75.7933,26.92636],[75.79365,26.92636],[75.79365,26.92605],[75.7933,26.92605],[75.7933,26.92636]]]},"properties":{"d":[0,0,0,0,0,0,0,0,0,0,0,0,0,0,1,0,0,2,2,2,2,2,2,1,1,1,0,0,0,0,0,0,0,0,0,0,0]}},{"type":"Feature","geometry":{"type":"Polygon","coordinates":[[[75.79536,26.92636],[75.79571,26.92636],[75.79571,26.92605],[75.79536,26.92605],[75.79536,26.92636]]]},"properties":{"d":[0,0,0,0,0,0,0,0,0,0,0,0,0,0,0,0,1,2,2,2,2,2,2,1,1,1,1,0,0,0,0,0,0,0,0,0,0]}},{"type":"Feature","geometry":{"type":"Polygon","coordinates":[[[75.79571,26.92636],[75.79605,26.92636],[75.79605,26.92605],[75.79571,26.92605],[75.79571,26.92636]]]},"properties":{"d":[0,0,0,0,0,0,0,0,0,0,0,0,0,0,0,0,3,3,3,3,3,3,3,2,2,1,1,1,0,0,0,0,0,0,0,0,0]}},{"type":"Feature","geometry":{"type":"Polygon","coordinates":[[[75.79605,26.92636],[75.79639,26.92636],[75.79639,26.92605],[75.79605,26.92605],[75.79605,26.92636]]]},"properties":{"d":[0,0,0,0,0,0,0,0,0,0,0,0,0,0,0,1,2,3,4,4,4,3,3,3,2,2,1,1,1,1,0,0,0,0,0,0,0]}},{"type":"Feature","geometry":{"type":"Polygon","coordinates":[[[75.79639,26.92636],[75.79674,26.92636],[75.79674,26.92605],[75.79639,26.92605],[75.79639,26.92636]]]},"properties":{"d":[0,0,0,0,0,0,0,0,0,0,0,0,0,0,0,1,2,1,1,1,1,1,1,1,1,1,1,1,1,1,0,0,0,0,0,0,0]}},{"type":"Feature","geometry":{"type":"Polygon","coordinates":[[[75.80086,26.92636],[75.8012,26.92636],[75.8012,26.92605],[75.80086,26.92605],[75.80086,26.92636]]]},"properties":{"d":[0,0,0,0,0,0,0,0,0,0,0,0,0,0,0,1,3,4,5,6,7,8,8,8,8,8,7,7,7,6,6,6,5,5,5,4,4]}},{"type":"Feature","geometry":{"type":"Polygon","coordinates":[[[75.8012,26.92636],[75.80154,26.92636],[75.80154,26.92605],[75.8012,26.92605],[75.8012,26.92636]]]},"properties":{"d":[0,0,0,0,0,0,0,0,0,0,0,0,0,0,0,1,2,4,5,6,7,8,8,8,8,8,7,7,7,6,6,6,5,5,5,4,4]}},{"type":"Feature","geometry":{"type":"Polygon","coordinates":[[[75.80154,26.92636],[75.80189,26.92636],[75.80189,26.92605],[75.80154,26.92605],[75.80154,26.92636]]]},"properties":{"d":[0,0,0,0,0,0,0,0,0,0,0,0,0,0,0,1,1,3,5,6,7,8,9,9,8,8,8,7,7,6,6,6,5,5,5,5,4]}},{"type":"Feature","geometry":{"type":"Polygon","coordinates":[[[75.80189,26.92636],[75.80223,26.92636],[75.80223,26.92605],[75.80189,26.92605],[75.80189,26.92636]]]},"properties":{"d":[0,0,0,0,0,0,0,0,0,0,0,0,0,0,0,1,1,3,4,6,8,8,9,9,8,8,8,7,7,6,6,6,5,5,5,5,4]}},{"type":"Feature","geometry":{"type":"Polygon","coordinates":[[[75.80223,26.92636],[75.80257,26.92636],[75.80257,26.92605],[75.80223,26.92605],[75.80223,26.92636]]]},"properties":{"d":[0,0,0,0,0,0,0,0,0,0,0,0,0,0,0,1,1,2,4,6,8,9,9,9,8,8,8,7,7,6,6,6,5,5,5,5,4]}},{"type":"Feature","geometry":{"type":"Polygon","coordinates":[[[75.80257,26.92636],[75.80292,26.92636],[75.80292,26.92605],[75.80257,26.92605],[75.80257,26.92636]]]},"properties":{"d":[0,0,0,0,0,0,0,0,0,0,0,0,0,0,0,1,2,3,4,6,8,9,9,9,8,8,8,7,7,6,6,6,5,5,5,5,4]}},{"type":"Feature","geometry":{"type":"Polygon","coordinates":[[[75.80532,26.92636],[75.80566,26.92636],[75.80566,26.92605],[75.80532,26.92605],[75.80532,26.92636]]]},"properties":{"d":[0,0,0,0,0,0,0,0,0,0,0,0,0,0,0,1,1,1,1,2,2,2,2,2,2,1,1,1,1,1,0,0,0,0,0,0,0]}},{"type":"Feature","geometry":{"type":"Polygon","coordinates":[[[75.80738,26.92636],[75.80772,26.92636],[75.80772,26.92605],[75.80738,26.92605],[75.80738,26.92636]]]},"properties":{"d":[0,0,0,0,0,0,0,0,0,0,0,0,0,0,0,0,1,2,2,2,2,2,2,1,1,0,0,0,0,0,0,0,0,0,0,0,0]}},{"type":"Feature","geometry":{"type":"Polygon","coordinates":[[[75.78541,26.92605],[75.78575,26.92605],[75.78575,26.92574],[75.78541,26.92574],[75.78541,26.92605]]]},"properties":{"d":[0,0,0,0,0,0,0,0,0,0,0,0,0,0,0,1,1,4,4,5,4,4,4,4,3,3,4,4,4,4,4,3,3,3,2,2,2]}},{"type":"Feature","geometry":{"type":"Polygon","coordinates":[[[75.78575,26.92605],[75.78609,26.92605],[75.78609,26.92574],[75.78575,26.92574],[75.78575,26.92605]]]},"properties":{"d":[0,0,0,0,0,0,0,0,0,0,0,0,0,0,0,0,1,3,3,3,3,3,3,3,3,3,3,3,3,3,3,3,2,2,2,2,1]}},{"type":"Feature","geometry":{"type":"Polygon","coordinates":[[[75.78884,26.92605],[75.78918,26.92605],[75.78918,26.92574],[75.78884,26.92574],[75.78884,26.92605]]]},"properties":{"d":[0,0,0,0,0,0,0,0,0,0,0,0,0,0,0,1,1,2,2,2,3,3,3,3,3,3,2,2,2,2,2,1,1,1,1,1,1]}},{"type":"Feature","geometry":{"type":"Polygon","coordinates":[[[75.78918,26.92605],[75.78953,26.92605],[75.78953,26.92574],[75.78918,26.92574],[75.78918,26.92605]]]},"properties":{"d":[0,0,0,0,0,0,0,0,0,0,0,0,0,0,0,0,1,1,2,3,3,3,4,3,3,3,3,2,2,2,2,2,1,1,1,1,1]}},{"type":"Feature","geometry":{"type":"Polygon","coordinates":[[[75.78953,26.92605],[75.78987,26.92605],[75.78987,26.92574],[75.78953,26.92574],[75.78953,26.92605]]]},"properties":{"d":[0,0,0,0,0,0,0,0,0,0,0,0,0,0,0,0,1,1,3,4,4,5,5,5,4,4,4,3,3,3,2,2,2,2,2,1,1]}},{"type":"Feature","geometry":{"type":"Polygon","coordinates":[[[75.78987,26.92605],[75.79021,26.92605],[75.79021,26.92574],[75.78987,26.92574],[75.78987,26.92605]]]},"properties":{"d":[0,0,0,0,0,0,0,0,0,0,0,0,0,0,0,1,1,3,5,6,7,8,8,8,7,7,6,6,5,5,4,4,3,3,3,2,2]}},{"type":"Feature","geometry":{"type":"Polygon","coordinates":[[[75.79021,26.92605],[75.79056,26.92605],[75.79056,26.92574],[75.79021,26.92574],[75.79021,26.92605]]]},"properties":{"d":[0,0,0,0,0,0,0,0,0,0,0,0,0,0,0,1,2,5,7,9,10,11,11,10,10,9,8,8,7,7,6,6,5,5,4,4,4]}},{"type":"Feature","geometry":{"type":"Polygon","coordinates":[[[75.79056,26.92605],[75.7909,26.92605],[75.7909,26.92574],[75.79056,26.92574],[75.79056,26.92605]]]},"properties":{"d":[0,0,0,0,0,0,0,0,0,0,0,0,0,0,0,1,3,6,8,10,11,11,11,11,10,10,9,8,8,7,6,6,6,5,5,4,4]}},{"type":"Feature","geometry":{"type":"Polygon","coordinates":[[[75.7909,26.92605],[75.79124,26.92605],[75.79124,26.92574],[75.7909,26.92574],[75.7909,26.92605]]]},"properties":{"d":[0,0,0,0,0,0,0,0,0,0,0,0,0,0,0,1,4,7,9,10,11,12,12,11,10,10,9,8,8,7,6,6,6,5,5,4,4]}},{"type":"Feature","geometry":{"type":"Polygon","coordinates":[[[75.79124,26.92605],[75.79159,26.92605],[75.79159,26.92574],[75.79124,26.92574],[75.79124,26.92605]]]},"properties":{"d":[0,0,0,0,0,0,0,0,0,0,0,0,0,0,0,2,6,7,9,10,11,12,12,11,11,10,9,8,8,7,7,6,6,5,5,4,4]}},{"type":"Feature","geometry":{"type":"Polygon","coordinates":[[[75.79159,26.92605],[75.79193,26.92605],[75.79193,26.92574],[75.79159,26.92574],[75.79159,26.92605]]]},"properties":{"d":[0,0,0,0,0,0,0,0,0,0,0,0,0,0,1,2,4,5,6,6,6,6,6,5,4,3,2,2,1,1,1,0,0,0,0,0,0]}},{"type":"Feature","geometry":{"type":"Polygon","coordinates":[[[75.79193,26.92605],[75.79227,26.92605],[75.79227,26.92574],[75.79193,26.92574],[75.79193,26.92605]]]},"properties":{"d":[0,0,0,0,0,0,0,0,0,0,0,0,0,0,0,1,2,2,3,3,3,3,2,2,1,1,1,0,0,0,0,0,0,0,0,0,0]}},{"type":"Feature","geometry":{"type":"Polygon","coordinates":[[[75.79227,26.92605],[75.79262,26.92605],[75.79262,26.92574],[75.79227,26.92574],[75.79227,26.92605]]]},"properties":{"d":[0,0,0,0,0,0,0,0,0,0,0,0,0,0,0,1,2,2,2,2,2,2,2,1,1,1,0,0,0,0,0,0,0,0,0,0,0]}},{"type":"Feature","geometry":{"type":"Polygon","coordinates":[[[75.79262,26.92605],[75.79296,26.92605],[75.79296,26.92574],[75.79262,26.92574],[75.79262,26.92605]]]},"properties":{"d":[0,0,0,0,0,0,0,0,0,0,0,0,0,0,0,2,2,2,3,3,3,3,2,2,1,1,0,0,0,0,0,0,0,0,0,0,0]}},{"type":"Feature","geometry":{"type":"Polygon","coordinates":[[[75.79296,26.92605],[75.7933,26.92605],[75.7933,26.92574],[75.79296,26.92574],[75.79296,26.92605]]]},"properties":{"d":[0,0,0,0,0,0,0,0,0,0,0,0,0,0,1,3,2,3,3,3,3,3,2,2,1,1,1,0,0,0,0,0,0,0,0,0,0]}},{"type":"Feature","geometry":{"type":"Polygon","coordinates":[[[75.7933,26.92605],[75.79365,26.92605],[75.79365,26.92574],[75.7933,26.92574],[75.7933,26.92605]]]},"properties":{"d":[0,0,0,0,0,0,0,0,0,0,0,0,0,0,0,1,1,2,2,2,2,2,1,1,1,1,0,0,0,0,0,0,0,0,0,0,0]}},{"type":"Feature","geometry":{"type":"Polygon","coordinates":[[[75.79571,26.92605],[75.79605,26.92605],[75.79605,26.92574],[75.79571,26.92574],[75.79571,26.92605]]]},"properties":{"d":[0,0,0,0,0,0,0,0,0,0,0,0,0,0,1,1,2,2,2,3,2,2,2,2,1,1,1,0,0,0,0,0,0,0,0,0,0]}},{"type":"Feature","geometry":{"type":"Polygon","coordinates":[[[75.79605,26.92605],[75.79639,26.92605],[75.79639,26.92574],[75.79605,26.92574],[75.79605,26.92605]]]},"properties":{"d":[0,0,0,0,0,0,0,0,0,0,0,0,0,0,0,0,4,4,4,4,4,4,4,3,2,2,2,1,1,1,0,0,0,0,0,0,0]}},{"type":"Feature","geometry":{"type":"Polygon","coordinates":[[[75.79639,26.92605],[75.79674,26.92605],[75.79674,26.92574],[75.79639,26.92574],[75.79639,26.92605]]]},"properties":{"d":[0,0,0,0,0,0,0,0,0,0,0,0,0,0,0,1,3,3,3,3,3,3,3,2,2,2,1,1,1,1,1,0,0,0,0,0,0]}},{"type":"Feature","geometry":{"type":"Polygon","coordinates":[[[75.80051,26.92605],[75.80086,26.92605],[75.80086,26.92574],[75.80051,26.92574],[75.80051,26.92605]]]},"properties":{"d":[0,0,0,0,0,0,0,0,0,0,0,0,0,0,0,2,3,4,4,5,6,7,7,7,7,7,7,6,6,6,5,5,5,4,4,4,4]}},{"type":"Feature","geometry":{"type":"Polygon","coordinates":[[[75.80086,26.92605],[75.8012,26.92605],[75.8012,26.92574],[75.80086,26.92574],[75.80086,26.92605]]]},"properties":{"d":[0,0,0,0,0,0,0,0,0,0,0,0,0,0,0,1,2,4,4,5,6,7,8,8,8,7,7,7,6,6,6,5,5,5,4,4,4]}},{"type":"Feature","geometry":{"type":"Polygon","coordinates":[[[75.8012,26.92605],[75.80154,26.92605],[75.80154,26.92574],[75.8012,26.92574],[75.8012,26.92605]]]},"properties":{"d":[0,0,0,0,0,0,0,0,0,0,0,0,0,0,0,1,2,4,5,6,7,8,8,8,8,8,7,7,6,6,6,5,5,5,5,4,4]}},{"type":"Feature","geometry":{"type":"Polygon","coordinates":[[[75.80498,26.92605],[75.80532,26.92605],[75.80532,26.92574],[75.80498,26.92574],[75.80498,26.92605]]]},"properties":{"d":[0,0,0,0,0,0,0,0,0,0,0,0,0,0,0,1,2,3,3,4,5,6,7,7,7,7,7,7,7,7,6,6,6,6,6,5,5]}},{"type":"Feature","geometry":{"type":"Polygon","coordinates":[[[75.80532,26.92605],[75.80566,26.92605],[75.80566,26.92574],[75.80532,26.92574],[75.80532,26.92605]]]},"properties":{"d":[0,0,0,0,0,0,0,0,0,0,0,0,0,0,0,1,2,3,3,4,5,6,7,7,7,7,7,7,7,7,6,6,6,6,6,5,5]}},{"type":"Feature","geometry":{"type":"Polygon","coordinates":[[[75.80704,26.92605],[75.80738,26.92605],[75.80738,26.92574],[75.80704,26.92574],[75.80704,26.92605]]]},"properties":{"d":[0,0,0,0,0,0,0,0,0,0,0,0,0,0,0,0,1,2,2,3,3,2,2,1,1,1,0,0,0,0,0,0,0,0,0,0,0]}},{"type":"Feature","geometry":{"type":"Polygon","coordinates":[[[75.77305,26.92574],[75.77339,26.92574],[75.77339,26.92544],[75.77305,26.92544],[75.77305,26.92574]]]},"properties":{"d":[0,0,0,0,0,0,0,0,0,0,0,0,0,0,0,0,0,2,4,5,6,6,5,5,5,4,4,4,4,3,3,3,3,3,2,2,2]}},{"type":"Feature","geometry":{"type":"Polygon","coordinates":[[[75.78506,26.92574],[75.78541,26.92574],[75.78541,26.92544],[75.78506,26.92544],[75.78506,26.92574]]]},"properties":{"d":[0,0,0,0,0,0,0,0,0,0,0,0,0,0,0,1,3,5,7,7,7,7,6,6,5,5,5,5,6,6,5,5,5,4,4,3,3]}},{"type":"Feature","geometry":{"type":"Polygon","coordinates":[[[75.78541,26.92574],[75.78575,26.92574],[75.78575,26.92544],[75.78541,26.92544],[75.78541,26.92574]]]},"properties":{"d":[0,0,0,0,0,0,0,0,0,0,0,0,0,0,0,3,5,8,10,10,10,10,9,8,8,8,8,8,9,9,8,8,7,7,6,6,5]}},{"type":"Feature","geometry":{"type":"Polygon","coordinates":[[[75.78575,26.92574],[75.78609,26.92574],[75.78609,26.92544],[75.78575,26.92544],[75.78575,26.92574]]]},"properties":{"d":[0,0,0,0,0,0,0,0,0,0,0,0,0,0,0,2,3,4,5,5,5,4,4,4,3,3,3,4,4,4,4,3,3,3,2,2,2]}},{"type":"Feature","geometry":{"type":"Polygon","coordinates":[[[75.78884,26.92574],[75.78918,26.92574],[75.78918,26.92544],[75.78884,26.92544],[75.78884,26.92574]]]},"properties":{"d":[0,0,0,0,0,0,0,0,0,0,0,0,0,0,1,2,2,2,3,4,5,6,6,6,5,5,5,4,4,3,3,3,2,2,2,2,1]}},{"type":"Feature","geometry":{"type":"Polygon","coordinates":[[[75.78918,26.92574],[75.78953,26.92574],[75.78953,26.92544],[75.78918,26.92544],[75.78918,26.92574]]]},"properties":{"d":[0,0,0,0,0,0,0,0,0,0,0,0,0,0,0,1,1,1,2,3,4,4,4,4,4,3,3,3,3,2,2,2,2,1,1,1,1]}},{"type":"Feature","geometry":{"type":"Polygon","coordinates":[[[75.78953,26.92574],[75.78987,26.92574],[75.78987,26.92544],[75.78953,26.92544],[75.78953,26.92574]]]},"properties":{"d":[0,0,0,0,0,0,0,0,0,0,0,0,0,0,0,0,1,1,2,2,3,3,3,3,3,3,2,2,2,2,2,1,1,1,1,1,1]}},{"type":"Feature","geometry":{"type":"Polygon","coordinates":[[[75.79056,26.92574],[75.7909,26.92574],[75.7909,26.92544],[75.79056,26.92544],[75.79056,26.92574]]]},"properties":{"d":[0,0,0,0,0,0,0,0,0,0,0,0,0,0,1,2,3,6,8,10,11,12,12,11,10,10,9,8,8,7,6,6,6,5,5,4,4]}},{"type":"Feature","geometry":{"type":"Polygon","coordinates":[[[75.7909,26.92574],[75.79124,26.92574],[75.79124,26.92544],[75.7909,26.92544],[75.7909,26.92574]]]},"properties":{"d":[0,0,0,0,0,0,0,0,0,0,0,0,0,0,1,3,4,7,9,10,11,12,12,11,10,10,9,8,8,7,6,6,6,5,5,4,4]}},{"type":"Feature","geometry":{"type":"Polygon","coordinates":[[[75.79124,26.92574],[75.79159,26.92574],[75.79159,26.92544],[75.79124,26.92544],[75.79124,26.92574]]]},"properties":{"d":[0,0,0,0,0,0,0,0,0,0,0,0,0,0,1,3,6,7,9,10,11,12,12,11,11,10,9,8,8,7,7,6,6,5,5,4,4]}},{"type":"Feature","geometry":{"type":"Polygon","coordinates":[[[75.79159,26.92574],[75.79193,26.92574],[75.79193,26.92544],[75.79159,26.92544],[75.79159,26.92574]]]},"properties":{"d":[0,0,0,0,0,0,0,0,0,0,0,0,0,0,0,1,1,3,3,3,3,3,3,2,2,1,1,1,1,0,0,0,0,0,0,0,0]}},{"type":"Feature","geometry":{"type":"Polygon","coordinates":[[[75.79193,26.92574],[75.79227,26.92574],[75.79227,26.92544],[75.79193,26.92544],[75.79193,26.92574]]]},"properties":{"d":[0,0,0,0,0,0,0,0,0,0,0,0,0,0,0,0,1,3,3,3,3,3,3,2,2,1,1,1,1,0,0,0,0,0,0,0,0]}},{"type":"Feature","geometry":{"type":"Polygon","coordinates":[[[75.79227,26.92574],[75.79262,26.92574],[75.79262,26.92544],[75.79227,26.92544],[75.79227,26.92574]]]},"properties":{"d":[0,0,0,0,0,0,0,0,0,0,0,0,0,0,0,1,2,3,4,4,4,4,3,3,2,2,2,1,1,1,1,0,0,0,0,0,0]}},{"type":"Feature","geometry":{"type":"Polygon","coordinates":[[[75.79262,26.92574],[75.79296,26.92574],[75.79296,26.92544],[75.79262,26.92544],[75.79262,26.92574]]]},"properties":{"d":[0,0,0,0,0,0,0,0,0,0,0,0,0,0,0,2,4,5,6,6,6,6,5,5,4,3,3,2,2,1,1,1,1,0,0,0,0]}},{"type":"Feature","geometry":{"type":"Polygon","coordinates":[[[75.79296,26.92574],[75.7933,26.92574],[75.7933,26.92544],[75.79296,26.92544],[75.79296,26.92574]]]},"properties":{"d":[0,0,0,0,0,0,0,0,0,0,0,0,0,0,1,3,5,6,7,7,7,7,6,5,5,4,3,3,2,2,1,1,1,1,0,0,0]}},{"type":"Feature","geometry":{"type":"Polygon","coordinates":[[[75.79605,26.92574],[75.79639,26.92574],[75.79639,26.92544],[75.79605,26.92544],[75.79605,26.92574]]]},"properties":{"d":[0,0,0,0,0,0,0,0,0,0,0,0,0,0,1,1,2,3,3,4,3,3,3,2,2,2,1,1,1,0,0,0,0,0,0,0,0]}},{"type":"Feature","geometry":{"type":"Polygon","coordinates":[[[75.79639,26.92574],[75.79674,26.92574],[75.79674,26.92544],[75.79639,26.92544],[75.79639,26.92574]]]},"properties":{"d":[0,0,0,0,0,0,0,0,0,0,0,0,0,0,1,2,4,5,5,5,5,5,4,4,3,2,2,2,1,1,1,1,0,0,0,0,0]}},{"type":"Feature","geometry":{"type":"Polygon","coordinates":[[[75.79777,26.92574],[75.79811,26.92574],[75.79811,26.92544],[75.79777,26.92544],[75.79777,26.92574]]]},"properties":{"d":[0,0,0,0,0,0,0,0,0,0,0,0,0,0,0,1,0,2,1,1,1,1,1,0,0,0,0,0,0,0,0,0,0,0,0,0,0]}},{"type":"Feature","geometry":{"type":"Polygon","coordinates":[[[75.80051,26.92574],[75.80086,26.92574],[75.80086,26.92544],[75.80051,26.92544],[75.80051,26.92574]]]},"properties":{"d":[0,0,0,0,0,0,0,0,0,0,0,0,0,0,0,1,2,3,4,5,5,6,7,7,7,6,6,6,6,5,5,5,4,4,4,4,3]}},{"type":"Feature","geometry":{"type":"Polygon","coordinates":[[[75.80086,26.92574],[75.8012,26.92574],[75.8012,26.92544],[75.80086,26.92544],[75.80086,26.92574]]]},"properties":{"d":[0,0,0,0,0,0,0,0,0,0,0,0,0,0,0,1,2,3,4,5,6,7,7,7,7,7,7,6,6,6,5,5,5,4,4,4,4]}},{"type":"Feature","geometry":{"type":"Polygon","coordinates":[[[75.80463,26.92574],[75.80498,26.92574],[75.80498,26.92544],[75.80463,26.92544],[75.80463,26.92574]]]},"properties":{"d":[0,0,0,0,0,0,0,0,0,0,0,0,0,0,0,1,2,3,4,4,5,6,7,7,7,7,7,7,7,7,6,6,6,6,6,5,5]}},{"type":"Feature","geometry":{"type":"Polygon","coordinates":[[[75.80498,26.92574],[75.80532,26.92574],[75.80532,26.92544],[75.80498,26.92544],[75.80498,26.92574]]]},"properties":{"d":[0,0,0,0,0,0,0,0,0,0,0,0,0,0,0,0,1,2,3,4,5,6,7,7,7,7,7,7,7,7,6,6,6,6,6,5,5]}},{"type":"Feature","geometry":{"type":"Polygon","coordinates":[[[75.80532,26.92574],[75.80566,26.92574],[75.80566,26.92544],[75.80532,26.92544],[75.80532,26.92574]]]},"properties":{"d":[0,0,0,0,0,0,0,0,0,0,0,0,0,0,0,0,1,2,3,4,5,6,7,7,7,7,7,7,7,7,6,6,6,6,6,5,5]}},{"type":"Feature","geometry":{"type":"Polygon","coordinates":[[[75.80704,26.92574],[75.80738,26.92574],[75.80738,26.92544],[75.80704,26.92544],[75.80704,26.92574]]]},"properties":{"d":[0,0,0,0,0,0,0,0,0,0,0,0,0,0,0,0,1,2,2,3,3,2,2,2,1,1,0,0,0,0,0,0,0,0,0,0,0]}},{"type":"Feature","geometry":{"type":"Polygon","coordinates":[[[75.78438,26.92544],[75.78472,26.92544],[75.78472,26.92513],[75.78438,26.92513],[75.78438,26.92544]]]},"properties":{"d":[0,0,0,0,0,0,0,0,0,0,0,0,0,0,0,0,0,1,2,3,3,3,2,2,2,2,2,2,2,2,2,2,2,1,1,1,1]}},{"type":"Feature","geometry":{"type":"Polygon","coordinates":[[[75.78472,26.92544],[75.78506,26.92544],[75.78506,26.92513],[75.78472,26.92513],[75.78472,26.92544]]]},"properties":{"d":[0,0,0,0,0,0,0,0,0,0,0,0,0,0,0,1,2,4,6,7,7,7,6,5,5,5,4,5,5,5,5,5,5,4,4,3,3]}},{"type":"Feature","geometry":{"type":"Polygon","coordinates":[[[75.78506,26.92544],[75.78541,26.92544],[75.78541,26.92513],[75.78506,26.92513],[75.78506,26.92544]]]},"properties":{"d":[0,0,0,0,0,0,0,0,0,0,0,0,0,0,0,2,3,5,9,10,10,9,8,8,7,6,6,7,7,8,7,7,6,6,5,4,4]}},{"type":"Feature","geometry":{"type":"Polygon","coordinates":[[[75.78541,26.92544],[75.78575,26.92544],[75.78575,26.92513],[75.78541,26.92513],[75.78541,26.92544]]]},"properties":{"d":[0,0,0,0,0,0,0,0,0,0,0,0,0,0,0,0,1,2,4,4,4,4,3,3,2,2,2,3,3,3,3,2,2,2,1,1,1]}},{"type":"Feature","geometry":{"type":"Polygon","coordinates":[[[75.78884,26.92544],[75.78918,26.92544],[75.78918,26.92513],[75.78884,26.92513],[75.78884,26.92544]]]},"properties":{"d":[0,0,0,0,0,0,0,0,0,0,0,0,0,0,0,1,2,3,3,4,5,6,6,6,6,5,5,4,4,4,3,3,3,2,2,2,2]}},{"type":"Feature","geometry":{"type":"Polygon","coordinates":[[[75.78918,26.92544],[75.78953,26.92544],[75.78953,26.92513],[75.78918,26.92513],[75.78918,26.92544]]]},"properties":{"d":[0,0,0,0,0,0,0,0,0,0,0,0,0,0,0,0,1,1,1,2,2,2,2,2,2,2,2,2,1,1,1,1,1,1,1,1,0]}},{"type":"Feature","geometry":{"type":"Polygon","coordinates":[[[75.79296,26.92544],[75.7933,26.92544],[75.7933,26.92513],[75.79296,26.92513],[75.79296,26.92544]]]},"properties":{"d":[0,0,0,0,0,0,0,0,0,0,0,0,0,0,1,2,5,6,7,7,7,7,6,5,5,4,3,3,2,2,1,1,1,1,0,0,0]}},{"type":"Feature","geometry":{"type":"Polygon","coordinates":[[[75.7933,26.92544],[75.79365,26.92544],[75.79365,26.92513],[75.7933,26.92513],[75.7933,26.92544]]]},"properties":{"d":[0,0,0,0,0,0,0,0,0,0,0,0,0,0,0,1,2,2,2,2,2,2,2,1,1,0,0,0,0,0,0,0,0,0,0,0,0]}},{"type":"Feature","geometry":{"type":"Polygon","coordinates":[[[75.79605,26.92544],[75.79639,26.92544],[75.79639,26.92513],[75.79605,26.92513],[75.79605,26.92544]]]},"properties":{"d":[0,0,0,0,0,0,0,0,0,0,0,0,0,0,0,0,0,2,2,2,2,2,2,1,1,1,1,1,0,0,0,0,0,0,0,0,0]}},{"type":"Feature","geometry":{"type":"Polygon","coordinates":[[[75.79639,26.92544],[75.79674,26.92544],[75.79674,26.92513],[75.79639,26.92513],[75.79639,26.92544]]]},"properties":{"d":[0,0,0,0,0,0,0,0,0,0,0,0,0,0,1,2,4,6,6,6,6,6,5,4,3,3,2,2,2,1,1,1,0,0,0,0,0]}},{"type":"Feature","geometry":{"type":"Polygon","coordinates":[[[75.79777,26.92544],[75.79811,26.92544],[75.79811,26.92513],[75.79777,26.92513],[75.79777,26.92544]]]},"properties":{"d":[0,0,0,0,0,0,0,0,0,0,0,0,0,0,0,0,1,3,2,1,1,1,1,0,0,0,0,0,0,0,0,0,0,0,0,0,0]}},{"type":"Feature","geometry":{"type":"Polygon","coordinates":[[[75.79811,26.92544],[75.79845,26.92544],[75.79845,26.92513],[75.79811,26.92513],[75.79811,26.92544]]]},"properties":{"d":[0,0,0,0,0,0,0,0,0,0,0,0,0,0,0,1,1,2,1,1,1,1,1,0,0,0,0,0,0,0,0,0,0,0,0,0,0]}},{"type":"Feature","geometry":{"type":"Polygon","coordinates":[[[75.80051,26.92544],[75.80086,26.92544],[75.80086,26.92513],[75.80051,26.92513],[75.80051,26.92544]]]},"properties":{"d":[0,0,0,0,0,0,0,0,0,0,0,0,0,0,0,1,2,2,3,3,3,4,4,4,4,4,4,4,3,3,3,3,3,2,2,2,2]}},{"type":"Feature","geometry":{"type":"Polygon","coordinates":[[[75.80498,26.92544],[75.80532,26.92544],[75.80532,26.92513],[75.80498,26.92513],[75.80498,26.92544]]]},"properties":{"d":[0,0,0,0,0,0,0,0,0,0,0,0,0,0,0,0,1,1,1,1,2,3,4,4,4,4,4,4,4,4,4,4,3,3,3,3,3]}},{"type":"Feature","geometry":{"type":"Polygon","coordinates":[[[75.80532,26.92544],[75.80566,26.92544],[75.80566,26.92513],[75.80532,26.92513],[75.80532,26.92544]]]},"properties":{"d":[0,0,0,0,0,0,0,0,0,0,0,0,0,0,0,0,1,2,3,4,5,6,6,7,7,7,7,7,7,7,6,6,6,6,6,5,5]}},{"type":"Feature","geometry":{"type":"Polygon","coordinates":[[[75.80704,26.92544],[75.80738,26.92544],[75.80738,26.92513],[75.80704,26.92513],[75.80704,26.92544]]]},"properties":{"d":[0,0,0,0,0,0,0,0,0,0,0,0,0,0,0,0,1,2,2,2,2,2,2,2,1,1,1,0,0,0,0,0,0,0,0,0,0]}},{"type":"Feature","geometry":{"type":"Polygon","coordinates":[[[75.7782,26.92513],[75.77854,26.92513],[75.77854,26.92482],[75.7782,26.92482],[75.7782,26.92513]]]},"properties":{"d":[0,0,0,0,0,0,0,0,0,0,0,0,0,0,0,0,2,3,3,3,3,3,3,2,2,2,1,1,1,1,1,0,0,0,0,0,0]}},{"type":"Feature","geometry":{"type":"Polygon","coordinates":[[[75.77854,26.92513],[75.77888,26.92513],[75.77888,26.92482],[75.77854,26.92482],[75.77854,26.92513]]]},"properties":{"d":[0,0,0,0,0,0,0,0,0,0,0,0,0,0,0,0,2,3,3,3,3,3,3,2,2,2,1,1,1,1,1,0,0,0,0,0,0]}},{"type":"Feature","geometry":{"type":"Polygon","coordinates":[[[75.78369,26.92513],[75.78403,26.92513],[75.78403,26.92482],[75.78369,26.92482],[75.78369,26.92513]]]},"properties":{"d":[0,0,0,0,0,0,0,0,0,0,0,0,0,0,0,0,0,1,0,1,2,2,2,2,1,1,1,1,1,1,1,1,1,1,1,1,1]}},{"type":"Feature","geometry":{"type":"Polygon","coordinates":[[[75.78403,26.92513],[75.78438,26.92513],[75.78438,26.92482],[75.78403,26.92482],[75.78403,26.92513]]]},"properties":{"d":[0,0,0,0,0,0,0,0,0,0,0,0,0,0,0,0,1,1,2,3,3,3,3,2,2,2,2,2,2,2,2,2,2,2,2,1,1]}},{"type":"Feature","geometry":{"type":"Polygon","coordinates":[[[75.78438,26.92513],[75.78472,26.92513],[75.78472,26.92482],[75.78438,26.92482],[75.78438,26.92513]]]},"properties":{"d":[0,0,0,0,0,0,0,0,0,0,0,0,0,0,0,0,0,2,3,4,5,4,4,4,3,3,3,3,3,3,3,3,3,3,2,2,2]}},{"type":"Feature","geometry":{"type":"Polygon","coordinates":[[[75.78472,26.92513],[75.78506,26.92513],[75.78506,26.92482],[75.78472,26.92482],[75.78472,26.92513]]]},"properties":{"d":[0,0,0,0,0,0,0,0,0,0,0,0,0,0,0,0,1,3,4,5,5,5,5,4,4,4,3,4,4,4,4,4,4,3,3,3,2]}},{"type":"Feature","geometry":{"type":"Polygon","coordinates":[[[75.7885,26.92513],[75.78884,26.92513],[75.78884,26.92482],[75.7885,26.92482],[75.7885,26.92513]]]},"properties":{"d":[0,0,0,0,0,0,0,0,0,0,0,0,0,0,0,1,1,2,2,2,3,3,3,3,3,3,2,2,2,2,1,1,1,1,1,1,1]}},{"type":"Feature","geometry":{"type":"Polygon","coordinates":[[[75.78884,26.92513],[75.78918,26.92513],[75.78918,26.92482],[75.78884,26.92482],[75.78884,26.92513]]]},"properties":{"d":[0,0,0,0,0,0,0,0,0,0,0,0,0,0,0,2,2,2,2,3,4,4,4,4,4,4,4,3,3,3,2,2,2,2,1,1,1]}},{"type":"Feature","geometry":{"type":"Polygon","coordinates":[[[75.7933,26.92513],[75.79365,26.92513],[75.79365,26.92482],[75.7933,26.92482],[75.7933,26.92513]]]},"properties":{"d":[0,0,0,0,0,0,0,0,0,0,0,0,0,0,1,3,4,5,5,5,5,5,4,3,2,2,1,1,1,1,0,0,0,0,0,0,0]}},{"type":"Feature","geometry":{"type":"Polygon","coordinates":[[[75.79639,26.92513],[75.79674,26.92513],[75.79674,26.92482],[75.79639,26.92482],[75.79639,26.92513]]]},"properties":{"d":[0,0,0,0,0,0,0,0,0,0,0,0,0,0,0,1,5,7,7,7,7,6,6,5,4,3,3,2,2,1,1,1,0,0,0,0,0]}},{"type":"Feature","geometry":{"type":"Polygon","coordinates":[[[75.79674,26.92513],[75.79708,26.92513],[75.79708,26.92482],[75.79674,26.92482],[75.79674,26.92513]]]},"properties":{"d":[0,0,0,0,0,0,0,0,0,0,0,0,0,0,0,0,2,3,3,3,2,2,2,1,1,0,0,0,0,0,0,0,0,0,0,0,0]}},{"type":"Feature","geometry":{"type":"Polygon","coordinates":[[[75.79708,26.92513],[75.79742,26.92513],[75.79742,26.92482],[75.79708,26.92482],[75.79708,26.92513]]]},"properties":{"d":[0,0,0,0,0,0,0,0,0,0,0,0,0,0,1,2,1,1,2,2,2,2,1,1,1,0,0,0,0,0,0,0,0,0,0,0,0]}},{"type":"Feature","geometry":{"type":"Polygon","coordinates":[[[75.79742,26.92513],[75.79777,26.92513],[75.79777,26.92482],[75.79742,26.92482],[75.79742,26.92513]]]},"properties":{"d":[0,0,0,0,0,0,0,0,0,0,0,0,0,0,0,0,0,2,3,2,2,2,1,1,1,0,0,0,0,0,0,0,0,0,0,0,0]}},{"type":"Feature","geometry":{"type":"Polygon","coordinates":[[[75.79777,26.92513],[75.79811,26.92513],[75.79811,26.92482],[75.79777,26.92482],[75.79777,26.92513]]]},"properties":{"d":[0,0,0,0,0,0,0,0,0,0,0,0,0,0,0,1,2,2,3,2,2,2,1,1,0,0,0,0,0,0,0,0,0,0,0,0,0]}},{"type":"Feature","geometry":{"type":"Polygon","coordinates":[[[75.80051,26.92513],[75.80086,26.92513],[75.80086,26.92482],[75.80051,26.92482],[75.80051,26.92513]]]},"properties":{"d":[0,0,0,0,0,0,0,0,0,0,0,0,0,0,0,0,1,1,2,2,2,3,3,3,3,3,3,2,2,2,2,2,2,2,1,1,1]}},{"type":"Feature","geometry":{"type":"Polygon","coordinates":[[[75.7782,26.92482],[75.77854,26.92482],[75.77854,26.92452],[75.7782,26.92452],[75.7782,26.92482]]]},"properties":{"d":[0,0,0,0,0,0,0,0,0,0,0,0,0,0,0,0,0,1,2,2,2,2,2,2,2,2,1,1,1,1,1,0,0,0,0,0,0]}},{"type":"Feature","geometry":{"type":"Polygon","coordinates":[[[75.77854,26.92482],[75.77888,26.92482],[75.77888,26.92452],[75.77854,26.92452],[75.77854,26.92482]]]},"properties":{"d":[0,0,0,0,0,0,0,0,0,0,0,0,0,0,0,0,0,2,2,3,3,3,2,2,2,2,1,1,1,1,1,0,0,0,0,0,0]}},{"type":"Feature","geometry":{"type":"Polygon","coordinates":[[[75.77888,26.92482],[75.77923,26.92482],[75.77923,26.92452],[75.77888,26.92452],[75.77888,26.92482]]]},"properties":{"d":[0,0,0,0,0,0,0,0,0,0,0,0,0,0,0,0,2,2,3,3,3,3,3,2,2,2,1,1,1,1,1,0,0,0,0,0,0]}},{"type":"Feature","geometry":{"type":"Polygon","coordinates":[[[75.77923,26.92482],[75.77957,26.92482],[75.77957,26.92452],[75.77923,26.92452],[75.77923,26.92482]]]},"properties":{"d":[0,0,0,0,0,0,0,0,0,0,0,0,0,0,0,0,3,3,3,2,2,2,1,1,0,0,0,0,0,0,0,0,0,0,0,0,0]}},{"type":"Feature","geometry":{"type":"Polygon","coordinates":[[[75.78369,26.92482],[75.78403,26.92482],[75.78403,26.92452],[75.78369,26.92452],[75.78369,26.92482]]]},"properties":{"d":[0,0,0,0,0,0,0,0,0,0,0,0,0,0,0,0,0,1,0,1,2,3,2,2,2,2,1,1,2,2,2,2,2,1,1,1,1]}},{"type":"Feature","geometry":{"type":"Polygon","coordinates":[[[75.78403,26.92482],[75.78438,26.92482],[75.78438,26.92452],[75.78403,26.92452],[75.78403,26.92482]]]},"properties":{"d":[0,0,0,0,0,0,0,0,0,0,0,0,0,0,0,0,0,1,1,3,3,3,3,2,2,2,2,2,2,2,2,2,2,2,1,1,1]}},{"type":"Feature","geometry":{"type":"Polygon","coordinates":[[[75.78438,26.92482],[75.78472,26.92482],[75.78472,26.92452],[75.78438,26.92452],[75.78438,26.92482]]]},"properties":{"d":[0,0,0,0,0,0,0,0,0,0,0,0,0,0,0,0,0,1,2,2,3,2,2,2,2,2,2,2,2,2,2,2,2,1,1,1,1]}},{"type":"Feature","geometry":{"type":"Polygon","coordinates":[[[75.7885,26.92482],[75.78884,26.92482],[75.78884,26.92452],[75.7885,26.92452],[75.7885,26.92482]]]},"properties":{"d":[0,0,0,0,0,0,0,0,0,0,0,0,0,0,0,0,0,2,2,2,3,3,3,3,3,3,3,2,2,2,2,1,1,1,1,1,1]}},{"type":"Feature","geometry":{"type":"Polygon","coordinates":[[[75.78884,26.92482],[75.78918,26.92482],[75.78918,26.92452],[75.78884,26.92452],[75.78884,26.92482]]]},"properties":{"d":[0,0,0,0,0,0,0,0,0,0,0,0,0,0,0,1,2,2,2,2,3,3,3,3,3,3,3,2,2,2,2,2,1,1,1,1,1]}},{"type":"Feature","geometry":{"type":"Polygon","coordinates":[[[75.7933,26.92482],[75.79365,26.92482],[75.79365,26.92452],[75.7933,26.92452],[75.7933,26.92482]]]},"properties":{"d":[0,0,0,0,0,0,0,0,0,0,0,0,0,0,1,1,2,2,2,2,2,2,2,1,1,1,0,0,0,0,0,0,0,0,0,0,0]}},{"type":"Feature","geometry":{"type":"Polygon","coordinates":[[[75.79365,26.92482],[75.79399,26.92482],[75.79399,26.92452],[75.79365,26.92452],[75.79365,26.92482]]]},"properties":{"d":[0,0,0,0,0,0,0,0,0,0,0,0,0,0,1,3,4,4,4,4,4,4,3,2,2,1,1,1,0,0,0,0,0,0,0,0,0]}},{"type":"Feature","geometry":{"type":"Polygon","coordinates":[[[75.79639,26.92482],[75.79674,26.92482],[75.79674,26.92452],[75.79639,26.92452],[75.79639,26.92482]]]},"properties":{"d":[0,0,0,0,0,0,0,0,0,0,0,0,0,0,1,8,11,12,14,14,14,14,13,12,11,9,8,7,7,6,5,4,4,3,3,2,2]}},{"type":"Feature","geometry":{"type":"Polygon","coordinates":[[[75.79674,26.92482],[75.79708,26.92482],[75.79708,26.92452],[75.79674,26.92452],[75.79674,26.92482]]]},"properties":{"d":[0,0,0,0,0,0,0,0,0,0,0,0,0,0,0,3,4,3,4,3,3,3,2,2,1,1,0,0,0,0,0,0,0,0,0,0,0]}},{"type":"Feature","geometry":{"type":"Polygon","coordinates":[[[75.79708,26.92482],[75.79742,26.92482],[75.79742,26.92452],[75.79708,26.92452],[75.79708,26.92482]]]},"properties":{"d":[0,0,0,0,0,0,0,0,0,0,0,0,0,0,0,0,0,1,2,2,2,2,1,1,1,0,0,0,0,0,0,0,0,0,0,0,0]}},{"type":"Feature","geometry":{"type":"Polygon","coordinates":[[[75.80051,26.92482],[75.80086,26.92482],[75.80086,26.92452],[75.80051,26.92452],[75.80051,26.92482]]]},"properties":{"d":[0,0,0,0,0,0,0,0,0,0,0,0,0,0,0,1,0,1,2,2,2,2,2,2,2,2,2,2,2,2,2,2,1,1,1,1,1]}},{"type":"Feature","geometry":{"type":"Polygon","coordinates":[[[75.80257,26.92482],[75.80292,26.92482],[75.80292,26.92452],[75.80257,26.92452],[75.80257,26.92482]]]},"properties":{"d":[0,0,0,0,0,0,0,0,0,0,0,0,0,0,0,1,2,3,4,4,4,4,3,3,3,2,2,2,2,1,1,1,1,1,1,0,0]}},{"type":"Feature","geometry":{"type":"Polygon","coordinates":[[[75.7782,26.92452],[75.77854,26.92452],[75.77854,26.92421],[75.7782,26.92421],[75.7782,26.92452]]]},"properties":{"d":[0,0,0,0,0,0,0,0,0,0,0,0,0,0,0,0,0,0,1,1,2,2,2,2,2,2,1,1,1,1,1,0,0,0,0,0,0]}},{"type":"Feature","geometry":{"type":"Polygon","coordinates":[[[75.77854,26.92452],[75.77888,26.92452],[75.77888,26.92421],[75.77854,26.92421],[75.77854,26.92452]]]},"properties":{"d":[0,0,0,0,0,0,0,0,0,0,0,0,0,0,0,0,0,1,2,2,2,2,2,2,2,2,1,1,1,1,1,0,0,0,0,0,0]}},{"type":"Feature","geometry":{"type":"Polygon","coordinates":[[[75.77888,26.92452],[75.77923,26.92452],[75.77923,26.92421],[75.77888,26.92421],[75.77888,26.92452]]]},"properties":{"d":[0,0,0,0,0,0,0,0,0,0,0,0,0,0,0,0,0,2,2,3,3,3,2,2,2,2,1,1,1,1,1,0,0,0,0,0,0]}},{"type":"Feature","geometry":{"type":"Polygon","coordinates":[[[75.77923,26.92452],[75.77957,26.92452],[75.77957,26.92421],[75.77923,26.92421],[75.77923,26.92452]]]},"properties":{"d":[0,0,0,0,0,0,0,0,0,0,0,0,0,0,0,0,2,3,3,3,3,3,3,2,2,2,2,1,1,1,1,0,0,0,0,0,0]}},{"type":"Feature","geometry":{"type":"Polygon","coordinates":[[[75.78266,26.92452],[75.783,26.92452],[75.783,26.92421],[75.78266,26.92421],[75.78266,26.92452]]]},"properties":{"d":[0,0,0,0,0,0,0,0,0,0,0,0,0,0,0,0,2,2,1,2,2,2,2,2,2,2,1,1,1,1,2,2,2,1,1,1,1]}},{"type":"Feature","geometry":{"type":"Polygon","coordinates":[[[75.783,26.92452],[75.78335,26.92452],[75.78335,26.92421],[75.783,26.92421],[75.783,26.92452]]]},"properties":{"d":[0,0,0,0,0,0,0,0,0,0,0,0,0,0,0,0,0,0,1,2,2,2,2,2,2,2,1,1,1,1,2,2,1,1,1,1,1]}},{"type":"Feature","geometry":{"type":"Polygon","coordinates":[[[75.78335,26.92452],[75.78369,26.92452],[75.78369,26.92421],[75.78335,26.92421],[75.78335,26.92452]]]},"properties":{"d":[0,0,0,0,0,0,0,0,0,0,0,0,0,0,0,0,0,0,1,0,0,1,2,2,2,1,1,1,1,1,2,2,1,1,1,1,1]}},{"type":"Feature","geometry":{"type":"Polygon","coordinates":[[[75.78369,26.92452],[75.78403,26.92452],[75.78403,26.92421],[75.78369,26.92421],[75.78369,26.92452]]]},"properties":{"d":[0,0,0,0,0,0,0,0,0,0,0,0,0,0,0,0,0,1,0,0,1,2,2,2,2,1,1,1,1,1,1,1,1,1,1,1,1]}},{"type":"Feature","geometry":{"type":"Polygon","coordinates":[[[75.78815,26.92452],[75.7885,26.92452],[75.7885,26.92421],[75.78815,26.92421],[75.78815,26.92452]]]},"properties":{"d":[0,0,0,0,0,0,0,0,0,0,0,0,0,0,0,0,0,1,2,2,2,2,2,2,2,2,2,2,2,1,1,1,1,1,1,1,0]}},{"type":"Feature","geometry":{"type":"Polygon","coordinates":[[[75.7885,26.92452],[75.78884,26.92452],[75.78884,26.92421],[75.7885,26.92421],[75.7885,26.92452]]]},"properties":{"d":[0,0,0,0,0,0,0,0,0,0,0,0,0,0,0,0,2,2,2,2,3,3,3,3,3,3,2,2,2,2,1,1,1,1,1,1,1]}},{"type":"Feature","geometry":{"type":"Polygon","coordinates":[[[75.78884,26.92452],[75.78918,26.92452],[75.78918,26.92421],[75.78884,26.92421],[75.78884,26.92452]]]},"properties":{"d":[0,0,0,0,0,0,0,0,0,0,0,0,0,0,1,1,1,2,2,2,2,2,2,2,2,2,2,2,2,1,1,1,1,1,1,1,0]}},{"type":"Feature","geometry":{"type":"Polygon","coordinates":[[[75.79365,26.92452],[75.79399,26.92452],[75.79399,26.92421],[75.79365,26.92421],[75.79365,26.92452]]]},"properties":{"d":[0,0,0,0,0,0,0,0,0,0,0,0,0,0,1,0,2,3,3,3,2,2,2,1,1,1,0,0,0,0,0,0,0,0,0,0,0]}},{"type":"Feature","geometry":{"type":"Polygon","coordinates":[[[75.79399,26.92452],[75.79433,26.92452],[75.79433,26.92421],[75.79399,26.92421],[75.79399,26.92452]]]},"properties":{"d":[0,0,0,0,0,0,0,0,0,0,0,0,0,0,1,4,5,5,6,6,6,6,6,5,4,4,3,3,2,1,1,1,0,0,0,0,0]}},{"type":"Feature","geometry":{"type":"Polygon","coordinates":[[[75.79433,26.92452],[75.79468,26.92452],[75.79468,26.92421],[75.79433,26.92421],[75.79433,26.92452]]]},"properties":{"d":[0,0,0,0,0,0,0,0,0,0,0,0,0,0,1,3,4,4,5,5,6,6,6,6,5,4,4,3,3,2,2,1,1,1,0,0,0]}},{"type":"Feature","geometry":{"type":"Polygon","coordinates":[[[75.79571,26.92452],[75.79605,26.92452],[75.79605,26.92421],[75.79571,26.92421],[75.79571,26.92452]]]},"properties":{"d":[0,0,0,0,0,0,0,0,0,0,0,0,0,0,0,1,1,2,2,3,3,4,4,4,3,2,2,1,1,0,0,0,0,0,0,0,0]}},{"type":"Feature","geometry":{"type":"Polygon","coordinates":[[[75.79605,26.92452],[75.79639,26.92452],[75.79639,26.92421],[75.79605,26.92421],[75.79605,26.92452]]]},"properties":{"d":[0,0,0,0,0,0,0,0,0,0,0,0,0,0,1,4,9,11,13,14,15,15,15,15,14,13,12,12,11,10,10,9,9,8,8,7,7]}},{"type":"Feature","geometry":{"type":"Polygon","coordinates":[[[75.79639,26.92452],[75.79674,26.92452],[75.79674,26.92421],[75.79639,26.92421],[75.79639,26.92452]]]},"properties":{"d":[0,0,0,0,0,0,0,0,0,0,0,0,0,0,1,6,11,12,14,15,16,16,16,15,14,13,12,12,11,10,10,9,9,8,8,7,7]}},{"type":"Feature","geometry":{"type":"Polygon","coordinates":[[[75.79674,26.92452],[75.79708,26.92452],[75.79708,26.92421],[75.79674,26.92421],[75.79674,26.92452]]]},"properties":{"d":[0,0,0,0,0,0,0,0,0,0,0,0,0,0,1,3,5,4,5,5,5,5,5,4,3,2,1,1,1,0,0,0,0,0,0,0,0]}},{"type":"Feature","geometry":{"type":"Polygon","coordinates":[[[75.80051,26.92452],[75.80086,26.92452],[75.80086,26.92421],[75.80051,26.92421],[75.80051,26.92452]]]},"properties":{"d":[0,0,0,0,0,0,0,0,0,0,0,0,0,0,0,0,1,1,2,2,2,3,3,3,3,3,2,2,2,2,2,2,2,1,1,1,1]}},{"type":"Feature","geometry":{"type":"Polygon","coordinates":[[[75.80223,26.92452],[75.80257,26.92452],[75.80257,26.92421],[75.80223,26.92421],[75.80223,26.92452]]]},"properties":{"d":[0,0,0,0,0,0,0,0,0,0,0,0,0,0,0,1,1,2,2,2,2,2,2,1,1,1,0,0,0,0,0,0,0,0,0,0,0]}},{"type":"Feature","geometry":{"type":"Polygon","coordinates":[[[75.80257,26.92452],[75.80292,26.92452],[75.80292,26.92421],[75.80257,26.92421],[75.80257,26.92452]]]},"properties":{"d":[0,0,0,0,0,0,0,0,0,0,0,0,0,0,0,1,1,1,2,2,2,2,2,1,1,1,0,0,0,0,0,0,0,0,0,0,0]}},{"type":"Feature","geometry":{"type":"Polygon","coordinates":[[[75.80669,26.92452],[75.80704,26.92452],[75.80704,26.92421],[75.80669,26.92421],[75.80669,26.92452]]]},"properties":{"d":[0,0,0,0,0,0,0,0,0,0,0,0,0,0,0,1,2,2,3,4,4,4,4,4,3,2,2,1,1,1,0,0,0,0,0,0,0]}},{"type":"Feature","geometry":{"type":"Polygon","coordinates":[[[75.77854,26.92421],[75.77888,26.92421],[75.77888,26.92391],[75.77854,26.92391],[75.77854,26.92421]]]},"properties":{"d":[0,0,0,0,0,0,0,0,0,0,0,0,0,0,0,0,0,0,1,1,2,2,2,2,2,2,1,1,1,1,1,0,0,0,0,0,0]}},{"type":"Feature","geometry":{"type":"Polygon","coordinates":[[[75.77888,26.92421],[75.77923,26.92421],[75.77923,26.92391],[75.77888,26.92391],[75.77888,26.92421]]]},"properties":{"d":[0,0,0,0,0,0,0,0,0,0,0,0,0,0,0,0,0,1,1,2,2,2,2,2,2,2,1,1,1,1,1,0,0,0,0,0,0]}},{"type":"Feature","geometry":{"type":"Polygon","coordinates":[[[75.78266,26.92421],[75.783,26.92421],[75.783,26.92391],[75.78266,26.92391],[75.78266,26.92421]]]},"properties":{"d":[0,0,0,0,0,0,0,0,0,0,0,0,0,0,0,1,3,3,4,6,6,6,5,5,4,4,3,3,3,3,3,3,3,3,3,2,2]}},{"type":"Feature","geometry":{"type":"Polygon","coordinates":[[[75.783,26.92421],[75.78335,26.92421],[75.78335,26.92391],[75.783,26.92391],[75.783,26.92421]]]},"properties":{"d":[0,0,0,0,0,0,0,0,0,0,0,0,0,0,0,1,1,2,1,2,3,3,2,2,2,2,2,1,1,2,2,2,2,2,1,1,1]}},{"type":"Feature","geometry":{"type":"Polygon","coordinates":[[[75.78747,26.92421],[75.78781,26.92421],[75.78781,26.92391],[75.78747,26.92391],[75.78747,26.92421]]]},"properties":{"d":[0,0,0,0,0,0,0,0,0,0,0,0,0,0,0,2,2,2,2,3,3,3,3,2,2,2,2,2,1,1,1,1,1,1,0,0,0]}},{"type":"Feature","geometry":{"type":"Polygon","coordinates":[[[75.78781,26.92421],[75.78815,26.92421],[75.78815,26.92391],[75.78781,26.92391],[75.78781,26.92421]]]},"properties":{"d":[0,0,0,0,0,0,0,0,0,0,0,0,0,0,1,1,3,2,3,3,3,3,3,3,3,3,3,2,2,2,2,1,1,1,1,1,0]}},{"type":"Feature","geometry":{"type":"Polygon","coordinates":[[[75.78815,26.92421],[75.7885,26.92421],[75.7885,26.92391],[75.78815,26.92391],[75.78815,26.92421]]]},"properties":{"d":[0,0,0,0,0,0,0,0,0,0,0,0,0,0,1,1,2,2,2,2,2,3,3,3,2,2,2,2,2,2,1,1,1,1,1,1,0]}},{"type":"Feature","geometry":{"type":"Polygon","coordinates":[[[75.7885,26.92421],[75.78884,26.92421],[75.78884,26.92391],[75.7885,26.92391],[75.7885,26.92421]]]},"properties":{"d":[0,0,0,0,0,0,0,0,0,0,0,0,0,0,0,1,1,1,2,2,2,2,2,2,2,2,2,2,1,1,1,1,1,1,1,0,0]}},{"type":"Feature","geometry":{"type":"Polygon","coordinates":[[[75.79399,26.92421],[75.79433,26.92421],[75.79433,26.92391],[75.79399,26.92391],[75.79399,26.92421]]]},"properties":{"d":[0,0,0,0,0,0,0,0,0,0,0,0,0,0,1,3,5,5,6,7,8,8,9,8,8,7,7,6,5,5,4,4,3,3,2,2,2]}},{"type":"Feature","geometry":{"type":"Polygon","coordinates":[[[75.79433,26.92421],[75.79468,26.92421],[75.79468,26.92391],[75.79433,26.92391],[75.79433,26.92421]]]},"properties":{"d":[0,0,0,0,0,0,0,0,0,0,0,0,0,0,1,3,6,7,9,11,13,14,14,14,13,13,12,11,11,10,10,9,8,8,8,7,7]}},{"type":"Feature","geometry":{"type":"Polygon","coordinates":[[[75.79468,26.92421],[75.79502,26.92421],[75.79502,26.92391],[75.79468,26.92391],[75.79468,26.92421]]]},"properties":{"d":[0,0,0,0,0,0,0,0,0,0,0,0,0,0,1,2,4,6,8,11,13,14,14,14,13,13,12,11,11,10,10,9,8,8,8,7,7]}},{"type":"Feature","geometry":{"type":"Polygon","coordinates":[[[75.79502,26.92421],[75.79536,26.92421],[75.79536,26.92391],[75.79502,26.92391],[75.79502,26.92421]]]},"properties":{"d":[0,0,0,0,0,0,0,0,0,0,0,0,0,0,1,2,3,6,9,11,13,14,14,14,13,13,12,11,11,10,10,9,8,8,8,7,7]}},{"type":"Feature","geometry":{"type":"Polygon","coordinates":[[[75.79536,26.92421],[75.79571,26.92421],[75.79571,26.92391],[75.79536,26.92391],[75.79536,26.92421]]]},"properties":{"d":[0,0,0,0,0,0,0,0,0,0,0,0,0,0,1,2,3,6,9,11,13,14,14,14,13,13,12,11,11,10,10,9,8,8,8,7,7]}},{"type":"Feature","geometry":{"type":"Polygon","coordinates":[[[75.79571,26.92421],[75.79605,26.92421],[75.79605,26.92391],[75.79571,26.92391],[75.79571,26.92421]]]},"properties":{"d":[0,0,0,0,0,0,0,0,0,0,0,0,0,0,1,1,5,8,10,12,13,14,14,14,14,13,12,11,11,10,10,9,9,8,8,7,7]}},{"type":"Feature","geometry":{"type":"Polygon","coordinates":[[[75.79605,26.92421],[75.79639,26.92421],[75.79639,26.92391],[75.79605,26.92391],[75.79605,26.92421]]]},"properties":{"d":[0,0,0,0,0,0,0,0,0,0,0,0,0,0,0,2,7,9,12,13,14,15,15,14,14,13,12,12,11,10,10,9,9,8,8,7,7]}},{"type":"Feature","geometry":{"type":"Polygon","coordinates":[[[75.79639,26.92421],[75.79674,26.92421],[75.79674,26.92391],[75.79639,26.92391],[75.79639,26.92421]]]},"properties":{"d":[0,0,0,0,0,0,0,0,0,0,0,0,0,0,0,3,8,10,12,14,15,15,15,15,14,13,12,12,11,10,10,9,9,8,8,7,7]}},{"type":"Feature","geometry":{"type":"Polygon","coordinates":[[[75.79674,26.92421],[75.79708,26.92421],[75.79708,26.92391],[75.79674,26.92391],[75.79674,26.92421]]]},"properties":{"d":[0,0,0,0,0,0,0,0,0,0,0,0,0,0,1,2,4,4,5,6,6,6,6,5,4,4,3,2,2,1,1,1,0,0,0,0,0]}},{"type":"Feature","geometry":{"type":"Polygon","coordinates":[[[75.80051,26.92421],[75.80086,26.92421],[75.80086,26.92391],[75.80051,26.92391],[75.80051,26.92421]]]},"properties":{"d":[0,0,0,0,0,0,0,0,0,0,0,0,0,0,1,3,5,5,6,6,6,6,6,6,5,5,5,4,4,4,4,3,3,3,2,2,2]}},{"type":"Feature","geometry":{"type":"Polygon","coordinates":[[[75.80635,26.92421],[75.80669,26.92421],[75.80669,26.92391],[75.80635,26.92391],[75.80635,26.92421]]]},"properties":{"d":[0,0,0,0,0,0,0,0,0,0,0,0,0,0,0,1,2,3,5,7,8,9,9,9,9,8,8,8,7,7,7,7,7,6,6,6,6]}},{"type":"Feature","geometry":{"type":"Polygon","coordinates":[[[75.80669,26.92421],[75.80704,26.92421],[75.80704,26.92391],[75.80669,26.92391],[75.80669,26.92421]]]},"properties":{"d":[0,0,0,0,0,0,0,0,0,0,0,0,0,0,0,1,2,4,5,7,9,9,9,9,9,8,8,8,7,7,7,7,7,6,6,6,6]}},{"type":"Feature","geometry":{"type":"Polygon","coordinates":[[[75.78232,26.92391],[75.78266,26.92391],[75.78266,26.9236],[75.78232,26.9236],[75.78232,26.92391]]]},"properties":{"d":[0,0,0,0,0,0,0,0,0,0,0,0,0,0,0,0,4,6,9,12,13,14,14,13,13,12,12,11,10,10,10,11,11,11,10,10,10]}},{"type":"Feature","geometry":{"type":"Polygon","coordinates":[[[75.78266,26.92391],[75.783,26.92391],[75.783,26.9236],[75.78266,26.9236],[75.78266,26.92391]]]},"properties":{"d":[0,0,0,0,0,0,0,0,0,0,0,0,0,0,0,2,6,6,9,12,14,14,14,14,13,13,12,11,11,10,10,11,11,11,10,10,10]}},{"type":"Feature","geometry":{"type":"Polygon","coordinates":[[[75.783,26.92391],[75.78335,26.92391],[75.78335,26.9236],[75.783,26.9236],[75.783,26.92391]]]},"properties":{"d":[0,0,0,0,0,0,0,0,0,0,0,0,0,0,0,0,1,2,2,3,4,3,3,3,3,3,2,2,2,2,2,2,2,2,2,2,1]}},{"type":"Feature","geometry":{"type":"Polygon","coordinates":[[[75.78747,26.92391],[75.78781,26.92391],[75.78781,26.9236],[75.78747,26.9236],[75.78747,26.92391]]]},"properties":{"d":[0,0,0,0,0,0,0,0,0,0,0,0,0,0,0,2,3,3,3,4,4,4,4,4,3,3,3,3,2,2,2,1,1,1,1,1,0]}},{"type":"Feature","geometry":{"type":"Polygon","coordinates":[[[75.78781,26.92391],[75.78815,26.92391],[75.78815,26.9236],[75.78781,26.9236],[75.78781,26.92391]]]},"properties":{"d":[0,0,0,0,0,0,0,0,0,0,0,0,0,0,0,3,3,3,3,4,4,4,4,4,4,3,3,3,3,2,2,2,2,1,1,1,1]}},{"type":"Feature","geometry":{"type":"Polygon","coordinates":[[[75.78815,26.92391],[75.7885,26.92391],[75.7885,26.9236],[75.78815,26.9236],[75.78815,26.92391]]]},"properties":{"d":[0,0,0,0,0,0,0,0,0,0,0,0,0,0,0,1,1,2,2,2,2,2,2,2,2,2,2,2,1,1,1,1,1,1,0,0,0]}},{"type":"Feature","geometry":{"type":"Polygon","coordinates":[[[75.79399,26.92391],[75.79433,26.92391],[75.79433,26.9236],[75.79399,26.9236],[75.79399,26.92391]]]},"properties":{"d":[0,0,0,0,0,0,0,0,0,0,0,0,0,0,0,1,1,1,1,1,1,2,2,2,2,1,1,0,0,0,0,0,0,0,0,0,0]}},{"type":"Feature","geometry":{"type":"Polygon","coordinates":[[[75.79433,26.92391],[75.79468,26.92391],[75.79468,26.9236],[75.79433,26.9236],[75.79433,26.92391]]]},"properties":{"d":[0,0,0,0,0,0,0,0,0,0,0,0,0,0,0,2,4,6,8,11,12,13,14,14,13,13,12,11,11,10,9,9,8,8,7,7,7]}},{"type":"Feature","geometry":{"type":"Polygon","coordinates":[[[75.79468,26.92391],[75.79502,26.92391],[75.79502,26.9236],[75.79468,26.9236],[75.79468,26.92391]]]},"properties":{"d":[0,0,0,0,0,0,0,0,0,0,0,0,0,0,0,1,3,6,8,11,12,13,14,14,13,13,12,11,11,10,9,9,8,8,7,7,7]}},{"type":"Feature","geometry":{"type":"Polygon","coordinates":[[[75.79502,26.92391],[75.79536,26.92391],[75.79536,26.9236],[75.79502,26.9236],[75.79502,26.92391]]]},"properties":{"d":[0,0,0,0,0,0,0,0,0,0,0,0,0,0,0,1,3,6,8,11,13,14,14,14,13,13,12,11,11,10,10,9,8,8,8,7,7]}},{"type":"Feature","geometry":{"type":"Polygon","coordinates":[[[75.79536,26.92391],[75.79571,26.92391],[75.79571,26.9236],[75.79536,26.9236],[75.79536,26.92391]]]},"properties":{"d":[0,0,0,0,0,0,0,0,0,0,0,0,0,0,0,1,3,6,9,11,13,14,14,14,13,13,12,11,11,10,10,9,8,8,8,7,7]}},{"type":"Feature","geometry":{"type":"Polygon","coordinates":[[[75.79571,26.92391],[75.79605,26.92391],[75.79605,26.9236],[75.79571,26.9236],[75.79571,26.92391]]]},"properties":{"d":[0,0,0,0,0,0,0,0,0,0,0,0,0,0,0,1,3,7,10,12,13,14,14,14,14,13,12,11,11,10,10,9,9,8,8,7,7]}},{"type":"Feature","geometry":{"type":"Polygon","coordinates":[[[75.79605,26.92391],[75.79639,26.92391],[75.79639,26.9236],[75.79605,26.9236],[75.79605,26.92391]]]},"properties":{"d":[0,0,0,0,0,0,0,0,0,0,0,0,0,0,0,1,5,8,11,12,14,15,15,14,14,13,12,12,11,10,10,9,9,8,8,7,7]}},{"type":"Feature","geometry":{"type":"Polygon","coordinates":[[[75.79639,26.92391],[75.79674,26.92391],[75.79674,26.9236],[75.79639,26.9236],[75.79639,26.92391]]]},"properties":{"d":[0,0,0,0,0,0,0,0,0,0,0,0,0,0,1,2,6,9,11,13,14,15,15,14,14,13,12,12,11,10,10,9,9,8,8,7,7]}},{"type":"Feature","geometry":{"type":"Polygon","coordinates":[[[75.80017,26.92391],[75.80051,26.92391],[75.80051,26.9236],[75.80017,26.9236],[75.80017,26.92391]]]},"properties":{"d":[0,0,0,0,0,0,0,0,0,0,0,0,0,0,1,3,3,5,6,6,7,6,6,5,4,4,3,3,2,2,2,1,1,1,0,0,0]}},{"type":"Feature","geometry":{"type":"Polygon","coordinates":[[[75.80051,26.92391],[75.80086,26.92391],[75.80086,26.9236],[75.80051,26.9236],[75.80051,26.92391]]]},"properties":{"d":[0,0,0,0,0,0,0,0,0,0,0,0,0,0,1,6,8,10,11,12,12,12,11,10,10,9,9,8,8,7,7,7,6,6,5,5,5]}},{"type":"Feature","geometry":{"type":"Polygon","coordinates":[[[75.80086,26.92391],[75.8012,26.92391],[75.8012,26.9236],[75.80086,26.9236],[75.80086,26.92391]]]},"properties":{"d":[0,0,0,0,0,0,0,0,0,0,0,0,0,0,0,1,2,2,2,2,2,2,1,1,1,0,0,0,0,0,0,0,0,0,0,0,0]}},{"type":"Feature","geometry":{"type":"Polygon","coordinates":[[[75.80635,26.92391],[75.80669,26.92391],[75.80669,26.9236],[75.80635,26.9236],[75.80635,26.92391]]]},"properties":{"d":[0,0,0,0,0,0,0,0,0,0,0,0,0,0,0,0,1,3,5,7,8,9,9,9,9,8,8,8,7,7,7,7,7,6,6,6,6]}},{"type":"Feature","geometry":{"type":"Polygon","coordinates":[[[75.78197,26.9236],[75.78232,26.9236],[75.78232,26.92329],[75.78197,26.92329],[75.78197,26.9236]]]},"properties":{"d":[0,0,0,0,0,0,0,0,0,0,0,0,0,0,0,0,0,1,2,4,6,7,7,7,6,6,5,5,5,4,4,4,5,5,4,4,4]}},{"type":"Feature","geometry":{"type":"Polygon","coordinates":[[[75.78232,26.9236],[75.78266,26.9236],[75.78266,26.92329],[75.78232,26.92329],[75.78232,26.9236]]]},"properties":{"d":[0,0,0,0,0,0,0,0,0,0,0,0,0,0,0,0,2,6,9,11,13,14,13,13,13,12,11,11,10,10,10,10,11,10,10,10,9]}},{"type":"Feature","geometry":{"type":"Polygon","coordinates":[[[75.78266,26.9236],[75.783,26.9236],[75.783,26.92329],[75.78266,26.92329],[75.78266,26.9236]]]},"properties":{"d":[0,0,0,0,0,0,0,0,0,0,0,0,0,0,0,1,4,6,9,12,13,14,14,13,13,12,12,11,10,10,10,11,11,11,10,10,10]}},{"type":"Feature","geometry":{"type":"Polygon","coordinates":[[[75.78747,26.9236],[75.78781,26.9236],[75.78781,26.92329],[75.78747,26.92329],[75.78747,26.9236]]]},"properties":{"d":[0,0,0,0,0,0,0,0,0,0,0,0,0,0,0,2,4,4,4,4,4,4,4,4,4,4,3,3,3,3,2,2,2,1,1,1,1]}},{"type":"Feature","geometry":{"type":"Polygon","coordinates":[[[75.78781,26.9236],[75.78815,26.9236],[75.78815,26.92329],[75.78781,26.92329],[75.78781,26.9236]]]},"properties":{"d":[0,0,0,0,0,0,0,0,0,0,0,0,0,0,0,2,3,3,3,3,3,3,3,3,3,3,3,2,2,2,2,1,1,1,1,1,0]}},{"type":"Feature","geometry":{"type":"Polygon","coordinates":[[[75.79399,26.9236],[75.79433,26.9236],[75.79433,26.92329],[75.79399,26.92329],[75.79399,26.9236]]]},"properties":{"d":[0,0,0,0,0,0,0,0,0,0,0,0,0,0,1,1,2,2,2,2,3,4,5,5,4,4,3,3,2,2,1,1,0,0,0,0,0]}},{"type":"Feature","geometry":{"type":"Polygon","coordinates":[[[75.79433,26.9236],[75.79468,26.9236],[75.79468,26.92329],[75.79433,26.92329],[75.79433,26.9236]]]},"properties":{"d":[0,0,0,0,0,0,0,0,0,0,0,0,0,0,0,2,4,5,8,10,12,13,14,13,13,12,12,11,11,10,9,9,8,8,7,7,7]}},{"type":"Feature","geometry":{"type":"Polygon","coordinates":[[[75.79468,26.9236],[75.79502,26.9236],[75.79502,26.92329],[75.79468,26.92329],[75.79468,26.9236]]]},"properties":{"d":[0,0,0,0,0,0,0,0,0,0,0,0,0,0,0,1,3,5,8,10,12,13,14,13,13,12,12,11,11,10,9,9,8,8,7,7,7]}},{"type":"Feature","geometry":{"type":"Polygon","coordinates":[[[75.79502,26.9236],[75.79536,26.9236],[75.79536,26.92329],[75.79502,26.92329],[75.79502,26.9236]]]},"properties":{"d":[0,0,0,0,0,0,0,0,0,0,0,0,0,0,0,1,2,5,8,11,12,14,14,14,13,13,12,11,11,10,9,9,8,8,8,7,7]}},{"type":"Feature","geometry":{"type":"Polygon","coordinates":[[[75.79536,26.9236],[75.79571,26.9236],[75.79571,26.92329],[75.79536,26.92329],[75.79536,26.9236]]]},"properties":{"d":[0,0,0,0,0,0,0,0,0,0,0,0,0,0,0,1,2,5,9,11,13,14,14,14,13,13,12,11,11,10,10,9,8,8,8,7,7]}},{"type":"Feature","geometry":{"type":"Polygon","coordinates":[[[75.79571,26.9236],[75.79605,26.9236],[75.79605,26.92329],[75.79571,26.92329],[75.79571,26.9236]]]},"properties":{"d":[0,0,0,0,0,0,0,0,0,0,0,0,0,0,0,1,3,6,9,12,13,14,14,14,14,13,12,11,11,10,10,9,9,8,8,7,7]}},{"type":"Feature","geometry":{"type":"Polygon","coordinates":[[[75.79605,26.9236],[75.79639,26.9236],[75.79639,26.92329],[75.79605,26.92329],[75.79605,26.9236]]]},"properties":{"d":[0,0,0,0,0,0,0,0,0,0,0,0,0,0,0,2,4,8,10,12,14,14,15,14,14,13,12,12,11,10,10,9,9,8,8,7,7]}},{"type":"Feature","geometry":{"type":"Polygon","coordinates":[[[75.79639,26.9236],[75.79674,26.9236],[75.79674,26.92329],[75.79639,26.92329],[75.79639,26.9236]]]},"properties":{"d":[0,0,0,0,0,0,0,0,0,0,0,0,0,0,1,3,5,8,11,12,14,15,15,14,14,13,12,12,11,10,10,9,9,8,8,7,7]}},{"type":"Feature","geometry":{"type":"Polygon","coordinates":[[[75.80017,26.9236],[75.80051,26.9236],[75.80051,26.92329],[75.80017,26.92329],[75.80017,26.9236]]]},"properties":{"d":[0,0,0,0,0,0,0,0,0,0,0,0,0,0,0,2,3,5,6,6,7,7,6,5,5,4,3,3,3,2,2,2,1,1,1,0,0]}},{"type":"Feature","geometry":{"type":"Polygon","coordinates":[[[75.80051,26.9236],[75.80086,26.9236],[75.80086,26.92329],[75.80051,26.92329],[75.80051,26.9236]]]},"properties":{"d":[0,0,0,0,0,0,0,0,0,0,0,0,0,0,0,3,7,9,10,11,11,11,10,10,9,8,8,7,7,7,6,6,6,5,5,4,4]}},{"type":"Feature","geometry":{"type":"Polygon","coordinates":[[[75.7806,26.92329],[75.78094,26.92329],[75.78094,26.92299],[75.7806,26.92299],[75.7806,26.92329]]]},"properties":{"d":[0,0,0,0,0,0,0,0,0,0,0,0,0,0,0,0,0,0,0,0,1,2,2,2,2,2,2,2,1,1,1,1,1,1,1,1,1]}},{"type":"Feature","geometry":{"type":"Polygon","coordinates":[[[75.78094,26.92329],[75.78129,26.92329],[75.78129,26.92299],[75.78094,26.92299],[75.78094,26.92329]]]},"properties":{"d":[0,0,0,0,0,0,0,0,0,0,0,0,0,0,0,0,0,0,0,0,2,3,3,3,3,3,2,2,2,2,2,2,2,2,2,2,2]}},{"type":"Feature","geometry":{"type":"Polygon","coordinates":[[[75.78129,26.92329],[75.78163,26.92329],[75.78163,26.92299],[75.78129,26.92299],[75.78129,26.92329]]]},"properties":{"d":[0,0,0,0,0,0,0,0,0,0,0,0,0,0,0,0,0,0,0,1,3,4,4,4,4,3,3,3,2,2,2,2,2,2,2,2,2]}},{"type":"Feature","geometry":{"type":"Polygon","coordinates":[[[75.78163,26.92329],[75.78197,26.92329],[75.78197,26.92299],[75.78163,26.92299],[75.78163,26.92329]]]},"properties":{"d":[0,0,0,0,0,0,0,0,0,0,0,0,0,0,0,0,0,0,1,2,4,5,5,5,5,5,4,4,3,3,3,3,3,3,3,3,3]}},{"type":"Feature","geometry":{"type":"Polygon","coordinates":[[[75.78197,26.92329],[75.78232,26.92329],[75.78232,26.92299],[75.78197,26.92299],[75.78197,26.92329]]]},"properties":{"d":[0,0,0,0,0,0,0,0,0,0,0,0,0,0,0,0,0,1,1,3,5,6,6,6,6,5,5,4,4,3,3,3,4,4,4,3,3]}},{"type":"Feature","geometry":{"type":"Polygon","coordinates":[[[75.78232,26.92329],[75.78266,26.92329],[75.78266,26.92299],[75.78232,26.92299],[75.78232,26.92329]]]},"properties":{"d":[0,0,0,0,0,0,0,0,0,0,0,0,0,0,0,0,0,1,1,2,4,5,5,5,4,4,3,3,3,2,2,2,2,2,2,2,2]}},{"type":"Feature","geometry":{"type":"Polygon","coordinates":[[[75.78712,26.92329],[75.78747,26.92329],[75.78747,26.92299],[75.78712,26.92299],[75.78712,26.92329]]]},"properties":{"d":[0,0,0,0,0,0,0,0,0,0,0,0,0,0,0,0,1,2,2,2,2,2,2,2,2,2,2,1,1,1,1,1,1,1,0,0,0]}},{"type":"Feature","geometry":{"type":"Polygon","coordinates":[[[75.78747,26.92329],[75.78781,26.92329],[75.78781,26.92299],[75.78747,26.92299],[75.78747,26.92329]]]},"properties":{"d":[0,0,0,0,0,0,0,0,0,0,0,0,0,0,0,1,3,3,3,4,4,4,4,4,3,3,3,3,2,2,2,2,1,1,1,1,0]}},{"type":"Feature","geometry":{"type":"Polygon","coordinates":[[[75.78781,26.92329],[75.78815,26.92329],[75.78815,26.92299],[75.78781,26.92299],[75.78781,26.92329]]]},"properties":{"d":[0,0,0,0,0,0,0,0,0,0,0,0,0,0,0,1,2,2,2,2,2,2,3,2,2,2,2,2,1,1,1,1,1,1,0,0,0]}},{"type":"Feature","geometry":{"type":"Polygon","coordinates":[[[75.79399,26.92329],[75.79433,26.92329],[75.79433,26.92299],[75.79399,26.92299],[75.79399,26.92329]]]},"properties":{"d":[0,0,0,0,0,0,0,0,0,0,0,0,0,0,1,2,3,4,4,5,7,8,8,8,8,7,7,6,6,5,5,4,4,3,3,2,2]}},{"type":"Feature","geometry":{"type":"Polygon","coordinates":[[[75.79433,26.92329],[75.79468,26.92329],[75.79468,26.92299],[75.79433,26.92299],[75.79433,26.92329]]]},"properties":{"d":[0,0,0,0,0,0,0,0,0,0,0,0,0,0,1,2,3,5,7,10,11,12,13,13,12,12,11,11,10,10,9,9,8,8,7,7,6]}},{"type":"Feature","geometry":{"type":"Polygon","coordinates":[[[75.79468,26.92329],[75.79502,26.92329],[75.79502,26.92299],[75.79468,26.92299],[75.79468,26.92329]]]},"properties":{"d":[0,0,0,0,0,0,0,0,0,0,0,0,0,0,0,1,3,5,7,10,12,13,13,13,13,12,12,11,10,10,9,9,8,8,7,7,7]}},{"type":"Feature","geometry":{"type":"Polygon","coordinates":[[[75.79502,26.92329],[75.79536,26.92329],[75.79536,26.92299],[75.79502,26.92299],[75.79502,26.92329]]]},"properties":{"d":[0,0,0,0,0,0,0,0,0,0,0,0,0,0,1,1,2,5,8,11,12,13,14,14,13,13,12,11,11,10,9,9,8,8,7,7,7]}},{"type":"Feature","geometry":{"type":"Polygon","coordinates":[[[75.79536,26.92329],[75.79571,26.92329],[75.79571,26.92299],[75.79536,26.92299],[75.79536,26.92329]]]},"properties":{"d":[0,0,0,0,0,0,0,0,0,0,0,0,0,0,1,1,2,5,9,11,13,14,14,14,13,13,12,11,11,10,10,9,8,8,8,7,7]}},{"type":"Feature","geometry":{"type":"Polygon","coordinates":[[[75.79571,26.92329],[75.79605,26.92329],[75.79605,26.92299],[75.79571,26.92299],[75.79571,26.92329]]]},"properties":{"d":[0,0,0,0,0,0,0,0,0,0,0,0,0,0,1,2,3,6,9,11,13,14,14,14,13,13,12,11,11,10,10,9,9,8,8,7,7]}},{"type":"Feature","geometry":{"type":"Polygon","coordinates":[[[75.79605,26.92329],[75.79639,26.92329],[75.79639,26.92299],[75.79605,26.92299],[75.79605,26.92329]]]},"properties":{"d":[0,0,0,0,0,0,0,0,0,0,0,0,0,0,1,1,1,2,5,7,9,10,10,10,9,8,8,7,6,6,5,5,4,4,3,3,2]}},{"type":"Feature","geometry":{"type":"Polygon","coordinates":[[[75.80051,26.92329],[75.80086,26.92329],[75.80086,26.92299],[75.80051,26.92299],[75.80051,26.92329]]]},"properties":{"d":[0,0,0,0,0,0,0,0,0,0,0,0,0,0,0,1,5,7,8,9,9,9,9,8,7,7,6,6,6,5,5,5,4,4,4,4,3]}},{"type":"Feature","geometry":{"type":"Polygon","coordinates":[[[75.78026,26.92299],[75.7806,26.92299],[75.7806,26.92268],[75.78026,26.92268],[75.78026,26.92299]]]},"properties":{"d":[0,0,0,0,0,0,0,0,0,0,0,0,0,0,0,0,0,0,0,0,0,1,2,2,2,2,2,2,1,1,1,1,1,1,1,1,1]}},{"type":"Feature","geometry":{"type":"Polygon","coordinates":[[[75.7806,26.92299],[75.78094,26.92299],[75.78094,26.92268],[75.7806,26.92268],[75.7806,26.92299]]]},"properties":{"d":[0,0,0,0,0,0,0,0,0,0,0,0,0,0,0,0,0,0,0,0,1,3,3,3,3,3,3,2,2,2,2,2,2,2,2,2,2]}},{"type":"Feature","geometry":{"type":"Polygon","coordinates":[[[75.78094,26.92299],[75.78129,26.92299],[75.78129,26.92268],[75.78094,26.92268],[75.78094,26.92299]]]},"properties":{"d":[0,0,0,0,0,0,0,0,0,0,0,0,0,0,0,0,0,0,0,0,1,3,3,3,3,3,3,3,2,2,2,2,2,2,2,2,2]}},{"type":"Feature","geometry":{"type":"Polygon","coordinates":[[[75.78129,26.92299],[75.78163,26.92299],[75.78163,26.92268],[75.78129,26.92268],[75.78129,26.92299]]]},"properties":{"d":[0,0,0,0,0,0,0,0,0,0,0,0,0,0,0,0,0,0,0,0,1,3,3,3,3,2,2,2,2,2,1,1,1,2,2,1,1]}},{"type":"Feature","geometry":{"type":"Polygon","coordinates":[[[75.78712,26.92299],[75.78747,26.92299],[75.78747,26.92268],[75.78712,26.92268],[75.78712,26.92299]]]},"properties":{"d":[0,0,0,0,0,0,0,0,0,0,0,0,0,0,0,0,0,2,2,2,2,2,2,2,2,2,2,2,1,1,1,1,1,1,0,0,0]}},{"type":"Feature","geometry":{"type":"Polygon","coordinates":[[[75.78747,26.92299],[75.78781,26.92299],[75.78781,26.92268],[75.78747,26.92268],[75.78747,26.92299]]]},"properties":{"d":[0,0,0,0,0,0,0,0,0,0,0,0,0,0,0,1,1,3,3,3,3,3,3,3,3,2,2,2,2,2,1,1,1,1,1,0,0]}},{"type":"Feature","geometry":{"type":"Polygon","coordinates":[[[75.79399,26.92299],[75.79433,26.92299],[75.79433,26.92268],[75.79399,26.92268],[75.79399,26.92299]]]},"properties":{"d":[0,0,0,0,0,0,0,0,0,0,0,0,0,0,0,1,2,2,1,1,2,3,3,3,3,3,2,2,1,1,1,0,0,0,0,0,0]}},{"type":"Feature","geometry":{"type":"Polygon","coordinates":[[[75.79433,26.92299],[75.79468,26.92299],[75.79468,26.92268],[75.79433,26.92268],[75.79433,26.92299]]]},"properties":{"d":[0,0,0,0,0,0,0,0,0,0,0,0,0,0,1,1,3,4,6,8,10,11,11,11,11,11,10,10,9,9,8,8,7,7,6,6,6]}},{"type":"Feature","geometry":{"type":"Polygon","coordinates":[[[75.79468,26.92299],[75.79502,26.92299],[75.79502,26.92268],[75.79468,26.92268],[75.79468,26.92299]]]},"properties":{"d":[0,0,0,0,0,0,0,0,0,0,0,0,0,0,1,1,2,3,6,8,9,10,11,11,10,10,10,9,8,8,8,7,7,6,6,6,5]}},{"type":"Feature","geometry":{"type":"Polygon","coordinates":[[[75.80051,26.92299],[75.80086,26.92299],[75.80086,26.92268],[75.80051,26.92268],[75.80051,26.92299]]]},"properties":{"d":[0,0,0,0,0,0,0,0,0,0,0,0,0,0,0,1,2,4,5,6,6,6,6,5,5,4,4,4,3,3,3,3,3,2,2,2,2]}},{"type":"Feature","geometry":{"type":"Polygon","coordinates":[[[75.80498,26.92299],[75.80532,26.92299],[75.80532,26.92268],[75.80498,26.92268],[75.80498,26.92299]]]},"properties":{"d":[0,0,0,0,0,0,0,0,0,0,0,0,0,0,0,2,3,3,4,4,5,5,5,4,4,4,4,3,3,3,3,2,2,2,2,1,1]}},{"type":"Feature","geometry":{"type":"Polygon","coordinates":[[[75.80532,26.92299],[75.80566,26.92299],[75.80566,26.92268],[75.80532,26.92268],[75.80532,26.92299]]]},"properties":{"d":[0,0,0,0,0,0,0,0,0,0,0,0,0,0,0,1,2,3,3,4,4,5,5,4,4,4,4,3,3,3,3,2,2,2,2,1,1]}},{"type":"Feature","geometry":{"type":"Polygon","coordinates":[[[75.80566,26.92299],[75.80601,26.92299],[75.80601,26.92268],[75.80566,26.92268],[75.80566,26.92299]]]},"properties":{"d":[0,0,0,0,0,0,0,0,0,0,0,0,0,0,0,1,2,3,3,4,4,4,5,4,4,4,4,3,3,3,3,2,2,2,2,1,1]}},{"type":"Feature","geometry":{"type":"Polygon","coordinates":[[[75.77991,26.92268],[75.78026,26.92268],[75.78026,26.92238],[75.77991,26.92238],[75.77991,26.92268]]]},"properties":{"d":[0,0,0,0,0,0,0,0,0,0,0,0,0,0,0,0,0,0,0,0,0,0,2,2,2,2,2,2,1,1,1,1,1,1,1,1,1]}},{"type":"Feature","geometry":{"type":"Polygon","coordinates":[[[75.78026,26.92268],[75.7806,26.92268],[75.7806,26.92238],[75.78026,26.92238],[75.78026,26.92268]]]},"properties":{"d":[0,0,0,0,0,0,0,0,0,0,0,0,0,0,0,0,0,0,0,0,0,1,2,2,2,2,2,2,2,1,1,1,1,1,1,1,1]}},{"type":"Feature","geometry":{"type":"Polygon","coordinates":[[[75.7806,26.92268],[75.78094,26.92268],[75.78094,26.92238],[75.7806,26.92238],[75.7806,26.92268]]]},"properties":{"d":[0,0,0,0,0,0,0,0,0,0,0,0,0,0,0,0,0,0,0,0,0,1,2,2,2,2,2,2,2,1,1,1,1,1,1,1,1]}},{"type":"Feature","geometry":{"type":"Polygon","coordinates":[[[75.78712,26.92268],[75.78747,26.92268],[75.78747,26.92238],[75.78712,26.92238],[75.78712,26.92268]]]},"properties":{"d":[0,0,0,0,0,0,0,0,0,0,0,0,0,0,0,0,1,2,2,2,2,2,2,2,2,2,2,2,1,1,1,1,1,1,0,0,0]}},{"type":"Feature","geometry":{"type":"Polygon","coordinates":[[[75.78747,26.92268],[75.78781,26.92268],[75.78781,26.92238],[75.78747,26.92238],[75.78747,26.92268]]]},"properties":{"d":[0,0,0,0,0,0,0,0,0,0,0,0,0,0,0,0,0,1,2,2,2,2,2,2,2,2,2,1,1,1,1,1,1,1,0,0,0]}},{"type":"Feature","geometry":{"type":"Polygon","coordinates":[[[75.78884,26.92268],[75.78918,26.92268],[75.78918,26.92238],[75.78884,26.92238],[75.78884,26.92268]]]},"properties":{"d":[0,0,0,0,0,0,0,0,0,0,0,0,0,0,0,1,0,2,2,2,1,1,1,1,0,0,0,0,0,0,0,0,0,0,0,0,0]}},{"type":"Feature","geometry":{"type":"Polygon","coordinates":[[[75.78918,26.92268],[75.78953,26.92268],[75.78953,26.92238],[75.78918,26.92238],[75.78918,26.92268]]]},"properties":{"d":[0,0,0,0,0,0,0,0,0,0,0,0,0,0,0,1,1,2,2,2,1,1,1,1,0,0,0,0,0,0,0,0,0,0,0,0,0]}},{"type":"Feature","geometry":{"type":"Polygon","coordinates":[[[75.79433,26.92268],[75.79468,26.92268],[75.79468,26.92238],[75.79433,26.92238],[75.79433,26.92268]]]},"properties":{"d":[0,0,0,0,0,0,0,0,0,0,0,0,0,0,0,1,2,2,3,5,6,7,7,7,7,7,7,6,6,5,5,5,4,4,4,3,3]}},{"type":"Feature","geometry":{"type":"Polygon","coordinates":[[[75.79468,26.92268],[75.79502,26.92268],[75.79502,26.92238],[75.79468,26.92238],[75.79468,26.92268]]]},"properties":{"d":[0,0,0,0,0,0,0,0,0,0,0,0,0,0,0,0,1,1,1,2,3,4,4,4,4,4,3,3,3,2,2,2,1,1,1,1,1]}},{"type":"Feature","geometry":{"type":"Polygon","coordinates":[[[75.80051,26.92268],[75.80086,26.92268],[75.80086,26.92238],[75.80051,26.92238],[75.80051,26.92268]]]},"properties":{"d":[0,0,0,0,0,0,0,0,0,0,0,0,0,0,0,1,2,3,4,5,5,5,5,4,4,3,3,3,3,3,2,2,2,2,2,2,1]}},{"type":"Feature","geometry":{"type":"Polygon","coordinates":[[[75.80498,26.92268],[75.80532,26.92268],[75.80532,26.92238],[75.80498,26.92238],[75.80498,26.92268]]]},"properties":{"d":[0,0,0,0,0,0,0,0,0,0,0,0,0,0,0,1,2,3,3,4,4,4,5,4,4,4,4,3,3,3,3,2,2,2,2,1,1]}},{"type":"Feature","geometry":{"type":"Polygon","coordinates":[[[75.80532,26.92268],[75.80566,26.92268],[75.80566,26.92238],[75.80532,26.92238],[75.80532,26.92268]]]},"properties":{"d":[0,0,0,0,0,0,0,0,0,0,0,0,0,0,0,0,1,2,3,4,4,4,4,4,4,4,4,3,3,3,3,2,2,2,2,1,1]}},{"type":"Feature","geometry":{"type":"Polygon","coordinates":[[[75.80566,26.92268],[75.80601,26.92268],[75.80601,26.92238],[75.80566,26.92238],[75.80566,26.92268]]]},"properties":{"d":[0,0,0,0,0,0,0,0,0,0,0,0,0,0,0,0,1,2,3,3,4,4,4,4,4,4,4,3,3,3,3,2,2,2,2,1,1]}},{"type":"Feature","geometry":{"type":"Polygon","coordinates":[[[75.80601,26.92268],[75.80635,26.92268],[75.80635,26.92238],[75.80601,26.92238],[75.80601,26.92268]]]},"properties":{"d":[0,0,0,0,0,0,0,0,0,0,0,0,0,0,0,1,2,2,3,3,4,4,4,4,4,4,4,3,3,3,3,2,2,2,2,1,1]}},{"type":"Feature","geometry":{"type":"Polygon","coordinates":[[[75.77957,26.92238],[75.77991,26.92238],[75.77991,26.92207],[75.77957,26.92207],[75.77957,26.92238]]]},"properties":{"d":[0,0,0,0,0,0,0,0,0,0,0,0,0,0,0,0,0,0,0,0,0,0,0,1,2,2,2,2,2,1,1,1,1,1,1,1,1]}},{"type":"Feature","geometry":{"type":"Polygon","coordinates":[[[75.77991,26.92238],[75.78026,26.92238],[75.78026,26.92207],[75.77991,26.92207],[75.77991,26.92238]]]},"properties":{"d":[0,0,0,0,0,0,0,0,0,0,0,0,0,0,0,0,0,0,0,0,0,0,2,3,3,2,2,2,2,2,1,1,1,1,1,1,1]}},{"type":"Feature","geometry":{"type":"Polygon","coordinates":[[[75.78335,26.92238],[75.78369,26.92238],[75.78369,26.92207],[75.78335,26.92207],[75.78335,26.92238]]]},"properties":{"d":[0,0,0,0,0,0,0,0,0,0,0,0,0,0,0,0,1,2,2,3,3,3,3,3,3,2,2,2,2,2,1,1,1,1,1,1,0]}},{"type":"Feature","geometry":{"type":"Polygon","coordinates":[[[75.78609,26.92238],[75.78644,26.92238],[75.78644,26.92207],[75.78609,26.92207],[75.78609,26.92238]]]},"properties":{"d":[0,0,0,0,0,0,0,0,0,0,0,0,0,0,0,0,1,2,2,2,2,2,2,2,2,1,1,1,1,1,1,1,0,0,0,0,0]}},{"type":"Feature","geometry":{"type":"Polygon","coordinates":[[[75.78644,26.92238],[75.78678,26.92238],[75.78678,26.92207],[75.78644,26.92207],[75.78644,26.92238]]]},"properties":{"d":[0,0,0,0,0,0,0,0,0,0,0,0,0,0,0,0,2,2,2,2,2,2,2,2,2,2,2,1,1,1,1,1,1,0,0,0,0]}},{"type":"Feature","geometry":{"type":"Polygon","coordinates":[[[75.78678,26.92238],[75.78712,26.92238],[75.78712,26.92207],[75.78678,26.92207],[75.78678,26.92238]]]},"properties":{"d":[0,0,0,0,0,0,0,0,0,0,0,0,0,0,0,0,1,2,2,2,2,2,2,2,2,2,2,1,1,1,1,1,1,1,0,0,0]}},{"type":"Feature","geometry":{"type":"Polygon","coordinates":[[[75.78712,26.92238],[75.78747,26.92238],[75.78747,26.92207],[75.78712,26.92207],[75.78712,26.92238]]]},"properties":{"d":[0,0,0,0,0,0,0,0,0,0,0,0,0,0,0,1,0,1,2,2,2,2,2,2,2,2,2,1,1,1,1,1,1,0,0,0,0]}},{"type":"Feature","geometry":{"type":"Polygon","coordinates":[[[75.78747,26.92238],[75.78781,26.92238],[75.78781,26.92207],[75.78747,26.92207],[75.78747,26.92238]]]},"properties":{"d":[0,0,0,0,0,0,0,0,0,0,0,0,0,0,0,1,1,1,2,2,2,2,2,2,2,2,1,1,1,1,1,1,1,0,0,0,0]}},{"type":"Feature","geometry":{"type":"Polygon","coordinates":[[[75.78884,26.92238],[75.78918,26.92238],[75.78918,26.92207],[75.78884,26.92207],[75.78884,26.92238]]]},"properties":{"d":[0,0,0,0,0,0,0,0,0,0,0,0,0,0,0,0,2,2,2,2,2,1,1,1,0,0,0,0,0,0,0,0,0,0,0,0,0]}},{"type":"Feature","geometry":{"type":"Polygon","coordinates":[[[75.79433,26.92238],[75.79468,26.92238],[75.79468,26.92207],[75.79433,26.92207],[75.79433,26.92238]]]},"properties":{"d":[0,0,0,0,0,0,0,0,0,0,0,0,0,0,0,1,2,2,3,4,5,6,7,7,6,6,6,5,5,5,4,4,4,4,3,3,3]}},{"type":"Feature","geometry":{"type":"Polygon","coordinates":[[[75.79468,26.92238],[75.79502,26.92238],[75.79502,26.92207],[75.79468,26.92207],[75.79468,26.92238]]]},"properties":{"d":[0,0,0,0,0,0,0,0,0,0,0,0,0,0,0,1,1,1,1,2,2,3,3,3,3,3,3,2,2,2,2,1,1,1,1,1,1]}},{"type":"Feature","geometry":{"type":"Polygon","coordinates":[[[75.79708,26.92238],[75.79742,26.92238],[75.79742,26.92207],[75.79708,26.92207],[75.79708,26.92238]]]},"properties":{"d":[0,0,0,0,0,0,0,0,0,0,0,0,0,0,1,2,1,2,2,2,2,1,1,1,0,0,0,0,0,0,0,0,0,0,0,0,0]}},{"type":"Feature","geometry":{"type":"Polygon","coordinates":[[[75.80051,26.92238],[75.80086,26.92238],[75.80086,26.92207],[75.80051,26.92207],[75.80051,26.92238]]]},"properties":{"d":[0,0,0,0,0,0,0,0,0,0,0,0,0,0,0,1,0,2,3,3,3,3,3,3,2,2,2,2,2,2,2,1,1,1,1,1,1]}},{"type":"Feature","geometry":{"type":"Polygon","coordinates":[[[75.80086,26.92238],[75.8012,26.92238],[75.8012,26.92207],[75.80086,26.92207],[75.80086,26.92238]]]},"properties":{"d":[0,0,0,0,0,0,0,0,0,0,0,0,0,0,0,0,0,0,1,2,2,2,2,2,2,2,1,1,1,1,1,1,1,1,1,1,1]}},{"type":"Feature","geometry":{"type":"Polygon","coordinates":[[[75.80498,26.92238],[75.80532,26.92238],[75.80532,26.92207],[75.80498,26.92207],[75.80498,26.92238]]]},"properties":{"d":[0,0,0,0,0,0,0,0,0,0,0,0,0,0,0,0,1,2,3,3,4,4,4,4,4,4,4,3,3,3,3,2,2,2,2,1,1]}},{"type":"Feature","geometry":{"type":"Polygon","coordinates":[[[75.80532,26.92238],[75.80566,26.92238],[75.80566,26.92207],[75.80532,26.92207],[75.80532,26.92238]]]},"properties":{"d":[0,0,0,0,0,0,0,0,0,0,0,0,0,0,0,0,1,1,2,3,4,4,4,4,4,4,4,3,3,3,3,2,2,2,2,1,1]}},{"type":"Feature","geometry":{"type":"Polygon","coordinates":[[[75.80566,26.92238],[75.80601,26.92238],[75.80601,26.92207],[75.80566,26.92207],[75.80566,26.92238]]]},"properties":{"d":[0,0,0,0,0,0,0,0,0,0,0,0,0,0,0,0,1,2,2,3,4,4,4,4,4,4,4,3,3,3,3,2,2,2,2,1,1]}},{"type":"Feature","geometry":{"type":"Polygon","coordinates":[[[75.80601,26.92238],[75.80635,26.92238],[75.80635,26.92207],[75.80601,26.92207],[75.80601,26.92238]]]},"properties":{"d":[0,0,0,0,0,0,0,0,0,0,0,0,0,0,0,1,2,2,3,3,4,4,4,4,4,4,4,3,3,3,3,2,2,2,2,1,1]}},{"type":"Feature","geometry":{"type":"Polygon","coordinates":[[[75.77957,26.92207],[75.77991,26.92207],[75.77991,26.92176],[75.77957,26.92176],[75.77957,26.92207]]]},"properties":{"d":[0,0,0,0,0,0,0,0,0,0,0,0,0,0,0,0,0,0,0,0,0,0,0,1,2,2,2,2,2,1,1,1,1,1,1,1,1]}},{"type":"Feature","geometry":{"type":"Polygon","coordinates":[[[75.77991,26.92207],[75.78026,26.92207],[75.78026,26.92176],[75.77991,26.92176],[75.77991,26.92207]]]},"properties":{"d":[0,0,0,0,0,0,0,0,0,0,0,0,0,0,0,0,0,0,0,0,0,0,1,2,3,3,3,2,2,2,2,1,1,1,1,1,1]}},{"type":"Feature","geometry":{"type":"Polygon","coordinates":[[[75.78369,26.92207],[75.78403,26.92207],[75.78403,26.92176],[75.78369,26.92176],[75.78369,26.92207]]]},"properties":{"d":[0,0,0,0,0,0,0,0,0,0,0,0,0,0,0,0,1,3,4,4,5,5,5,5,5,5,5,4,4,4,4,4,4,3,3,3,3]}},{"type":"Feature","geometry":{"type":"Polygon","coordinates":[[[75.78575,26.92207],[75.78609,26.92207],[75.78609,26.92176],[75.78575,26.92176],[75.78575,26.92207]]]},"properties":{"d":[0,0,0,0,0,0,0,0,0,0,0,0,0,0,0,0,0,2,3,3,3,3,3,3,2,2,2,2,2,1,1,1,1,1,0,0,0]}},{"type":"Feature","geometry":{"type":"Polygon","coordinates":[[[75.78609,26.92207],[75.78644,26.92207],[75.78644,26.92176],[75.78609,26.92176],[75.78609,26.92207]]]},"properties":{"d":[0,0,0,0,0,0,0,0,0,0,0,0,0,0,0,1,1,3,3,3,4,4,3,3,3,3,2,2,2,2,2,1,1,1,1,0,0]}},{"type":"Feature","geometry":{"type":"Polygon","coordinates":[[[75.78644,26.92207],[75.78678,26.92207],[75.78678,26.92176],[75.78644,26.92176],[75.78644,26.92207]]]},"properties":{"d":[0,0,0,0,0,0,0,0,0,0,0,0,0,0,0,0,2,2,3,3,3,3,3,3,3,2,2,2,2,2,1,1,1,1,0,0,0]}},{"type":"Feature","geometry":{"type":"Polygon","coordinates":[[[75.78678,26.92207],[75.78712,26.92207],[75.78712,26.92176],[75.78678,26.92176],[75.78678,26.92207]]]},"properties":{"d":[0,0,0,0,0,0,0,0,0,0,0,0,0,0,0,0,1,2,2,2,2,2,2,2,2,2,2,2,1,1,1,1,1,1,0,0,0]}},{"type":"Feature","geometry":{"type":"Polygon","coordinates":[[[75.78747,26.92207],[75.78781,26.92207],[75.78781,26.92176],[75.78747,26.92176],[75.78747,26.92207]]]},"properties":{"d":[0,0,0,0,0,0,0,0,0,0,0,0,0,0,0,0,2,2,2,2,2,2,2,2,2,2,2,1,1,1,1,1,1,0,0,0,0]}},{"type":"Feature","geometry":{"type":"Polygon","coordinates":[[[75.78781,26.92207],[75.78815,26.92207],[75.78815,26.92176],[75.78781,26.92176],[75.78781,26.92207]]]},"properties":{"d":[0,0,0,0,0,0,0,0,0,0,0,0,0,0,0,0,2,2,3,3,3,3,2,2,2,1,1,1,1,1,1,0,0,0,0,0,0]}},{"type":"Feature","geometry":{"type":"Polygon","coordinates":[[[75.78815,26.92207],[75.7885,26.92207],[75.7885,26.92176],[75.78815,26.92176],[75.78815,26.92207]]]},"properties":{"d":[0,0,0,0,0,0,0,0,0,0,0,0,0,0,1,2,1,2,2,2,2,2,1,1,1,0,0,0,0,0,0,0,0,0,0,0,0]}},{"type":"Feature","geometry":{"type":"Polygon","coordinates":[[[75.7885,26.92207],[75.78884,26.92207],[75.78884,26.92176],[75.7885,26.92176],[75.7885,26.92207]]]},"properties":{"d":[0,0,0,0,0,0,0,0,0,0,0,0,0,0,0,0,2,2,2,2,2,2,1,1,1,0,0,0,0,0,0,0,0,0,0,0,0]}},{"type":"Feature","geometry":{"type":"Polygon","coordinates":[[[75.78884,26.92207],[75.78918,26.92207],[75.78918,26.92176],[75.78884,26.92176],[75.78884,26.92207]]]},"properties":{"d":[0,0,0,0,0,0,0,0,0,0,0,0,0,0,0,1,2,2,2,2,2,2,1,1,0,0,0,0,0,0,0,0,0,0,0,0,0]}},{"type":"Feature","geometry":{"type":"Polygon","coordinates":[[[75.78918,26.92207],[75.78953,26.92207],[75.78953,26.92176],[75.78918,26.92176],[75.78918,26.92207]]]},"properties":{"d":[0,0,0,0,0,0,0,0,0,0,0,0,0,0,0,0,2,2,2,2,2,1,1,1,0,0,0,0,0,0,0,0,0,0,0,0,0]}},{"type":"Feature","geometry":{"type":"Polygon","coordinates":[[[75.79399,26.92207],[75.79433,26.92207],[75.79433,26.92176],[75.79399,26.92176],[75.79399,26.92207]]]},"properties":{"d":[0,0,0,0,0,0,0,0,0,0,0,0,0,0,1,1,2,3,3,3,3,4,4,4,4,3,3,3,2,2,2,2,2,1,1,1,1]}},{"type":"Feature","geometry":{"type":"Polygon","coordinates":[[[75.79433,26.92207],[75.79468,26.92207],[75.79468,26.92176],[75.79433,26.92176],[75.79433,26.92207]]]},"properties":{"d":[0,0,0,0,0,0,0,0,0,0,0,0,0,0,1,1,2,3,3,4,5,6,6,6,6,6,5,5,5,4,4,4,3,3,3,3,3]}},{"type":"Feature","geometry":{"type":"Polygon","coordinates":[[[75.79468,26.92207],[75.79502,26.92207],[75.79502,26.92176],[75.79468,26.92176],[75.79468,26.92207]]]},"properties":{"d":[0,0,0,0,0,0,0,0,0,0,0,0,0,0,1,1,1,1,1,1,2,3,3,3,3,2,2,2,2,2,1,1,1,1,1,1,0]}},{"type":"Feature","geometry":{"type":"Polygon","coordinates":[[[75.79708,26.92207],[75.79742,26.92207],[75.79742,26.92176],[75.79708,26.92176],[75.79708,26.92207]]]},"properties":{"d":[0,0,0,0,0,0,0,0,0,0,0,0,0,0,1,2,1,3,3,2,2,2,2,1,0,0,0,0,0,0,0,0,0,0,0,0,0]}},{"type":"Feature","geometry":{"type":"Polygon","coordinates":[[[75.80051,26.92207],[75.80086,26.92207],[75.80086,26.92176],[75.80051,26.92176],[75.80051,26.92207]]]},"properties":{"d":[0,0,0,0,0,0,0,0,0,0,0,0,0,0,0,1,0,0,1,1,2,2,2,2,2,1,1,1,1,1,1,1,1,1,1,1,1]}},{"type":"Feature","geometry":{"type":"Polygon","coordinates":[[[75.80086,26.92207],[75.8012,26.92207],[75.8012,26.92176],[75.80086,26.92176],[75.80086,26.92207]]]},"properties":{"d":[0,0,0,0,0,0,0,0,0,0,0,0,0,0,0,0,0,0,0,1,2,2,2,2,2,2,1,1,1,1,1,1,1,1,1,1,1]}},{"type":"Feature","geometry":{"type":"Polygon","coordinates":[[[75.80498,26.92207],[75.80532,26.92207],[75.80532,26.92176],[75.80498,26.92176],[75.80498,26.92207]]]},"properties":{"d":[0,0,0,0,0,0,0,0,0,0,0,0,0,0,0,0,1,1,2,3,3,4,4,4,4,4,3,3,3,3,2,2,2,2,2,1,1]}},{"type":"Feature","geometry":{"type":"Polygon","coordinates":[[[75.80532,26.92207],[75.80566,26.92207],[75.80566,26.92176],[75.80532,26.92176],[75.80532,26.92207]]]},"properties":{"d":[0,0,0,0,0,0,0,0,0,0,0,0,0,0,0,0,1,1,2,3,3,4,4,4,4,4,4,3,3,3,3,2,2,2,2,1,1]}},{"type":"Feature","geometry":{"type":"Polygon","coordinates":[[[75.80566,26.92207],[75.80601,26.92207],[75.80601,26.92176],[75.80566,26.92176],[75.80566,26.92207]]]},"properties":{"d":[0,0,0,0,0,0,0,0,0,0,0,0,0,0,0,0,1,1,2,3,3,4,4,4,4,4,4,3,3,3,3,2,2,2,2,1,1]}},{"type":"Feature","geometry":{"type":"Polygon","coordinates":[[[75.77991,26.92176],[75.78026,26.92176],[75.78026,26.92146],[75.77991,26.92146],[75.77991,26.92176]]]},"properties":{"d":[0,0,0,0,0,0,0,0,0,0,0,0,0,0,0,0,0,0,0,0,0,0,0,2,3,3,3,3,2,2,2,2,1,1,1,1,1]}},{"type":"Feature","geometry":{"type":"Polygon","coordinates":[[[75.78403,26.92176],[75.78438,26.92176],[75.78438,26.92146],[75.78403,26.92146],[75.78403,26.92176]]]},"properties":{"d":[0,0,0,0,0,0,0,0,0,0,0,0,0,0,0,1,2,3,4,4,5,5,5,5,4,4,4,4,3,3,3,3,3,2,2,2,2]}},{"type":"Feature","geometry":{"type":"Polygon","coordinates":[[[75.78541,26.92176],[75.78575,26.92176],[75.78575,26.92146],[75.78541,26.92146],[75.78541,26.92176]]]},"properties":{"d":[0,0,0,0,0,0,0,0,0,0,0,0,0,0,0,0,0,1,1,2,2,2,2,2,2,2,2,1,1,1,1,1,1,0,0,0,0]}},{"type":"Feature","geometry":{"type":"Polygon","coordinates":[[[75.78575,26.92176],[75.78609,26.92176],[75.78609,26.92146],[75.78575,26.92146],[75.78575,26.92176]]]},"properties":{"d":[0,0,0,0,0,0,0,0,0,0,0,0,0,0,0,1,0,1,2,2,2,2,2,2,2,2,2,1,1,1,1,1,1,0,0,0,0]}},{"type":"Feature","geometry":{"type":"Polygon","coordinates":[[[75.78781,26.92176],[75.78815,26.92176],[75.78815,26.92146],[75.78781,26.92146],[75.78781,26.92176]]]},"properties":{"d":[0,0,0,0,0,0,0,0,0,0,0,0,0,0,0,3,4,4,5,5,4,4,4,3,3,2,2,2,1,1,1,1,1,0,0,0,0]}},{"type":"Feature","geometry":{"type":"Polygon","coordinates":[[[75.78815,26.92176],[75.7885,26.92176],[75.7885,26.92146],[75.78815,26.92146],[75.78815,26.92176]]]},"properties":{"d":[0,0,0,0,0,0,0,0,0,0,0,0,0,0,0,2,2,2,3,3,2,2,2,1,1,0,0,0,0,0,0,0,0,0,0,0,0]}},{"type":"Feature","geometry":{"type":"Polygon","coordinates":[[[75.7885,26.92176],[75.78884,26.92176],[75.78884,26.92146],[75.7885,26.92146],[75.7885,26.92176]]]},"properties":{"d":[0,0,0,0,0,0,0,0,0,0,0,0,0,0,0,1,2,2,2,2,2,2,1,1,1,0,0,0,0,0,0,0,0,0,0,0,0]}},{"type":"Feature","geometry":{"type":"Polygon","coordinates":[[[75.79399,26.92176],[75.79433,26.92176],[75.79433,26.92146],[75.79399,26.92146],[75.79399,26.92176]]]},"properties":{"d":[0,0,0,0,0,0,0,0,0,0,0,0,0,0,1,1,3,3,4,4,4,5,5,5,5,5,4,4,4,3,3,3,2,2,2,2,2]}},{"type":"Feature","geometry":{"type":"Polygon","coordinates":[[[75.79433,26.92176],[75.79468,26.92176],[75.79468,26.92146],[75.79433,26.92146],[75.79433,26.92176]]]},"properties":{"d":[0,0,0,0,0,0,0,0,0,0,0,0,0,0,0,2,2,3,3,3,4,5,5,5,5,5,5,4,4,4,3,3,3,3,3,2,2]}},{"type":"Feature","geometry":{"type":"Polygon","coordinates":[[[75.79708,26.92176],[75.79742,26.92176],[75.79742,26.92146],[75.79708,26.92146],[75.79708,26.92176]]]},"properties":{"d":[0,0,0,0,0,0,0,0,0,0,0,0,0,0,1,2,3,4,3,3,3,3,2,1,1,0,0,0,0,0,0,0,0,0,0,0,0]}},{"type":"Feature","geometry":{"type":"Polygon","coordinates":[[[75.80086,26.92176],[75.8012,26.92176],[75.8012,26.92146],[75.80086,26.92146],[75.80086,26.92176]]]},"properties":{"d":[0,0,0,0,0,0,0,0,0,0,0,0,0,0,0,1,1,0,1,1,1,2,2,2,2,1,1,1,1,1,1,1,1,1,1,1,1]}},{"type":"Feature","geometry":{"type":"Polygon","coordinates":[[[75.8012,26.92176],[75.80154,26.92176],[75.80154,26.92146],[75.8012,26.92146],[75.8012,26.92176]]]},"properties":{"d":[0,0,0,0,0,0,0,0,0,0,0,0,0,0,0,0,0,1,0,1,1,2,2,2,2,1,1,1,1,1,1,1,1,1,1,0,0]}},{"type":"Feature","geometry":{"type":"Polygon","coordinates":[[[75.80498,26.92176],[75.80532,26.92176],[75.80532,26.92146],[75.80498,26.92146],[75.80498,26.92176]]]},"properties":{"d":[0,0,0,0,0,0,0,0,0,0,0,0,0,0,0,0,0,1,1,1,2,2,2,2,2,2,2,2,1,1,1,1,1,1,1,1,0]}},{"type":"Feature","geometry":{"type":"Polygon","coordinates":[[[75.77991,26.92146],[75.78026,26.92146],[75.78026,26.92115],[75.77991,26.92115],[75.77991,26.92146]]]},"properties":{"d":[0,0,0,0,0,0,0,0,0,0,0,0,0,0,0,0,0,0,0,0,0,0,0,1,2,2,2,2,2,2,1,1,1,1,1,1,1]}},{"type":"Feature","geometry":{"type":"Polygon","coordinates":[[[75.78026,26.92146],[75.7806,26.92146],[75.7806,26.92115],[75.78026,26.92115],[75.78026,26.92146]]]},"properties":{"d":[0,0,0,0,0,0,0,0,0,0,0,0,0,0,0,0,0,0,0,0,0,0,0,0,2,2,2,2,2,2,1,1,1,1,1,1,1]}},{"type":"Feature","geometry":{"type":"Polygon","coordinates":[[[75.78438,26.92146],[75.78472,26.92146],[75.78472,26.92115],[75.78438,26.92115],[75.78438,26.92146]]]},"properties":{"d":[0,0,0,0,0,0,0,0,0,0,0,0,0,0,0,1,1,2,2,3,3,3,4,3,3,3,3,3,3,3,2,2,2,2,2,2,1]}},{"type":"Feature","geometry":{"type":"Polygon","coordinates":[[[75.78472,26.92146],[75.78506,26.92146],[75.78506,26.92115],[75.78472,26.92115],[75.78472,26.92146]]]},"properties":{"d":[0,0,0,0,0,0,0,0,0,0,0,0,0,0,0,1,2,1,2,2,2,3,3,2,2,2,2,2,1,1,1,1,1,0,0,0,0]}},{"type":"Feature","geometry":{"type":"Polygon","coordinates":[[[75.78506,26.92146],[75.78541,26.92146],[75.78541,26.92115],[75.78506,26.92115],[75.78506,26.92146]]]},"properties":{"d":[0,0,0,0,0,0,0,0,0,0,0,0,0,0,0,0,1,2,2,2,2,2,2,2,2,2,2,1,1,1,1,1,1,0,0,0,0]}},{"type":"Feature","geometry":{"type":"Polygon","coordinates":[[[75.78781,26.92146],[75.78815,26.92146],[75.78815,26.92115],[75.78781,26.92115],[75.78781,26.92146]]]},"properties":{"d":[0,0,0,0,0,0,0,0,0,0,0,0,0,0,1,2,4,5,6,5,5,5,4,4,3,2,2,2,1,1,1,1,1,0,0,0,0]}},{"type":"Feature","geometry":{"type":"Polygon","coordinates":[[[75.78815,26.92146],[75.7885,26.92146],[75.7885,26.92115],[75.78815,26.92115],[75.78815,26.92146]]]},"properties":{"d":[0,0,0,0,0,0,0,0,0,0,0,0,0,0,0,0,3,2,3,3,3,2,2,1,1,1,0,0,0,0,0,0,0,0,0,0,0]}},{"type":"Feature","geometry":{"type":"Polygon","coordinates":[[[75.79124,26.92146],[75.79159,26.92146],[75.79159,26.92115],[75.79124,26.92115],[75.79124,26.92146]]]},"properties":{"d":[0,0,0,0,0,0,0,0,0,0,0,0,0,0,1,1,1,0,1,2,2,2,1,1,1,0,0,0,0,0,0,0,0,0,0,0,0]}},{"type":"Feature","geometry":{"type":"Polygon","coordinates":[[[75.79399,26.92146],[75.79433,26.92146],[75.79433,26.92115],[75.79399,26.92115],[75.79399,26.92146]]]},"properties":{"d":[0,0,0,0,0,0,0,0,0,0,0,0,0,0,1,3,3,3,3,3,4,4,4,4,4,4,4,3,3,3,2,2,2,2,2,1,1]}},{"type":"Feature","geometry":{"type":"Polygon","coordinates":[[[75.79433,26.92146],[75.79468,26.92146],[75.79468,26.92115],[75.79433,26.92115],[75.79433,26.92146]]]},"properties":{"d":[0,0,0,0,0,0,0,0,0,0,0,0,0,0,0,1,1,3,3,4,4,5,5,5,5,5,5,4,4,4,3,3,3,3,2,2,2]}},{"type":"Feature","geometry":{"type":"Polygon","coordinates":[[[75.79708,26.92146],[75.79742,26.92146],[75.79742,26.92115],[75.79708,26.92115],[75.79708,26.92146]]]},"properties":{"d":[0,0,0,0,0,0,0,0,0,0,0,0,0,0,1,2,5,5,5,6,6,6,6,6,6,6,6,6,5,5,5,5,5,5,4,4,4]}},{"type":"Feature","geometry":{"type":"Polygon","coordinates":[[[75.80086,26.92146],[75.8012,26.92146],[75.8012,26.92115],[75.80086,26.92115],[75.80086,26.92146]]]},"properties":{"d":[0,0,0,0,0,0,0,0,0,0,0,0,0,0,1,0,0,1,1,2,2,2,2,2,2,1,1,1,1,1,1,1,1,1,1,0,0]}},{"type":"Feature","geometry":{"type":"Polygon","coordinates":[[[75.8012,26.92146],[75.80154,26.92146],[75.80154,26.92115],[75.8012,26.92115],[75.8012,26.92146]]]},"properties":{"d":[0,0,0,0,0,0,0,0,0,0,0,0,0,0,0,1,1,1,3,3,3,3,3,2,2,2,2,2,1,1,1,1,1,1,1,1,0]}},{"type":"Feature","geometry":{"type":"Polygon","coordinates":[[[75.80154,26.92146],[75.80189,26.92146],[75.80189,26.92115],[75.80154,26.92115],[75.80154,26.92146]]]},"properties":{"d":[0,0,0,0,0,0,0,0,0,0,0,0,0,0,0,0,2,4,4,4,4,4,5,4,4,4,4,4,4,4,4,4,4,4,3,3,3]}},{"type":"Feature","geometry":{"type":"Polygon","coordinates":[[[75.80189,26.92146],[75.80223,26.92146],[75.80223,26.92115],[75.80189,26.92115],[75.80189,26.92146]]]},"properties":{"d":[0,0,0,0,0,0,0,0,0,0,0,0,0,0,0,1,2,3,4,3,3,3,4,4,4,4,4,4,4,4,4,4,4,4,4,4,4]}},{"type":"Feature","geometry":{"type":"Polygon","coordinates":[[[75.78026,26.92115],[75.7806,26.92115],[75.7806,26.92085],[75.78026,26.92085],[75.78026,26.92115]]]},"properties":{"d":[0,0,0,0,0,0,0,0,0,0,0,0,0,0,0,0,0,0,0,0,0,0,0,0,1,3,3,3,3,3,2,2,2,1,1,1,1]}},{"type":"Feature","geometry":{"type":"Polygon","coordinates":[[[75.78438,26.92115],[75.78472,26.92115],[75.78472,26.92085],[75.78438,26.92085],[75.78438,26.92115]]]},"properties":{"d":[0,0,0,0,0,0,0,0,0,0,0,0,0,0,0,0,1,1,2,2,3,3,4,4,4,5,5,5,5,5,5,5,5,5,5,5,5]}},{"type":"Feature","geometry":{"type":"Polygon","coordinates":[[[75.78472,26.92115],[75.78506,26.92115],[75.78506,26.92085],[75.78472,26.92085],[75.78472,26.92115]]]},"properties":{"d":[0,0,0,0,0,0,0,0,0,0,0,0,0,0,0,1,3,3,5,5,6,7,8,9,9,10,10,10,10,10,10,10,10,10,10,10,10]}},{"type":"Feature","geometry":{"type":"Polygon","coordinates":[[[75.78506,26.92115],[75.78541,26.92115],[75.78541,26.92085],[75.78506,26.92085],[75.78506,26.92115]]]},"properties":{"d":[0,0,0,0,0,0,0,0,0,0,0,0,0,0,0,3,4,4,5,5,6,7,8,9,9,10,10,10,10,10,10,10,10,10,10,10,10]}},{"type":"Feature","geometry":{"type":"Polygon","coordinates":[[[75.78781,26.92115],[75.78815,26.92115],[75.78815,26.92085],[75.78781,26.92085],[75.78781,26.92115]]]},"properties":{"d":[0,0,0,0,0,0,0,0,0,0,0,0,0,0,0,0,5,5,6,6,5,5,4,4,3,2,2,2,1,1,1,1,0,0,0,0,0]}},{"type":"Feature","geometry":{"type":"Polygon","coordinates":[[[75.78815,26.92115],[75.7885,26.92115],[75.7885,26.92085],[75.78815,26.92085],[75.78815,26.92115]]]},"properties":{"d":[0,0,0,0,0,0,0,0,0,0,0,0,0,0,0,2,1,2,2,2,2,2,2,1,1,0,0,0,0,0,0,0,0,0,0,0,0]}},{"type":"Feature","geometry":{"type":"Polygon","coordinates":[[[75.79124,26.92115],[75.79159,26.92115],[75.79159,26.92085],[75.79124,26.92085],[75.79124,26.92115]]]},"properties":{"d":[0,0,0,0,0,0,0,0,0,0,0,0,0,0,1,0,1,3,3,3,3,2,2,1,1,0,0,0,0,0,0,0,0,0,0,0,0]}},{"type":"Feature","geometry":{"type":"Polygon","coordinates":[[[75.79159,26.92115],[75.79193,26.92115],[75.79193,26.92085],[75.79159,26.92085],[75.79159,26.92115]]]},"properties":{"d":[0,0,0,0,0,0,0,0,0,0,0,0,0,0,1,2,3,3,4,3,2,2,1,1,0,0,0,0,0,0,0,0,0,0,0,0,0]}},{"type":"Feature","geometry":{"type":"Polygon","coordinates":[[[75.79193,26.92115],[75.79227,26.92115],[75.79227,26.92085],[75.79193,26.92085],[75.79193,26.92115]]]},"properties":{"d":[0,0,0,0,0,0,0,0,0,0,0,0,0,0,1,0,1,3,2,2,2,1,1,0,0,0,0,0,0,0,0,0,0,0,0,0,0]}},{"type":"Feature","geometry":{"type":"Polygon","coordinates":[[[75.79399,26.92115],[75.79433,26.92115],[75.79433,26.92085],[75.79399,26.92085],[75.79399,26.92115]]]},"properties":{"d":[0,0,0,0,0,0,0,0,0,0,0,0,0,0,0,0,0,2,3,3,3,3,3,3,3,3,3,2,2,2,2,2,1,1,1,1,1]}},{"type":"Feature","geometry":{"type":"Polygon","coordinates":[[[75.79433,26.92115],[75.79468,26.92115],[75.79468,26.92085],[75.79433,26.92085],[75.79433,26.92115]]]},"properties":{"d":[0,0,0,0,0,0,0,0,0,0,0,0,0,0,1,1,1,3,4,4,5,5,6,6,6,6,5,5,5,5,4,4,4,3,3,3,3]}},{"type":"Feature","geometry":{"type":"Polygon","coordinates":[[[75.79674,26.92115],[75.79708,26.92115],[75.79708,26.92085],[75.79674,26.92085],[75.79674,26.92115]]]},"properties":{"d":[0,0,0,0,0,0,0,0,0,0,0,0,0,0,0,1,2,2,7,12,16,19,21,21,21,21,21,21,21,21,20,20,20,20,20,19,19]}},{"type":"Feature","geometry":{"type":"Polygon","coordinates":[[[75.79708,26.92115],[75.79742,26.92115],[75.79742,26.92085],[75.79708,26.92085],[75.79708,26.92115]]]},"properties":{"d":[0,0,0,0,0,0,0,0,0,0,0,0,0,0,1,8,15,21,27,32,36,38,40,41,41,41,41,40,40,40,40,40,40,39,39,39,39]}},{"type":"Feature","geometry":{"type":"Polygon","coordinates":[[[75.79742,26.92115],[75.79777,26.92115],[75.79777,26.92085],[75.79742,26.92085],[75.79742,26.92115]]]},"properties":{"d":[0,0,0,0,0,0,0,0,0,0,0,0,0,0,0,0,1,2,2,2,2,5,7,8,8,8,8,7,7,7,7,7,7,6,6,6,6]}},{"type":"Feature","geometry":{"type":"Polygon","coordinates":[[[75.8012,26.92115],[75.80154,26.92115],[75.80154,26.92085],[75.8012,26.92085],[75.8012,26.92115]]]},"properties":{"d":[0,0,0,0,0,0,0,0,0,0,0,0,0,0,0,0,0,1,2,3,4,3,4,3,3,2,2,2,1,1,1,1,1,1,1,1,0]}},{"type":"Feature","geometry":{"type":"Polygon","coordinates":[[[75.80154,26.92115],[75.80189,26.92115],[75.80189,26.92085],[75.80154,26.92085],[75.80154,26.92115]]]},"properties":{"d":[0,0,0,0,0,0,0,0,0,0,0,0,0,0,1,6,7,9,14,19,23,27,31,33,35,36,37,37,38,38,38,38,38,38,38,38,38]}},{"type":"Feature","geometry":{"type":"Polygon","coordinates":[[[75.80189,26.92115],[75.80223,26.92115],[75.80223,26.92085],[75.80189,26.92085],[75.80189,26.92115]]]},"properties":{"d":[0,0,0,0,0,0,0,0,0,0,0,0,0,0,0,5,11,15,21,26,30,34,38,40,42,43,44,44,44,45,45,45,45,45,45,45,44]}},{"type":"Feature","geometry":{"type":"Polygon","coordinates":[[[75.77991,26.92085],[75.78026,26.92085],[75.78026,26.92054],[75.77991,26.92054],[75.77991,26.92085]]]},"properties":{"d":[0,0,0,0,0,0,0,0,0,0,0,0,0,0,0,0,0,0,0,0,0,0,0,0,0,1,2,4,4,4,4,4,3,3,2,2,2]}},{"type":"Feature","geometry":{"type":"Polygon","coordinates":[[[75.78026,26.92085],[75.7806,26.92085],[75.7806,26.92054],[75.78026,26.92054],[75.78026,26.92085]]]},"properties":{"d":[0,0,0,0,0,0,0,0,0,0,0,0,0,0,0,0,0,0,0,1,1,1,1,1,1,3,7,9,9,9,9,9,8,8,7,7,7]}},{"type":"Feature","geometry":{"type":"Polygon","coordinates":[[[75.7806,26.92085],[75.78094,26.92085],[75.78094,26.92054],[75.7806,26.92054],[75.7806,26.92085]]]},"properties":{"d":[0,0,0,0,0,0,0,0,0,0,0,0,0,0,0,0,0,0,1,1,0,0,0,0,0,0,0,1,2,3,3,2,2,2,1,1,1]}},{"type":"Feature","geometry":{"type":"Polygon","coordinates":[[[75.78438,26.92085],[75.78472,26.92085],[75.78472,26.92054],[75.78438,26.92054],[75.78438,26.92085]]]},"properties":{"d":[0,0,0,0,0,0,0,0,0,0,0,0,0,0,0,0,0,0,0,1,1,1,2,2,3,4,4,4,4,5,5,4,4,4,4,4,4]}},{"type":"Feature","geometry":{"type":"Polygon","coordinates":[[[75.78472,26.92085],[75.78506,26.92085],[75.78506,26.92054],[75.78472,26.92054],[75.78472,26.92085]]]},"properties":{"d":[0,0,0,0,0,0,0,0,0,0,0,0,0,0,0,0,1,2,4,4,5,7,8,8,9,9,10,10,10,10,10,10,10,10,10,10,10]}},{"type":"Feature","geometry":{"type":"Polygon","coordinates":[[[75.78506,26.92085],[75.78541,26.92085],[75.78541,26.92054],[75.78506,26.92054],[75.78506,26.92085]]]},"properties":{"d":[0,0,0,0,0,0,0,0,0,0,0,0,0,0,0,0,2,2,3,4,5,7,8,8,9,9,10,10,10,10,10,10,10,10,10,10,10]}},{"type":"Feature","geometry":{"type":"Polygon","coordinates":[[[75.78541,26.92085],[75.78575,26.92085],[75.78575,26.92054],[75.78541,26.92054],[75.78541,26.92085]]]},"properties":{"d":[0,0,0,0,0,0,0,0,0,0,0,0,0,0,0,1,2,2,3,4,5,6,7,8,9,9,10,10,10,10,10,10,10,10,10,10,10]}},{"type":"Feature","geometry":{"type":"Polygon","coordinates":[[[75.78781,26.92085],[75.78815,26.92085],[75.78815,26.92054],[75.78781,26.92054],[75.78781,26.92085]]]},"properties":{"d":[0,0,0,0,0,0,0,0,0,0,0,0,0,0,0,3,3,5,6,6,6,5,5,4,3,3,2,2,1,1,1,1,0,0,0,0,0]}},{"type":"Feature","geometry":{"type":"Polygon","coordinates":[[[75.78987,26.92085],[75.79021,26.92085],[75.79021,26.92054],[75.78987,26.92054],[75.78987,26.92085]]]},"properties":{"d":[0,0,0,0,0,0,0,0,0,0,0,0,0,0,1,1,1,2,2,2,2,2,1,1,0,0,0,0,0,0,0,0,0,0,0,0,0]}},{"type":"Feature","geometry":{"type":"Polygon","coordinates":[[[75.79021,26.92085],[75.79056,26.92085],[75.79056,26.92054],[75.79021,26.92054],[75.79021,26.92085]]]},"properties":{"d":[0,0,0,0,0,0,0,0,0,0,0,0,0,0,1,0,1,3,3,3,3,2,2,1,1,1,0,0,0,0,0,0,0,0,0,0,0]}},{"type":"Feature","geometry":{"type":"Polygon","coordinates":[[[75.79056,26.92085],[75.7909,26.92085],[75.7909,26.92054],[75.79056,26.92054],[75.79056,26.92085]]]},"properties":{"d":[0,0,0,0,0,0,0,0,0,0,0,0,0,0,1,3,2,3,4,4,3,3,2,2,1,1,0,0,0,0,0,0,0,0,0,0,0]}},{"type":"Feature","geometry":{"type":"Polygon","coordinates":[[[75.7909,26.92085],[75.79124,26.92085],[75.79124,26.92054],[75.7909,26.92054],[75.7909,26.92085]]]},"properties":{"d":[0,0,0,0,0,0,0,0,0,0,0,0,0,0,1,0,1,4,5,5,4,4,3,2,1,1,0,0,0,0,0,0,0,0,0,0,0]}},{"type":"Feature","geometry":{"type":"Polygon","coordinates":[[[75.79124,26.92085],[75.79159,26.92085],[75.79159,26.92054],[75.79124,26.92054],[75.79124,26.92085]]]},"properties":{"d":[0,0,0,0,0,0,0,0,0,0,0,0,0,0,2,4,5,5,6,6,5,4,3,2,1,1,0,0,0,0,0,0,0,0,0,0,0]}},{"type":"Feature","geometry":{"type":"Polygon","coordinates":[[[75.79159,26.92085],[75.79193,26.92085],[75.79193,26.92054],[75.79159,26.92054],[75.79159,26.92085]]]},"properties":{"d":[0,0,0,0,0,0,0,0,0,0,0,0,0,0,2,1,3,4,5,4,4,3,3,2,1,0,0,0,0,0,0,0,0,0,0,0,0]}},{"type":"Feature","geometry":{"type":"Polygon","coordinates":[[[75.79193,26.92085],[75.79227,26.92085],[75.79227,26.92054],[75.79193,26.92054],[75.79193,26.92085]]]},"properties":{"d":[0,0,0,0,0,0,0,0,0,0,0,0,0,0,1,1,3,3,3,3,3,2,2,1,0,0,0,0,0,0,0,0,0,0,0,0,0]}},{"type":"Feature","geometry":{"type":"Polygon","coordinates":[[[75.79399,26.92085],[75.79433,26.92085],[75.79433,26.92054],[75.79399,26.92054],[75.79399,26.92085]]]},"properties":{"d":[0,0,0,0,0,0,0,0,0,0,0,0,0,0,0,1,1,2,2,2,2,2,3,2,2,2,2,2,2,2,2,2,2,2,2,2,2]}},{"type":"Feature","geometry":{"type":"Polygon","coordinates":[[[75.79433,26.92085],[75.79468,26.92085],[75.79468,26.92054],[75.79433,26.92054],[75.79433,26.92085]]]},"properties":{"d":[0,0,0,0,0,0,0,0,0,0,0,0,0,0,1,1,2,5,7,9,11,15,18,22,25,27,30,32,33,35,36,37,38,39,39,39,40]}},{"type":"Feature","geometry":{"type":"Polygon","coordinates":[[[75.79468,26.92085],[75.79502,26.92085],[75.79502,26.92054],[75.79468,26.92054],[75.79468,26.92085]]]},"properties":{"d":[0,0,0,0,0,0,0,0,0,0,0,0,0,0,1,0,1,2,2,3,5,8,12,16,19,21,24,26,28,29,30,31,32,33,33,34,34]}},{"type":"Feature","geometry":{"type":"Polygon","coordinates":[[[75.79502,26.92085],[75.79536,26.92085],[75.79536,26.92054],[75.79502,26.92054],[75.79502,26.92085]]]},"properties":{"d":[0,0,0,0,0,0,0,0,0,0,0,0,0,0,1,1,1,1,1,1,1,1,1,0,0,0,0,0,0,0,0,0,0,0,1,2,2]}},{"type":"Feature","geometry":{"type":"Polygon","coordinates":[[[75.79639,26.92085],[75.79674,26.92085],[75.79674,26.92054],[75.79639,26.92054],[75.79639,26.92085]]]},"properties":{"d":[0,0,0,0,0,0,0,0,0,0,0,0,0,0,0,0,2,2,2,3,2,2,2,1,1,1,0,0,0,0,0,0,0,0,0,0,0]}},{"type":"Feature","geometry":{"type":"Polygon","coordinates":[[[75.79674,26.92085],[75.79708,26.92085],[75.79708,26.92054],[75.79674,26.92054],[75.79674,26.92085]]]},"properties":{"d":[0,0,0,0,0,0,0,0,0,0,0,0,0,0,1,6,16,23,29,34,38,40,42,43,43,43,43,42,42,42,42,42,42,41,41,41,41]}},{"type":"Feature","geometry":{"type":"Polygon","coordinates":[[[75.79708,26.92085],[75.79742,26.92085],[75.79742,26.92054],[75.79708,26.92054],[75.79708,26.92085]]]},"properties":{"d":[0,0,0,0,0,0,0,0,0,0,0,0,0,0,2,19,28,34,40,45,49,52,53,54,54,54,54,54,53,53,53,53,53,53,52,52,52]}},{"type":"Feature","geometry":{"type":"Polygon","coordinates":[[[75.79742,26.92085],[75.79777,26.92085],[75.79777,26.92054],[75.79742,26.92054],[75.79742,26.92085]]]},"properties":{"d":[0,0,0,0,0,0,0,0,0,0,0,0,0,0,1,2,3,5,9,14,18,21,23,23,23,23,23,23,23,23,22,22,22,22,22,21,21]}},{"type":"Feature","geometry":{"type":"Polygon","coordinates":[[[75.80154,26.92085],[75.80189,26.92085],[75.80189,26.92054],[75.80154,26.92054],[75.80154,26.92085]]]},"properties":{"d":[0,0,0,0,0,0,0,0,0,0,0,0,0,0,0,3,6,10,16,21,25,29,32,35,37,38,39,39,39,40,40,40,40,40,40,40,39]}},{"type":"Feature","geometry":{"type":"Polygon","coordinates":[[[75.80189,26.92085],[75.80223,26.92085],[75.80223,26.92054],[75.80189,26.92054],[75.80189,26.92085]]]},"properties":{"d":[0,0,0,0,0,0,0,0,0,0,0,0,0,0,1,8,19,26,32,37,42,46,49,52,53,54,55,56,56,56,56,56,56,56,56,56,56]}},{"type":"Feature","geometry":{"type":"Polygon","coordinates":[[[75.77957,26.92054],[75.77991,26.92054],[75.77991,26.92023],[75.77957,26.92023],[75.77957,26.92054]]]},"properties":{"d":[0,0,0,0,0,0,0,0,0,0,0,0,0,0,0,0,0,0,0,0,0,0,0,0,0,0,0,1,2,2,2,2,2,2,1,1,1]}},{"type":"Feature","geometry":{"type":"Polygon","coordinates":[[[75.77991,26.92054],[75.78026,26.92054],[75.78026,26.92023],[75.77991,26.92023],[75.77991,26.92054]]]},"properties":{"d":[0,0,0,0,0,0,0,0,0,0,0,0,0,0,0,0,0,0,0,0,0,0,0,0,0,0,1,2,3,4,4,3,3,3,2,2,2]}},{"type":"Feature","geometry":{"type":"Polygon","coordinates":[[[75.78472,26.92054],[75.78506,26.92054],[75.78506,26.92023],[75.78472,26.92023],[75.78472,26.92054]]]},"properties":{"d":[0,0,0,0,0,0,0,0,0,0,0,0,0,0,0,0,0,1,2,4,5,6,7,8,9,9,10,10,10,10,10,10,10,10,10,10,9]}},{"type":"Feature","geometry":{"type":"Polygon","coordinates":[[[75.78506,26.92054],[75.78541,26.92054],[75.78541,26.92023],[75.78506,26.92023],[75.78506,26.92054]]]},"properties":{"d":[0,0,0,0,0,0,0,0,0,0,0,0,0,0,0,0,1,2,3,4,5,6,7,8,9,9,10,10,10,10,10,10,10,10,10,10,10]}},{"type":"Feature","geometry":{"type":"Polygon","coordinates":[[[75.78541,26.92054],[75.78575,26.92054],[75.78575,26.92023],[75.78541,26.92023],[75.78541,26.92054]]]},"properties":{"d":[0,0,0,0,0,0,0,0,0,0,0,0,0,0,0,0,1,2,3,4,5,6,7,8,9,9,10,10,10,10,10,10,10,10,10,10,10]}},{"type":"Feature","geometry":{"type":"Polygon","coordinates":[[[75.78781,26.92054],[75.78815,26.92054],[75.78815,26.92023],[75.78781,26.92023],[75.78781,26.92054]]]},"properties":{"d":[0,0,0,0,0,0,0,0,0,0,0,0,0,0,1,1,2,5,7,7,6,6,5,4,3,3,2,2,1,1,1,1,1,0,0,0,0]}},{"type":"Feature","geometry":{"type":"Polygon","coordinates":[[[75.78987,26.92054],[75.79021,26.92054],[75.79021,26.92023],[75.78987,26.92023],[75.78987,26.92054]]]},"properties":{"d":[0,0,0,0,0,0,0,0,0,0,0,0,0,0,1,0,3,5,5,5,4,4,3,2,2,1,1,0,0,0,0,0,0,0,0,0,0]}},{"type":"Feature","geometry":{"type":"Polygon","coordinates":[[[75.79021,26.92054],[75.79056,26.92054],[75.79056,26.92023],[75.79021,26.92023],[75.79021,26.92054]]]},"properties":{"d":[0,0,0,0,0,0,0,0,0,0,0,0,0,0,1,5,7,5,6,6,5,5,4,3,2,1,1,0,0,0,0,0,0,0,0,0,0]}},{"type":"Feature","geometry":{"type":"Polygon","coordinates":[[[75.79056,26.92054],[75.7909,26.92054],[75.7909,26.92023],[75.79056,26.92023],[75.79056,26.92054]]]},"properties":{"d":[0,0,0,0,0,0,0,0,0,0,0,0,0,0,0,1,3,5,5,5,5,4,3,2,2,1,1,0,0,0,0,0,0,0,0,0,0]}},{"type":"Feature","geometry":{"type":"Polygon","coordinates":[[[75.7909,26.92054],[75.79124,26.92054],[75.79124,26.92023],[75.7909,26.92023],[75.7909,26.92054]]]},"properties":{"d":[0,0,0,0,0,0,0,0,0,0,0,0,0,0,1,2,1,3,4,4,3,3,2,2,1,1,0,0,0,0,0,0,0,0,0,0,0]}},{"type":"Feature","geometry":{"type":"Polygon","coordinates":[[[75.79399,26.92054],[75.79433,26.92054],[75.79433,26.92023],[75.79399,26.92023],[75.79399,26.92054]]]},"properties":{"d":[0,0,0,0,0,0,0,0,0,0,0,0,0,0,1,0,1,2,3,3,4,4,5,7,10,13,16,18,19,21,22,23,24,25,25,25,26]}},{"type":"Feature","geometry":{"type":"Polygon","coordinates":[[[75.79433,26.92054],[75.79468,26.92054],[75.79468,26.92023],[75.79433,26.92023],[75.79433,26.92054]]]},"properties":{"d":[0,0,0,0,0,0,0,0,0,0,0,0,0,0,3,11,23,30,41,50,55,60,65,68,71,74,76,79,80,82,83,84,85,85,86,86,87]}},{"type":"Feature","geometry":{"type":"Polygon","coordinates":[[[75.79468,26.92054],[75.79502,26.92054],[75.79502,26.92023],[75.79468,26.92023],[75.79468,26.92054]]]},"properties":{"d":[0,0,0,0,0,0,0,0,0,0,0,0,0,0,2,13,24,31,43,51,57,62,66,70,73,75,78,80,82,83,84,85,86,87,87,88,88]}},{"type":"Feature","geometry":{"type":"Polygon","coordinates":[[[75.79502,26.92054],[75.79536,26.92054],[75.79536,26.92023],[75.79502,26.92023],[75.79502,26.92054]]]},"properties":{"d":[0,0,0,0,0,0,0,0,0,0,0,0,0,0,0,0,1,2,3,6,12,17,21,25,28,31,33,35,37,38,40,41,41,42,43,43,43]}},{"type":"Feature","geometry":{"type":"Polygon","coordinates":[[[75.79674,26.92054],[75.79708,26.92054],[75.79708,26.92023],[75.79674,26.92023],[75.79674,26.92054]]]},"properties":{"d":[0,0,0,0,0,0,0,0,0,0,0,0,0,0,1,1,3,8,14,19,23,25,27,28,28,28,28,27,27,27,27,27,26,26,26,26,26]}},{"type":"Feature","geometry":{"type":"Polygon","coordinates":[[[75.79708,26.92054],[75.79742,26.92054],[75.79742,26.92023],[75.79708,26.92023],[75.79708,26.92054]]]},"properties":{"d":[0,0,0,0,0,0,0,0,0,0,0,0,0,0,1,6,14,21,27,32,36,38,40,41,41,41,41,40,40,40,40,40,40,39,39,39,39]}},{"type":"Feature","geometry":{"type":"Polygon","coordinates":[[[75.79742,26.92054],[75.79777,26.92054],[75.79777,26.92023],[75.79742,26.92023],[75.79742,26.92054]]]},"properties":{"d":[0,0,0,0,0,0,0,0,0,0,0,0,0,0,0,1,2,3,4,7,10,13,15,15,16,15,15,15,15,15,15,14,14,14,14,14,13]}},{"type":"Feature","geometry":{"type":"Polygon","coordinates":[[[75.79914,26.92054],[75.79948,26.92054],[75.79948,26.92023],[75.79914,26.92023],[75.79914,26.92054]]]},"properties":{"d":[0,0,0,0,0,0,0,0,0,0,0,0,0,0,1,3,5,6,7,7,7,7,6,5,4,4,3,3,2,2,2,2,1,1,1,1,1]}},{"type":"Feature","geometry":{"type":"Polygon","coordinates":[[[75.79948,26.92054],[75.79983,26.92054],[75.79983,26.92023],[75.79948,26.92023],[75.79948,26.92054]]]},"properties":{"d":[0,0,0,0,0,0,0,0,0,0,0,0,0,0,0,2,4,6,6,7,7,6,6,5,4,4,3,3,2,2,2,2,1,1,1,1,1]}},{"type":"Feature","geometry":{"type":"Polygon","coordinates":[[[75.79983,26.92054],[75.80017,26.92054],[75.80017,26.92023],[75.79983,26.92023],[75.79983,26.92054]]]},"properties":{"d":[0,0,0,0,0,0,0,0,0,0,0,0,0,0,0,1,3,5,6,6,6,6,6,5,4,4,3,3,2,2,2,2,1,1,1,1,1]}},{"type":"Feature","geometry":{"type":"Polygon","coordinates":[[[75.80017,26.92054],[75.80051,26.92054],[75.80051,26.92023],[75.80017,26.92023],[75.80017,26.92054]]]},"properties":{"d":[0,0,0,0,0,0,0,0,0,0,0,0,0,0,0,1,1,2,3,4,4,3,3,3,2,2,1,1,1,0,0,0,0,0,0,0,0]}},{"type":"Feature","geometry":{"type":"Polygon","coordinates":[[[75.80154,26.92054],[75.80189,26.92054],[75.80189,26.92023],[75.80154,26.92023],[75.80154,26.92054]]]},"properties":{"d":[0,0,0,0,0,0,0,0,0,0,0,0,0,0,0,0,1,2,6,12,16,20,24,26,28,29,30,30,30,31,31,31,31,31,31,31,30]}},{"type":"Feature","geometry":{"type":"Polygon","coordinates":[[[75.80189,26.92054],[75.80223,26.92054],[75.80223,26.92023],[75.80189,26.92023],[75.80189,26.92054]]]},"properties":{"d":[0,0,0,0,0,0,0,0,0,0,0,0,0,0,1,7,18,26,32,37,42,45,49,51,53,54,55,55,56,56,56,56,56,56,56,56,56]}},{"type":"Feature","geometry":{"type":"Polygon","coordinates":[[[75.78541,26.92023],[75.78575,26.92023],[75.78575,26.91993],[75.78541,26.91993],[75.78541,26.92023]]]},"properties":{"d":[0,0,0,0,0,0,0,0,0,0,0,0,0,0,0,0,0,1,2,3,4,5,7,8,9,9,10,10,10,10,10,10,10,10,10,10,10]}},{"type":"Feature","geometry":{"type":"Polygon","coordinates":[[[75.78575,26.92023],[75.78609,26.92023],[75.78609,26.91993],[75.78575,26.91993],[75.78575,26.92023]]]},"properties":{"d":[0,0,0,0,0,0,0,0,0,0,0,0,0,0,0,0,1,1,2,2,4,5,7,8,9,9,10,10,10,10,10,10,10,10,10,10,10]}},{"type":"Feature","geometry":{"type":"Polygon","coordinates":[[[75.78747,26.92023],[75.78781,26.92023],[75.78781,26.91993],[75.78747,26.91993],[75.78747,26.92023]]]},"properties":{"d":[0,0,0,0,0,0,0,0,0,0,0,0,0,0,0,0,1,2,3,3,3,3,2,2,2,1,1,1,1,0,0,0,0,0,0,0,0]}},{"type":"Feature","geometry":{"type":"Polygon","coordinates":[[[75.78781,26.92023],[75.78815,26.92023],[75.78815,26.91993],[75.78781,26.91993],[75.78781,26.92023]]]},"properties":{"d":[0,0,0,0,0,0,0,0,0,0,0,0,0,0,0,5,4,5,6,6,6,5,5,4,3,3,2,2,1,1,1,1,0,0,0,0,0]}},{"type":"Feature","geometry":{"type":"Polygon","coordinates":[[[75.78953,26.92023],[75.78987,26.92023],[75.78987,26.91993],[75.78953,26.91993],[75.78953,26.92023]]]},"properties":{"d":[0,0,0,0,0,0,0,0,0,0,0,0,0,0,0,0,1,2,2,2,2,2,1,1,0,0,0,0,0,0,0,0,0,0,0,0,0]}},{"type":"Feature","geometry":{"type":"Polygon","coordinates":[[[75.78987,26.92023],[75.79021,26.92023],[75.79021,26.91993],[75.78987,26.91993],[75.78987,26.92023]]]},"properties":{"d":[0,0,0,0,0,0,0,0,0,0,0,0,0,0,1,5,8,7,7,8,7,6,5,4,3,2,1,1,0,0,0,0,0,0,0,0,0]}},{"type":"Feature","geometry":{"type":"Polygon","coordinates":[[[75.79021,26.92023],[75.79056,26.92023],[75.79056,26.91993],[75.79021,26.91993],[75.79021,26.92023]]]},"properties":{"d":[0,0,0,0,0,0,0,0,0,0,0,0,0,0,0,2,5,5,6,6,5,5,4,3,2,1,1,0,0,0,0,0,0,0,0,0,0]}},{"type":"Feature","geometry":{"type":"Polygon","coordinates":[[[75.79056,26.92023],[75.7909,26.92023],[75.7909,26.91993],[75.79056,26.91993],[75.79056,26.92023]]]},"properties":{"d":[0,0,0,0,0,0,0,0,0,0,0,0,0,0,0,2,2,2,3,3,2,2,1,1,1,0,0,0,0,0,0,0,0,0,0,0,0]}},{"type":"Feature","geometry":{"type":"Polygon","coordinates":[[[75.79399,26.92023],[75.79433,26.92023],[75.79433,26.91993],[75.79399,26.91993],[75.79399,26.92023]]]},"properties":{"d":[0,0,0,0,0,0,0,0,0,0,0,0,0,0,0,0,0,1,1,1,1,1,0,0,0,0,0,0,2,4,6,7,8,8,9,9,9]}},{"type":"Feature","geometry":{"type":"Polygon","coordinates":[[[75.79433,26.92023],[75.79468,26.92023],[75.79468,26.91993],[75.79433,26.91993],[75.79433,26.92023]]]},"properties":{"d":[0,0,0,0,0,0,0,0,0,0,0,0,0,0,1,6,19,26,38,47,52,57,62,65,68,71,73,76,77,79,80,81,82,82,83,83,83]}},{"type":"Feature","geometry":{"type":"Polygon","coordinates":[[[75.79468,26.92023],[75.79502,26.92023],[75.79502,26.91993],[75.79468,26.91993],[75.79468,26.92023]]]},"properties":{"d":[0,0,0,0,0,0,0,0,0,0,0,0,0,0,4,18,29,37,49,57,63,68,73,76,79,82,84,86,88,89,91,92,93,93,94,94,94]}},{"type":"Feature","geometry":{"type":"Polygon","coordinates":[[[75.79502,26.92023],[75.79536,26.92023],[75.79536,26.91993],[75.79502,26.91993],[75.79502,26.92023]]]},"properties":{"d":[0,0,0,0,0,0,0,0,0,0,0,0,0,0,0,1,3,3,4,8,14,19,24,27,30,33,36,38,39,41,42,43,44,45,45,45,46]}},{"type":"Feature","geometry":{"type":"Polygon","coordinates":[[[75.79708,26.92023],[75.79742,26.92023],[75.79742,26.91993],[75.79708,26.91993],[75.79708,26.92023]]]},"properties":{"d":[0,0,0,0,0,0,0,0,0,0,0,0,0,0,1,2,2,3,4,4,4,4,5,5,5,5,4,4,4,4,4,4,3,3,3,3,3]}},{"type":"Feature","geometry":{"type":"Polygon","coordinates":[[[75.79742,26.92023],[75.79777,26.92023],[75.79777,26.91993],[75.79742,26.91993],[75.79742,26.92023]]]},"properties":{"d":[0,0,0,0,0,0,0,0,0,0,0,0,0,0,0,0,1,2,2,2,2,2,1,1,1,0,0,0,0,0,0,0,0,0,0,0,0]}},{"type":"Feature","geometry":{"type":"Polygon","coordinates":[[[75.79914,26.92023],[75.79948,26.92023],[75.79948,26.91993],[75.79914,26.91993],[75.79914,26.92023]]]},"properties":{"d":[0,0,0,0,0,0,0,0,0,0,0,0,0,0,1,1,2,3,3,3,3,3,2,2,1,1,0,0,0,0,0,0,0,0,0,0,0]}},{"type":"Feature","geometry":{"type":"Polygon","coordinates":[[[75.79948,26.92023],[75.79983,26.92023],[75.79983,26.91993],[75.79948,26.91993],[75.79948,26.92023]]]},"properties":{"d":[0,0,0,0,0,0,0,0,0,0,0,0,0,0,0,2,4,5,6,7,7,6,6,5,4,4,3,3,2,2,2,2,1,1,1,1,1]}},{"type":"Feature","geometry":{"type":"Polygon","coordinates":[[[75.79983,26.92023],[75.80017,26.92023],[75.80017,26.91993],[75.79983,26.91993],[75.79983,26.92023]]]},"properties":{"d":[0,0,0,0,0,0,0,0,0,0,0,0,0,0,0,1,3,5,6,6,6,6,5,5,4,4,3,3,2,2,2,2,1,1,1,1,1]}},{"type":"Feature","geometry":{"type":"Polygon","coordinates":[[[75.80017,26.92023],[75.80051,26.92023],[75.80051,26.91993],[75.80017,26.91993],[75.80017,26.92023]]]},"properties":{"d":[0,0,0,0,0,0,0,0,0,0,0,0,0,0,0,1,2,3,5,5,5,5,4,4,3,3,2,2,2,2,1,1,1,1,1,0,0]}},{"type":"Feature","geometry":{"type":"Polygon","coordinates":[[[75.80051,26.92023],[75.80086,26.92023],[75.80086,26.91993],[75.80051,26.91993],[75.80051,26.92023]]]},"properties":{"d":[0,0,0,0,0,0,0,0,0,0,0,0,0,0,0,0,0,1,2,2,2,2,2,2,1,1,1,1,1,1,0,0,0,0,0,0,0]}},{"type":"Feature","geometry":{"type":"Polygon","coordinates":[[[75.80154,26.92023],[75.80189,26.92023],[75.80189,26.91993],[75.80154,26.91993],[75.80154,26.92023]]]},"properties":{"d":[0,0,0,0,0,0,0,0,0,0,0,0,0,0,0,0,1,1,2,3,6,10,13,16,18,19,20,20,20,20,21,21,21,21,21,20,20]}},{"type":"Feature","geometry":{"type":"Polygon","coordinates":[[[75.80189,26.92023],[75.80223,26.92023],[75.80223,26.91993],[75.80189,26.91993],[75.80189,26.92023]]]},"properties":{"d":[0,0,0,0,0,0,0,0,0,0,0,0,0,0,1,5,11,20,25,31,35,39,42,45,47,48,49,49,49,50,50,50,50,50,50,49,49]}},{"type":"Feature","geometry":{"type":"Polygon","coordinates":[[[75.80223,26.92023],[75.80257,26.92023],[75.80257,26.91993],[75.80223,26.91993],[75.80223,26.92023]]]},"properties":{"d":[0,0,0,0,0,0,0,0,0,0,0,0,0,0,0,0,1,1,1,1,1,1,1,0,0,0,0,0,1,1,2,2,2,2,2,2,2]}},{"type":"Feature","geometry":{"type":"Polygon","coordinates":[[[75.78609,26.91993],[75.78644,26.91993],[75.78644,26.91962],[75.78609,26.91962],[75.78609,26.91993]]]},"properties":{"d":[0,0,0,0,0,0,0,0,0,0,0,0,0,0,0,0,1,2,3,3,4,6,8,11,11,11,10,10,9,9,8,8,7,7,6,6,6]}},{"type":"Feature","geometry":{"type":"Polygon","coordinates":[[[75.78644,26.91993],[75.78678,26.91993],[75.78678,26.91962],[75.78644,26.91962],[75.78644,26.91993]]]},"properties":{"d":[0,0,0,0,0,0,0,0,0,0,0,0,0,0,0,0,1,1,1,1,2,3,5,6,6,6,6,5,4,4,3,3,2,2,1,1,1]}},{"type":"Feature","geometry":{"type":"Polygon","coordinates":[[[75.78712,26.91993],[75.78747,26.91993],[75.78747,26.91962],[75.78712,26.91962],[75.78712,26.91993]]]},"properties":{"d":[0,0,0,0,0,0,0,0,0,0,0,0,0,0,0,0,1,1,2,2,2,2,2,2,1,1,1,1,0,0,0,0,0,0,0,0,0]}},{"type":"Feature","geometry":{"type":"Polygon","coordinates":[[[75.78747,26.91993],[75.78781,26.91993],[75.78781,26.91962],[75.78747,26.91962],[75.78747,26.91993]]]},"properties":{"d":[0,0,0,0,0,0,0,0,0,0,0,0,0,0,0,1,1,3,4,4,4,3,3,3,2,2,1,1,1,1,0,0,0,0,0,0,0]}},{"type":"Feature","geometry":{"type":"Polygon","coordinates":[[[75.78781,26.91993],[75.78815,26.91993],[75.78815,26.91962],[75.78781,26.91962],[75.78781,26.91993]]]},"properties":{"d":[0,0,0,0,0,0,0,0,0,0,0,0,0,0,1,1,1,4,4,5,4,4,4,3,2,2,2,1,1,1,1,0,0,0,0,0,0]}},{"type":"Feature","geometry":{"type":"Polygon","coordinates":[[[75.78953,26.91993],[75.78987,26.91993],[75.78987,26.91962],[75.78953,26.91962],[75.78953,26.91993]]]},"properties":{"d":[0,0,0,0,0,0,0,0,0,0,0,0,0,0,1,6,4,4,5,5,5,4,3,3,2,1,1,1,0,0,0,0,0,0,0,0,0]}},{"type":"Feature","geometry":{"type":"Polygon","coordinates":[[[75.78987,26.91993],[75.79021,26.91993],[75.79021,26.91962],[75.78987,26.91962],[75.78987,26.91993]]]},"properties":{"d":[0,0,0,0,0,0,0,0,0,0,0,0,0,0,0,1,4,6,6,7,6,6,5,4,3,2,1,1,0,0,0,0,0,0,0,0,0]}},{"type":"Feature","geometry":{"type":"Polygon","coordinates":[[[75.79021,26.91993],[75.79056,26.91993],[75.79056,26.91962],[75.79021,26.91962],[75.79021,26.91993]]]},"properties":{"d":[0,0,0,0,0,0,0,0,0,0,0,0,0,0,0,2,3,3,3,3,3,3,2,2,1,1,0,0,0,0,0,0,0,0,0,0,0]}},{"type":"Feature","geometry":{"type":"Polygon","coordinates":[[[75.79433,26.91993],[75.79468,26.91993],[75.79468,26.91962],[75.79433,26.91962],[75.79433,26.91993]]]},"properties":{"d":[0,0,0,0,0,0,0,0,0,0,0,0,0,0,0,0,0,1,1,1,1,2,5,9,12,15,17,19,21,22,24,25,25,26,27,27,27]}},{"type":"Feature","geometry":{"type":"Polygon","coordinates":[[[75.79468,26.91993],[75.79502,26.91993],[75.79502,26.91962],[75.79468,26.91962],[75.79468,26.91993]]]},"properties":{"d":[0,0,0,0,0,0,0,0,0,0,0,0,0,0,0,2,3,4,5,6,12,17,22,25,28,31,33,35,37,39,40,41,42,42,43,43,43]}},{"type":"Feature","geometry":{"type":"Polygon","coordinates":[[[75.79742,26.91993],[75.79777,26.91993],[75.79777,26.91962],[75.79742,26.91962],[75.79742,26.91993]]]},"properties":{"d":[0,0,0,0,0,0,0,0,0,0,0,0,0,0,1,0,1,2,2,2,2,2,1,1,0,0,0,0,0,0,0,0,0,0,0,0,0]}},{"type":"Feature","geometry":{"type":"Polygon","coordinates":[[[75.80189,26.91993],[75.80223,26.91993],[75.80223,26.91962],[75.80189,26.91962],[75.80189,26.91993]]]},"properties":{"d":[0,0,0,0,0,0,0,0,0,0,0,0,0,0,1,1,2,3,4,8,13,17,20,23,24,25,26,27,27,27,27,27,27,27,27,27,27]}},{"type":"Feature","geometry":{"type":"Polygon","coordinates":[[[75.78644,26.91962],[75.78678,26.91962],[75.78678,26.91931],[75.78644,26.91931],[75.78644,26.91962]]]},"properties":{"d":[0,0,0,0,0,0,0,0,0,0,0,0,0,0,0,0,1,2,4,7,10,11,13,13,13,13,13,12,11,11,10,9,9,8,8,7,7]}},{"type":"Feature","geometry":{"type":"Polygon","coordinates":[[[75.78678,26.91962],[75.78712,26.91962],[75.78712,26.91931],[75.78678,26.91931],[75.78678,26.91962]]]},"properties":{"d":[0,0,0,0,0,0,0,0,0,0,0,0,0,0,0,0,2,4,6,9,11,13,14,14,14,14,14,13,12,12,11,11,10,10,9,9,8]}},{"type":"Feature","geometry":{"type":"Polygon","coordinates":[[[75.78712,26.91962],[75.78747,26.91962],[75.78747,26.91931],[75.78712,26.91931],[75.78712,26.91962]]]},"properties":{"d":[0,0,0,0,0,0,0,0,0,0,0,0,0,0,0,1,5,5,7,9,11,13,14,14,14,14,14,13,12,12,11,11,10,10,9,9,8]}},{"type":"Feature","geometry":{"type":"Polygon","coordinates":[[[75.78747,26.91962],[75.78781,26.91962],[75.78781,26.91931],[75.78747,26.91931],[75.78747,26.91962]]]},"properties":{"d":[0,0,0,0,0,0,0,0,0,0,0,0,0,0,0,1,5,4,6,7,8,8,9,9,9,9,8,8,7,6,6,5,5,4,4,3,3]}},{"type":"Feature","geometry":{"type":"Polygon","coordinates":[[[75.78781,26.91962],[75.78815,26.91962],[75.78815,26.91931],[75.78781,26.91931],[75.78781,26.91962]]]},"properties":{"d":[0,0,0,0,0,0,0,0,0,0,0,0,0,0,0,1,3,3,4,4,4,4,3,3,2,2,1,1,1,1,1,0,0,0,0,0,0]}},{"type":"Feature","geometry":{"type":"Polygon","coordinates":[[[75.78918,26.91962],[75.78953,26.91962],[75.78953,26.91931],[75.78918,26.91931],[75.78918,26.91962]]]},"properties":{"d":[0,0,0,0,0,0,0,0,0,0,0,0,0,0,0,5,1,2,3,3,3,3,2,2,1,1,1,0,0,0,0,0,0,0,0,0,0]}},{"type":"Feature","geometry":{"type":"Polygon","coordinates":[[[75.78953,26.91962],[75.78987,26.91962],[75.78987,26.91931],[75.78953,26.91931],[75.78953,26.91962]]]},"properties":{"d":[0,0,0,0,0,0,0,0,0,0,0,0,0,0,0,3,1,4,5,5,5,5,4,3,2,2,1,1,0,0,0,0,0,0,0,0,0]}},{"type":"Feature","geometry":{"type":"Polygon","coordinates":[[[75.78987,26.91962],[75.79021,26.91962],[75.79021,26.91931],[75.78987,26.91931],[75.78987,26.91962]]]},"properties":{"d":[0,0,0,0,0,0,0,0,0,0,0,0,0,0,1,7,3,4,4,4,4,4,3,2,2,1,1,1,0,0,0,0,0,0,0,0,0]}},{"type":"Feature","geometry":{"type":"Polygon","coordinates":[[[75.80601,26.91962],[75.80635,26.91962],[75.80635,26.91931],[75.80601,26.91931],[75.80601,26.91962]]]},"properties":{"d":[0,0,0,0,0,0,0,0,0,0,0,0,0,0,0,1,3,4,6,7,7,7,7,7,7,6,6,6,6,5,5,5,5,5,4,4,4]}},{"type":"Feature","geometry":{"type":"Polygon","coordinates":[[[75.80635,26.91962],[75.80669,26.91962],[75.80669,26.91931],[75.80635,26.91931],[75.80635,26.91962]]]},"properties":{"d":[0,0,0,0,0,0,0,0,0,0,0,0,0,0,0,0,3,4,6,7,7,7,7,7,7,6,6,6,6,5,5,5,5,5,4,4,4]}},{"type":"Feature","geometry":{"type":"Polygon","coordinates":[[[75.78678,26.91931],[75.78712,26.91931],[75.78712,26.91901],[75.78678,26.91901],[75.78678,26.91931]]]},"properties":{"d":[0,0,0,0,0,0,0,0,0,0,0,0,0,0,0,0,1,4,6,9,11,13,14,14,14,14,14,13,12,12,11,11,10,10,9,9,8]}},{"type":"Feature","geometry":{"type":"Polygon","coordinates":[[[75.78712,26.91931],[75.78747,26.91931],[75.78747,26.91901],[75.78712,26.91901],[75.78712,26.91931]]]},"properties":{"d":[0,0,0,0,0,0,0,0,0,0,0,0,0,0,0,0,3,4,6,9,11,13,14,14,14,14,14,13,12,12,11,11,10,10,9,9,8]}},{"type":"Feature","geometry":{"type":"Polygon","coordinates":[[[75.78747,26.91931],[75.78781,26.91931],[75.78781,26.91901],[75.78747,26.91901],[75.78747,26.91931]]]},"properties":{"d":[0,0,0,0,0,0,0,0,0,0,0,0,0,0,0,1,5,6,7,9,11,13,14,14,14,14,14,13,12,12,11,11,10,9,9,9,8]}},{"type":"Feature","geometry":{"type":"Polygon","coordinates":[[[75.78781,26.91931],[75.78815,26.91931],[75.78815,26.91901],[75.78781,26.91901],[75.78781,26.91931]]]},"properties":{"d":[0,0,0,0,0,0,0,0,0,0,0,0,0,0,0,2,6,7,8,10,11,13,14,14,14,14,14,13,12,12,11,11,10,9,9,9,8]}},{"type":"Feature","geometry":{"type":"Polygon","coordinates":[[[75.78815,26.91931],[75.7885,26.91931],[75.7885,26.91901],[75.78815,26.91901],[75.78815,26.91931]]]},"properties":{"d":[0,0,0,0,0,0,0,0,0,0,0,0,0,0,0,0,1,2,2,2,2,2,2,1,1,1,0,0,0,0,0,0,0,0,0,0,0]}},{"type":"Feature","geometry":{"type":"Polygon","coordinates":[[[75.78884,26.91931],[75.78918,26.91931],[75.78918,26.91901],[75.78884,26.91901],[75.78884,26.91931]]]},"properties":{"d":[0,0,0,0,0,0,0,0,0,0,0,0,0,0,0,1,1,0,1,2,2,2,2,1,1,1,0,0,0,0,0,0,0,0,0,0,0]}},{"type":"Feature","geometry":{"type":"Polygon","coordinates":[[[75.78918,26.91931],[75.78953,26.91931],[75.78953,26.91901],[75.78918,26.91901],[75.78918,26.91931]]]},"properties":{"d":[0,0,0,0,0,0,0,0,0,0,0,0,0,0,0,2,0,1,3,4,3,3,3,2,2,1,1,0,0,0,0,0,0,0,0,0,0]}},{"type":"Feature","geometry":{"type":"Polygon","coordinates":[[[75.78953,26.91931],[75.78987,26.91931],[75.78987,26.91901],[75.78953,26.91901],[75.78953,26.91931]]]},"properties":{"d":[0,0,0,0,0,0,0,0,0,0,0,0,0,0,0,6,4,4,4,5,4,4,3,3,2,1,1,1,0,0,0,0,0,0,0,0,0]}},{"type":"Feature","geometry":{"type":"Polygon","coordinates":[[[75.78987,26.91931],[75.79021,26.91931],[75.79021,26.91901],[75.78987,26.91901],[75.78987,26.91931]]]},"properties":{"d":[0,0,0,0,0,0,0,0,0,0,0,0,0,0,0,2,0,2,3,3,3,2,2,1,1,1,1,0,0,0,0,0,0,0,0,0,0]}},{"type":"Feature","geometry":{"type":"Polygon","coordinates":[[[75.79777,26.91931],[75.79811,26.91931],[75.79811,26.91901],[75.79777,26.91901],[75.79777,26.91931]]]},"properties":{"d":[0,0,0,0,0,0,0,0,0,0,0,0,0,0,0,1,2,2,2,2,2,1,1,1,0,0,0,0,0,0,0,0,0,0,0,0,0]}},{"type":"Feature","geometry":{"type":"Polygon","coordinates":[[[75.80566,26.91931],[75.80601,26.91931],[75.80601,26.91901],[75.80566,26.91901],[75.80566,26.91931]]]},"properties":{"d":[0,0,0,0,0,0,0,0,0,0,0,0,0,0,0,1,3,3,3,3,3,2,2,2,1,1,1,1,0,0,0,0,0,0,0,0,0]}},{"type":"Feature","geometry":{"type":"Polygon","coordinates":[[[75.80601,26.91931],[75.80635,26.91931],[75.80635,26.91901],[75.80601,26.91901],[75.80601,26.91931]]]},"properties":{"d":[0,0,0,0,0,0,0,0,0,0,0,0,0,0,0,1,2,4,6,7,7,7,7,7,7,6,6,6,6,5,5,5,5,5,4,4,4]}},{"type":"Feature","geometry":{"type":"Polygon","coordinates":[[[75.80635,26.91931],[75.80669,26.91931],[75.80669,26.91901],[75.80635,26.91901],[75.80635,26.91931]]]},"properties":{"d":[0,0,0,0,0,0,0,0,0,0,0,0,0,0,0,0,2,4,6,7,7,7,7,7,7,6,6,6,6,5,5,5,5,5,4,4,4]}},{"type":"Feature","geometry":{"type":"Polygon","coordinates":[[[75.78678,26.91901],[75.78712,26.91901],[75.78712,26.9187],[75.78678,26.9187],[75.78678,26.91901]]]},"properties":{"d":[0,0,0,0,0,0,0,0,0,0,0,0,0,0,0,0,0,2,5,8,11,13,14,14,14,14,14,13,12,12,11,11,10,9,9,9,8]}},{"type":"Feature","geometry":{"type":"Polygon","coordinates":[[[75.78712,26.91901],[75.78747,26.91901],[75.78747,26.9187],[75.78712,26.9187],[75.78712,26.91901]]]},"properties":{"d":[0,0,0,0,0,0,0,0,0,0,0,0,0,0,0,0,1,4,6,9,11,13,14,14,14,14,14,13,12,12,11,11,10,9,9,9,8]}},{"type":"Feature","geometry":{"type":"Polygon","coordinates":[[[75.78747,26.91901],[75.78781,26.91901],[75.78781,26.9187],[75.78747,26.9187],[75.78747,26.91901]]]},"properties":{"d":[0,0,0,0,0,0,0,0,0,0,0,0,0,0,0,0,3,5,7,9,11,13,14,14,14,14,14,13,12,12,11,11,10,9,9,9,8]}},{"type":"Feature","geometry":{"type":"Polygon","coordinates":[[[75.78781,26.91901],[75.78815,26.91901],[75.78815,26.9187],[75.78781,26.9187],[75.78781,26.91901]]]},"properties":{"d":[0,0,0,0,0,0,0,0,0,0,0,0,0,0,0,1,5,6,8,9,11,13,14,14,14,14,14,13,12,12,11,11,10,9,9,9,8]}},{"type":"Feature","geometry":{"type":"Polygon","coordinates":[[[75.78815,26.91901],[75.7885,26.91901],[75.7885,26.9187],[75.78815,26.9187],[75.78815,26.91901]]]},"properties":{"d":[0,0,0,0,0,0,0,0,0,0,0,0,0,0,1,2,7,8,8,10,11,13,14,14,14,14,14,13,12,12,11,11,10,9,9,9,8]}},{"type":"Feature","geometry":{"type":"Polygon","coordinates":[[[75.7885,26.91901],[75.78884,26.91901],[75.78884,26.9187],[75.7885,26.9187],[75.7885,26.91901]]]},"properties":{"d":[0,0,0,0,0,0,0,0,0,0,0,0,0,0,0,1,2,1,2,2,3,3,2,2,1,1,1,0,0,0,0,0,0,0,0,0,0]}},{"type":"Feature","geometry":{"type":"Polygon","coordinates":[[[75.78884,26.91901],[75.78918,26.91901],[75.78918,26.9187],[75.78884,26.9187],[75.78884,26.91901]]]},"properties":{"d":[0,0,0,0,0,0,0,0,0,0,0,0,0,0,0,0,0,0,1,3,3,3,2,2,1,1,1,0,0,0,0,0,0,0,0,0,0]}},{"type":"Feature","geometry":{"type":"Polygon","coordinates":[[[75.78918,26.91901],[75.78953,26.91901],[75.78953,26.9187],[75.78918,26.9187],[75.78918,26.91901]]]},"properties":{"d":[0,0,0,0,0,0,0,0,0,0,0,0,0,0,0,1,3,1,3,4,4,3,3,2,2,1,1,1,0,0,0,0,0,0,0,0,0]}},{"type":"Feature","geometry":{"type":"Polygon","coordinates":[[[75.78953,26.91901],[75.78987,26.91901],[75.78987,26.9187],[75.78953,26.9187],[75.78953,26.91901]]]},"properties":{"d":[0,0,0,0,0,0,0,0,0,0,0,0,0,0,0,2,0,1,4,4,4,3,3,2,2,1,1,1,0,0,0,0,0,0,0,0,0]}},{"type":"Feature","geometry":{"type":"Polygon","coordinates":[[[75.79811,26.91901],[75.79845,26.91901],[75.79845,26.9187],[75.79811,26.9187],[75.79811,26.91901]]]},"properties":{"d":[0,0,0,0,0,0,0,0,0,0,0,0,0,0,1,1,2,2,2,2,2,2,1,1,0,0,0,0,0,0,0,0,0,0,0,0,0]}},{"type":"Feature","geometry":{"type":"Polygon","coordinates":[[[75.80086,26.91901],[75.8012,26.91901],[75.8012,26.9187],[75.80086,26.9187],[75.80086,26.91901]]]},"properties":{"d":[0,0,0,0,0,0,0,0,0,0,0,0,0,0,0,1,1,1,2,2,2,2,1,1,1,0,0,0,0,0,0,0,0,0,0,0,0]}},{"type":"Feature","geometry":{"type":"Polygon","coordinates":[[[75.80601,26.91901],[75.80635,26.91901],[75.80635,26.9187],[75.80601,26.9187],[75.80601,26.91901]]]},"properties":{"d":[0,0,0,0,0,0,0,0,0,0,0,0,0,0,0,0,1,3,6,7,7,7,7,7,7,6,6,6,6,5,5,5,5,5,4,4,4]}},{"type":"Feature","geometry":{"type":"Polygon","coordinates":[[[75.78678,26.9187],[75.78712,26.9187],[75.78712,26.9184],[75.78678,26.9184],[75.78678,26.9187]]]},"properties":{"d":[0,0,0,0,0,0,0,0,0,0,0,0,0,0,0,0,0,1,5,8,11,13,14,14,14,14,14,13,12,12,11,11,10,9,9,9,8]}},{"type":"Feature","geometry":{"type":"Polygon","coordinates":[[[75.78712,26.9187],[75.78747,26.9187],[75.78747,26.9184],[75.78712,26.9184],[75.78712,26.9187]]]},"properties":{"d":[0,0,0,0,0,0,0,0,0,0,0,0,0,0,0,0,0,3,6,8,11,13,14,14,14,14,14,13,12,12,11,11,10,9,9,9,8]}},{"type":"Feature","geometry":{"type":"Polygon","coordinates":[[[75.78747,26.9187],[75.78781,26.9187],[75.78781,26.9184],[75.78747,26.9184],[75.78747,26.9187]]]},"properties":{"d":[0,0,0,0,0,0,0,0,0,0,0,0,0,0,0,0,1,5,6,9,11,13,14,14,14,14,14,13,12,12,11,11,10,9,9,9,8]}},{"type":"Feature","geometry":{"type":"Polygon","coordinates":[[[75.78781,26.9187],[75.78815,26.9187],[75.78815,26.9184],[75.78781,26.9184],[75.78781,26.9187]]]},"properties":{"d":[0,0,0,0,0,0,0,0,0,0,0,0,0,0,0,0,4,6,7,9,11,13,14,14,14,14,14,13,12,12,11,11,10,9,9,9,8]}},{"type":"Feature","geometry":{"type":"Polygon","coordinates":[[[75.78815,26.9187],[75.7885,26.9187],[75.7885,26.9184],[75.78815,26.9184],[75.78815,26.9187]]]},"properties":{"d":[0,0,0,0,0,0,0,0,0,0,0,0,0,0,0,2,7,8,8,10,11,13,14,14,14,14,14,13,12,12,11,11,10,9,9,9,8]}},{"type":"Feature","geometry":{"type":"Polygon","coordinates":[[[75.7885,26.9187],[75.78884,26.9187],[75.78884,26.9184],[75.7885,26.9184],[75.7885,26.9187]]]},"properties":{"d":[0,0,0,0,0,0,0,0,0,0,0,0,0,0,1,4,10,10,10,11,13,14,14,14,14,14,14,13,12,12,11,11,10,9,9,9,8]}},{"type":"Feature","geometry":{"type":"Polygon","coordinates":[[[75.78884,26.9187],[75.78918,26.9187],[75.78918,26.9184],[75.78884,26.9184],[75.78884,26.9187]]]},"properties":{"d":[0,0,0,0,0,0,0,0,0,0,0,0,0,0,0,1,6,4,4,4,5,4,4,3,2,2,1,1,0,0,0,0,0,0,0,0,0]}},{"type":"Feature","geometry":{"type":"Polygon","coordinates":[[[75.78918,26.9187],[75.78953,26.9187],[75.78953,26.9184],[75.78918,26.9184],[75.78918,26.9187]]]},"properties":{"d":[0,0,0,0,0,0,0,0,0,0,0,0,0,0,1,0,2,3,4,4,4,4,3,3,2,2,1,1,0,0,0,0,0,0,0,0,0]}},{"type":"Feature","geometry":{"type":"Polygon","coordinates":[[[75.78953,26.9187],[75.78987,26.9187],[75.78987,26.9184],[75.78953,26.9184],[75.78953,26.9187]]]},"properties":{"d":[0,0,0,0,0,0,0,0,0,0,0,0,0,0,0,1,2,2,3,3,3,3,2,2,1,1,1,0,0,0,0,0,0,0,0,0,0]}},{"type":"Feature","geometry":{"type":"Polygon","coordinates":[[[75.80017,26.9187],[75.80051,26.9187],[75.80051,26.9184],[75.80017,26.9184],[75.80017,26.9187]]]},"properties":{"d":[0,0,0,0,0,0,0,0,0,0,0,0,0,0,0,1,2,2,3,3,3,2,2,1,1,1,0,0,0,0,0,0,0,0,0,0,0]}},{"type":"Feature","geometry":{"type":"Polygon","coordinates":[[[75.80051,26.9187],[75.80086,26.9187],[75.80086,26.9184],[75.80051,26.9184],[75.80051,26.9187]]]},"properties":{"d":[0,0,0,0,0,0,0,0,0,0,0,0,0,0,0,1,2,3,3,3,3,3,2,2,1,1,1,0,0,0,0,0,0,0,0,0,0]}},{"type":"Feature","geometry":{"type":"Polygon","coordinates":[[[75.80086,26.9187],[75.8012,26.9187],[75.8012,26.9184],[75.80086,26.9184],[75.80086,26.9187]]]},"properties":{"d":[0,0,0,0,0,0,0,0,0,0,0,0,0,0,0,1,2,2,3,3,3,3,2,2,1,1,1,0,0,0,0,0,0,0,0,0,0]}},{"type":"Feature","geometry":{"type":"Polygon","coordinates":[[[75.8012,26.9187],[75.80154,26.9187],[75.80154,26.9184],[75.8012,26.9184],[75.8012,26.9187]]]},"properties":{"d":[0,0,0,0,0,0,0,0,0,0,0,0,0,0,0,0,1,2,2,3,3,2,2,2,1,1,1,0,0,0,0,0,0,0,0,0,0]}},{"type":"Feature","geometry":{"type":"Polygon","coordinates":[[[75.80875,26.9187],[75.8091,26.9187],[75.8091,26.9184],[75.80875,26.9184],[75.80875,26.9187]]]},"properties":{"d":[0,0,0,0,0,0,0,0,0,0,0,0,0,0,0,0,2,2,3,3,3,2,2,2,1,1,1,1,1,0,0,0,0,0,0,0,0]}},{"type":"Feature","geometry":{"type":"Polygon","coordinates":[[[75.8091,26.9187],[75.80944,26.9187],[75.80944,26.9184],[75.8091,26.9184],[75.8091,26.9187]]]},"properties":{"d":[0,0,0,0,0,0,0,0,0,0,0,0,0,0,0,0,2,2,3,3,3,2,2,2,1,1,1,1,1,0,0,0,0,0,0,0,0]}},{"type":"Feature","geometry":{"type":"Polygon","coordinates":[[[75.78712,26.9184],[75.78747,26.9184],[75.78747,26.91809],[75.78712,26.91809],[75.78712,26.9184]]]},"properties":{"d":[0,0,0,0,0,0,0,0,0,0,0,0,0,0,0,0,0,2,6,8,11,13,14,14,14,14,14,13,12,12,11,11,10,9,9,9,8]}},{"type":"Feature","geometry":{"type":"Polygon","coordinates":[[[75.78747,26.9184],[75.78781,26.9184],[75.78781,26.91809],[75.78747,26.91809],[75.78747,26.9184]]]},"properties":{"d":[0,0,0,0,0,0,0,0,0,0,0,0,0,0,0,0,0,4,6,8,11,13,14,14,14,14,13,13,12,12,11,11,10,9,9,9,8]}},{"type":"Feature","geometry":{"type":"Polygon","coordinates":[[[75.78781,26.9184],[75.78815,26.9184],[75.78815,26.91809],[75.78781,26.91809],[75.78781,26.9184]]]},"properties":{"d":[0,0,0,0,0,0,0,0,0,0,0,0,0,0,0,0,3,6,7,9,11,13,14,14,14,14,13,13,12,12,11,11,10,9,9,9,8]}},{"type":"Feature","geometry":{"type":"Polygon","coordinates":[[[75.78815,26.9184],[75.7885,26.9184],[75.7885,26.91809],[75.78815,26.91809],[75.78815,26.9184]]]},"properties":{"d":[0,0,0,0,0,0,0,0,0,0,0,0,0,0,0,1,6,8,8,9,11,13,14,14,14,14,13,13,12,12,11,11,10,9,9,9,8]}},{"type":"Feature","geometry":{"type":"Polygon","coordinates":[[[75.7885,26.9184],[75.78884,26.9184],[75.78884,26.91809],[75.7885,26.91809],[75.7885,26.9184]]]},"properties":{"d":[0,0,0,0,0,0,0,0,0,0,0,0,0,0,0,4,10,10,10,11,13,14,14,14,14,14,14,13,12,12,11,11,10,9,9,9,8]}},{"type":"Feature","geometry":{"type":"Polygon","coordinates":[[[75.78884,26.9184],[75.78918,26.9184],[75.78918,26.91809],[75.78884,26.91809],[75.78884,26.9184]]]},"properties":{"d":[0,0,0,0,0,0,0,0,0,0,0,0,0,0,2,2,6,6,6,7,7,7,6,5,4,3,3,2,1,1,0,0,0,0,0,0,0]}},{"type":"Feature","geometry":{"type":"Polygon","coordinates":[[[75.78918,26.9184],[75.78953,26.9184],[75.78953,26.91809],[75.78918,26.91809],[75.78918,26.9184]]]},"properties":{"d":[0,0,0,0,0,0,0,0,0,0,0,0,0,0,0,1,5,4,4,5,5,4,4,3,2,2,1,1,0,0,0,0,0,0,0,0,0]}},{"type":"Feature","geometry":{"type":"Polygon","coordinates":[[[75.78953,26.9184],[75.78987,26.9184],[75.78987,26.91809],[75.78953,26.91809],[75.78953,26.9184]]]},"properties":{"d":[0,0,0,0,0,0,0,0,0,0,0,0,0,0,0,0,0,2,2,2,2,2,2,1,1,1,0,0,0,0,0,0,0,0,0,0,0]}},{"type":"Feature","geometry":{"type":"Polygon","coordinates":[[[75.79296,26.9184],[75.7933,26.9184],[75.7933,26.91809],[75.79296,26.91809],[75.79296,26.9184]]]},"properties":{"d":[0,0,0,0,0,0,0,0,0,0,0,0,0,0,0,0,2,1,1,1,1,1,1,0,0,0,0,0,0,0,0,0,0,0,0,0,0]}},{"type":"Feature","geometry":{"type":"Polygon","coordinates":[[[75.79571,26.9184],[75.79605,26.9184],[75.79605,26.91809],[75.79571,26.91809],[75.79571,26.9184]]]},"properties":{"d":[0,0,0,0,0,0,0,0,0,0,0,0,0,0,1,1,2,3,4,5,5,5,5,5,4,4,4,3,3,3,3,2,2,2,2,2,2]}},{"type":"Feature","geometry":{"type":"Polygon","coordinates":[[[75.79605,26.9184],[75.79639,26.9184],[75.79639,26.91809],[75.79605,26.91809],[75.79605,26.9184]]]},"properties":{"d":[0,0,0,0,0,0,0,0,0,0,0,0,0,0,1,3,5,7,8,9,9,9,9,8,8,7,7,7,7,6,6,6,6,6,5,5,5]}},{"type":"Feature","geometry":{"type":"Polygon","coordinates":[[[75.79914,26.9184],[75.79948,26.9184],[75.79948,26.91809],[75.79914,26.91809],[75.79914,26.9184]]]},"properties":{"d":[0,0,0,0,0,0,0,0,0,0,0,0,0,0,1,1,2,2,3,2,2,2,1,1,0,0,0,0,0,0,0,0,0,0,0,0,0]}},{"type":"Feature","geometry":{"type":"Polygon","coordinates":[[[75.79948,26.9184],[75.79983,26.9184],[75.79983,26.91809],[75.79948,26.91809],[75.79948,26.9184]]]},"properties":{"d":[0,0,0,0,0,0,0,0,0,0,0,0,0,0,0,2,3,4,4,4,4,3,2,2,1,1,0,0,0,0,0,0,0,0,0,0,0]}},{"type":"Feature","geometry":{"type":"Polygon","coordinates":[[[75.79983,26.9184],[75.80017,26.9184],[75.80017,26.91809],[75.79983,26.91809],[75.79983,26.9184]]]},"properties":{"d":[0,0,0,0,0,0,0,0,0,0,0,0,0,0,0,2,3,4,5,5,5,4,3,3,2,1,1,0,0,0,0,0,0,0,0,0,0]}},{"type":"Feature","geometry":{"type":"Polygon","coordinates":[[[75.80017,26.9184],[75.80051,26.9184],[75.80051,26.91809],[75.80017,26.91809],[75.80017,26.9184]]]},"properties":{"d":[0,0,0,0,0,0,0,0,0,0,0,0,0,0,0,0,1,2,2,3,2,2,2,1,1,1,0,0,0,0,0,0,0,0,0,0,0]}},{"type":"Feature","geometry":{"type":"Polygon","coordinates":[[[75.80532,26.9184],[75.80566,26.9184],[75.80566,26.91809],[75.80532,26.91809],[75.80532,26.9184]]]},"properties":{"d":[0,0,0,0,0,0,0,0,0,0,0,0,0,0,0,1,2,2,3,4,4,4,4,4,4,4,4,4,4,4,4,3,3,3,3,3,2]}},{"type":"Feature","geometry":{"type":"Polygon","coordinates":[[[75.80566,26.9184],[75.80601,26.9184],[75.80601,26.91809],[75.80566,26.91809],[75.80566,26.9184]]]},"properties":{"d":[0,0,0,0,0,0,0,0,0,0,0,0,0,0,0,0,1,1,2,2,3,3,3,3,2,2,2,2,2,2,1,1,1,1,1,0,0]}},{"type":"Feature","geometry":{"type":"Polygon","coordinates":[[[75.80875,26.9184],[75.8091,26.9184],[75.8091,26.91809],[75.80875,26.91809],[75.80875,26.9184]]]},"properties":{"d":[0,0,0,0,0,0,0,0,0,0,0,0,0,0,0,0,1,1,2,2,2,2,2,2,1,1,1,1,1,0,0,0,0,0,0,0,0]}},{"type":"Feature","geometry":{"type":"Polygon","coordinates":[[[75.8091,26.9184],[75.80944,26.9184],[75.80944,26.91809],[75.8091,26.91809],[75.8091,26.9184]]]},"properties":{"d":[0,0,0,0,0,0,0,0,0,0,0,0,0,0,0,0,0,1,2,2,2,2,2,2,1,1,1,1,1,0,0,0,0,0,0,0,0]}},{"type":"Feature","geometry":{"type":"Polygon","coordinates":[[[75.78747,26.91809],[75.78781,26.91809],[75.78781,26.91778],[75.78747,26.91778],[75.78747,26.91809]]]},"properties":{"d":[0,0,0,0,0,0,0,0,0,0,0,0,0,0,0,0,0,3,6,8,10,12,13,14,14,14,13,13,12,12,11,10,10,9,9,8,8]}},{"type":"Feature","geometry":{"type":"Polygon","coordinates":[[[75.78781,26.91809],[75.78815,26.91809],[75.78815,26.91778],[75.78781,26.91778],[75.78781,26.91809]]]},"properties":{"d":[0,0,0,0,0,0,0,0,0,0,0,0,0,0,0,0,1,4,6,8,10,12,13,14,14,14,13,13,12,12,11,10,10,9,9,8,8]}},{"type":"Feature","geometry":{"type":"Polygon","coordinates":[[[75.78815,26.91809],[75.7885,26.91809],[75.7885,26.91778],[75.78815,26.91778],[75.78815,26.91809]]]},"properties":{"d":[0,0,0,0,0,0,0,0,0,0,0,0,0,0,0,0,3,6,6,8,10,12,14,14,14,14,13,13,12,12,11,10,10,9,9,8,8]}},{"type":"Feature","geometry":{"type":"Polygon","coordinates":[[[75.7885,26.91809],[75.78884,26.91809],[75.78884,26.91778],[75.7885,26.91778],[75.7885,26.91809]]]},"properties":{"d":[0,0,0,0,0,0,0,0,0,0,0,0,0,0,0,0,1,2,2,3,4,6,7,7,7,7,6,6,5,5,4,3,3,2,2,1,1]}},{"type":"Feature","geometry":{"type":"Polygon","coordinates":[[[75.79227,26.91809],[75.79262,26.91809],[75.79262,26.91778],[75.79227,26.91778],[75.79227,26.91809]]]},"properties":{"d":[0,0,0,0,0,0,0,0,0,0,0,0,0,0,0,0,1,2,2,2,2,1,1,1,0,0,0,0,0,0,0,0,0,0,0,0,0]}},{"type":"Feature","geometry":{"type":"Polygon","coordinates":[[[75.79262,26.91809],[75.79296,26.91809],[75.79296,26.91778],[75.79262,26.91778],[75.79262,26.91809]]]},"properties":{"d":[0,0,0,0,0,0,0,0,0,0,0,0,0,0,1,0,2,3,3,2,2,2,1,1,0,0,0,0,0,0,0,0,0,0,0,0,0]}},{"type":"Feature","geometry":{"type":"Polygon","coordinates":[[[75.79296,26.91809],[75.7933,26.91809],[75.7933,26.91778],[75.79296,26.91778],[75.79296,26.91809]]]},"properties":{"d":[0,0,0,0,0,0,0,0,0,0,0,0,0,0,1,3,2,3,2,2,2,1,1,1,0,0,0,0,0,0,0,0,0,0,0,0,0]}},{"type":"Feature","geometry":{"type":"Polygon","coordinates":[[[75.79639,26.91809],[75.79674,26.91809],[75.79674,26.91778],[75.79639,26.91778],[75.79639,26.91809]]]},"properties":{"d":[0,0,0,0,0,0,0,0,0,0,0,0,0,0,1,2,4,6,8,9,10,11,11,10,10,10,9,9,9,9,9,8,8,8,8,8,7]}},{"type":"Feature","geometry":{"type":"Polygon","coordinates":[[[75.80395,26.91809],[75.80429,26.91809],[75.80429,26.91778],[75.80395,26.91778],[75.80395,26.91809]]]},"properties":{"d":[0,0,0,0,0,0,0,0,0,0,0,0,0,0,0,1,2,3,3,4,4,4,5,5,5,5,4,4,4,4,4,3,3,3,3,3,2]}},{"type":"Feature","geometry":{"type":"Polygon","coordinates":[[[75.80429,26.91809],[75.80463,26.91809],[75.80463,26.91778],[75.80429,26.91778],[75.80429,26.91809]]]},"properties":{"d":[0,0,0,0,0,0,0,0,0,0,0,0,0,0,0,1,2,2,3,3,3,4,4,4,5,5,4,4,4,4,4,3,3,3,3,3,2]}},{"type":"Feature","geometry":{"type":"Polygon","coordinates":[[[75.80463,26.91809],[75.80498,26.91809],[75.80498,26.91778],[75.80463,26.91778],[75.80463,26.91809]]]},"properties":{"d":[0,0,0,0,0,0,0,0,0,0,0,0,0,0,0,0,1,2,2,3,3,4,4,4,4,4,4,4,4,4,4,3,3,3,3,3,2]}},{"type":"Feature","geometry":{"type":"Polygon","coordinates":[[[75.80498,26.91809],[75.80532,26.91809],[75.80532,26.91778],[75.80498,26.91778],[75.80498,26.91809]]]},"properties":{"d":[0,0,0,0,0,0,0,0,0,0,0,0,0,0,0,0,1,1,2,3,3,4,4,4,4,4,4,4,4,4,4,3,3,3,3,3,2]}},{"type":"Feature","geometry":{"type":"Polygon","coordinates":[[[75.80532,26.91809],[75.80566,26.91809],[75.80566,26.91778],[75.80532,26.91778],[75.80532,26.91809]]]},"properties":{"d":[0,0,0,0,0,0,0,0,0,0,0,0,0,0,0,0,1,1,2,3,3,4,4,4,4,4,4,4,4,4,4,3,3,3,3,3,2]}},{"type":"Feature","geometry":{"type":"Polygon","coordinates":[[[75.80566,26.91809],[75.80601,26.91809],[75.80601,26.91778],[75.80566,26.91778],[75.80566,26.91809]]]},"properties":{"d":[0,0,0,0,0,0,0,0,0,0,0,0,0,0,0,0,1,1,2,3,4,4,4,4,4,4,4,4,4,4,4,3,3,3,3,3,2]}},{"type":"Feature","geometry":{"type":"Polygon","coordinates":[[[75.78747,26.91778],[75.78781,26.91778],[75.78781,26.91748],[75.78747,26.91748],[75.78747,26.91778]]]},"properties":{"d":[0,0,0,0,0,0,0,0,0,0,0,0,0,0,0,0,0,0,4,7,9,12,13,13,14,13,13,12,12,11,11,10,9,9,8,8,8]}},{"type":"Feature","geometry":{"type":"Polygon","coordinates":[[[75.78781,26.91778],[75.78815,26.91778],[75.78815,26.91748],[75.78781,26.91748],[75.78781,26.91778]]]},"properties":{"d":[0,0,0,0,0,0,0,0,0,0,0,0,0,0,0,0,0,2,5,7,10,12,13,14,14,13,13,12,12,11,11,10,10,9,9,8,8]}},{"type":"Feature","geometry":{"type":"Polygon","coordinates":[[[75.78815,26.91778],[75.7885,26.91778],[75.7885,26.91748],[75.78815,26.91748],[75.78815,26.91778]]]},"properties":{"d":[0,0,0,0,0,0,0,0,0,0,0,0,0,0,0,0,1,4,6,7,10,12,13,14,14,14,13,13,12,11,11,10,10,9,9,8,8]}},{"type":"Feature","geometry":{"type":"Polygon","coordinates":[[[75.79227,26.91778],[75.79262,26.91778],[75.79262,26.91748],[75.79227,26.91748],[75.79227,26.91778]]]},"properties":{"d":[0,0,0,0,0,0,0,0,0,0,0,0,0,0,0,0,1,4,3,3,3,2,2,1,1,0,0,0,0,0,0,0,0,0,0,0,0]}},{"type":"Feature","geometry":{"type":"Polygon","coordinates":[[[75.79262,26.91778],[75.79296,26.91778],[75.79296,26.91748],[75.79262,26.91748],[75.79262,26.91778]]]},"properties":{"d":[0,0,0,0,0,0,0,0,0,0,0,0,0,0,0,2,1,3,3,3,2,2,1,1,0,0,0,0,0,0,0,0,0,0,0,0,0]}},{"type":"Feature","geometry":{"type":"Polygon","coordinates":[[[75.80189,26.91778],[75.80223,26.91778],[75.80223,26.91748],[75.80189,26.91748],[75.80189,26.91778]]]},"properties":{"d":[0,0,0,0,0,0,0,0,0,0,0,0,0,0,0,1,2,1,2,2,2,2,2,2,1,1,0,0,0,0,0,0,0,0,0,0,0]}},{"type":"Feature","geometry":{"type":"Polygon","coordinates":[[[75.80223,26.91778],[75.80257,26.91778],[75.80257,26.91748],[75.80223,26.91748],[75.80223,26.91778]]]},"properties":{"d":[0,0,0,0,0,0,0,0,0,0,0,0,0,0,0,2,3,4,6,6,7,8,8,7,6,5,4,4,3,3,2,2,2,1,1,1,1]}},{"type":"Feature","geometry":{"type":"Polygon","coordinates":[[[75.80257,26.91778],[75.80292,26.91778],[75.80292,26.91748],[75.80257,26.91748],[75.80257,26.91778]]]},"properties":{"d":[0,0,0,0,0,0,0,0,0,0,0,0,0,0,0,1,2,4,4,5,6,6,6,6,5,4,4,3,3,2,2,2,1,1,1,1,1]}},{"type":"Feature","geometry":{"type":"Polygon","coordinates":[[[75.80292,26.91778],[75.80326,26.91778],[75.80326,26.91748],[75.80292,26.91748],[75.80292,26.91778]]]},"properties":{"d":[0,0,0,0,0,0,0,0,0,0,0,0,0,0,0,0,0,2,2,2,3,3,3,3,2,2,2,1,1,1,1,1,0,0,0,0,0]}},{"type":"Feature","geometry":{"type":"Polygon","coordinates":[[[75.80326,26.91778],[75.8036,26.91778],[75.8036,26.91748],[75.80326,26.91748],[75.80326,26.91778]]]},"properties":{"d":[0,0,0,0,0,0,0,0,0,0,0,0,0,0,0,0,0,1,2,2,2,3,3,2,2,2,1,1,1,1,1,0,0,0,0,0,0]}},{"type":"Feature","geometry":{"type":"Polygon","coordinates":[[[75.8036,26.91778],[75.80395,26.91778],[75.80395,26.91748],[75.8036,26.91748],[75.8036,26.91778]]]},"properties":{"d":[0,0,0,0,0,0,0,0,0,0,0,0,0,0,0,2,4,4,5,6,6,7,7,7,6,6,5,5,4,4,4,3,3,3,3,3,2]}},{"type":"Feature","geometry":{"type":"Polygon","coordinates":[[[75.80395,26.91778],[75.80429,26.91778],[75.80429,26.91748],[75.80395,26.91748],[75.80395,26.91778]]]},"properties":{"d":[0,0,0,0,0,0,0,0,0,0,0,0,0,0,0,0,2,3,3,4,4,5,5,5,5,5,5,4,4,4,4,3,3,3,3,3,2]}},{"type":"Feature","geometry":{"type":"Polygon","coordinates":[[[75.80429,26.91778],[75.80463,26.91778],[75.80463,26.91748],[75.80429,26.91748],[75.80429,26.91778]]]},"properties":{"d":[0,0,0,0,0,0,0,0,0,0,0,0,0,0,0,0,1,2,2,3,3,4,4,4,5,5,4,4,4,4,4,3,3,3,3,3,2]}},{"type":"Feature","geometry":{"type":"Polygon","coordinates":[[[75.80463,26.91778],[75.80498,26.91778],[75.80498,26.91748],[75.80463,26.91748],[75.80463,26.91778]]]},"properties":{"d":[0,0,0,0,0,0,0,0,0,0,0,0,0,0,0,0,0,1,2,2,3,4,4,4,4,4,4,4,4,4,4,3,3,3,3,3,2]}},{"type":"Feature","geometry":{"type":"Polygon","coordinates":[[[75.80498,26.91778],[75.80532,26.91778],[75.80532,26.91748],[75.80498,26.91748],[75.80498,26.91778]]]},"properties":{"d":[0,0,0,0,0,0,0,0,0,0,0,0,0,0,0,0,0,1,1,2,3,4,4,4,4,4,4,4,4,4,4,3,3,3,3,3,2]}},{"type":"Feature","geometry":{"type":"Polygon","coordinates":[[[75.80532,26.91778],[75.80566,26.91778],[75.80566,26.91748],[75.80532,26.91748],[75.80532,26.91778]]]},"properties":{"d":[0,0,0,0,0,0,0,0,0,0,0,0,0,0,0,0,1,1,1,2,3,4,4,4,4,4,4,4,4,4,4,3,3,3,3,3,2]}},{"type":"Feature","geometry":{"type":"Polygon","coordinates":[[[75.78781,26.91748],[75.78815,26.91748],[75.78815,26.91717],[75.78781,26.91717],[75.78781,26.91748]]]},"properties":{"d":[0,0,0,0,0,0,0,0,0,0,0,0,0,0,0,0,0,0,3,5,7,9,11,11,11,11,11,10,10,9,9,8,8,7,7,7,6]}},{"type":"Feature","geometry":{"type":"Polygon","coordinates":[[[75.79227,26.91748],[75.79262,26.91748],[75.79262,26.91717],[75.79227,26.91717],[75.79227,26.91748]]]},"properties":{"d":[0,0,0,0,0,0,0,0,0,0,0,0,0,0,0,1,1,4,4,4,3,3,2,2,1,1,0,0,0,0,0,0,0,0,0,0,0]}},{"type":"Feature","geometry":{"type":"Polygon","coordinates":[[[75.79262,26.91748],[75.79296,26.91748],[75.79296,26.91717],[75.79262,26.91717],[75.79262,26.91748]]]},"properties":{"d":[0,0,0,0,0,0,0,0,0,0,0,0,0,0,1,0,0,2,2,2,2,1,1,1,0,0,0,0,0,0,0,0,0,0,0,0,0]}},{"type":"Feature","geometry":{"type":"Polygon","coordinates":[[[75.79708,26.91748],[75.79742,26.91748],[75.79742,26.91717],[75.79708,26.91717],[75.79708,26.91748]]]},"properties":{"d":[0,0,0,0,0,0,0,0,0,0,0,0,0,0,0,1,2,2,2,2,2,1,1,1,0,0,0,0,0,0,0,0,0,0,0,0,0]}},{"type":"Feature","geometry":{"type":"Polygon","coordinates":[[[75.80189,26.91748],[75.80223,26.91748],[75.80223,26.91717],[75.80189,26.91717],[75.80189,26.91748]]]},"properties":{"d":[0,0,0,0,0,0,0,0,0,0,0,0,0,0,0,2,4,5,6,7,8,8,8,7,6,6,5,4,3,3,3,2,2,2,1,1,1]}},{"type":"Feature","geometry":{"type":"Polygon","coordinates":[[[75.80223,26.91748],[75.80257,26.91748],[75.80257,26.91717],[75.80223,26.91717],[75.80223,26.91748]]]},"properties":{"d":[0,0,0,0,0,0,0,0,0,0,0,0,0,0,0,1,3,5,6,7,8,8,8,7,6,5,5,4,3,3,2,2,2,2,1,1,1]}},{"type":"Feature","geometry":{"type":"Polygon","coordinates":[[[75.80395,26.91748],[75.80429,26.91748],[75.80429,26.91717],[75.80395,26.91717],[75.80395,26.91748]]]},"properties":{"d":[0,0,0,0,0,0,0,0,0,0,0,0,0,0,0,0,1,2,2,3,3,4,4,4,4,4,4,4,4,4,4,3,3,3,3,2,2]}},{"type":"Feature","geometry":{"type":"Polygon","coordinates":[[[75.80429,26.91748],[75.80463,26.91748],[75.80463,26.91717],[75.80429,26.91717],[75.80429,26.91748]]]},"properties":{"d":[0,0,0,0,0,0,0,0,0,0,0,0,0,0,0,0,0,1,2,2,3,3,4,4,4,4,4,4,4,4,4,3,3,3,3,2,2]}},{"type":"Feature","geometry":{"type":"Polygon","coordinates":[[[75.80463,26.91748],[75.80498,26.91748],[75.80498,26.91717],[75.80463,26.91717],[75.80463,26.91748]]]},"properties":{"d":[0,0,0,0,0,0,0,0,0,0,0,0,0,0,0,0,0,1,1,2,3,3,4,4,4,4,4,4,4,4,4,3,3,3,3,2,2]}},{"type":"Feature","geometry":{"type":"Polygon","coordinates":[[[75.80498,26.91748],[75.80532,26.91748],[75.80532,26.91717],[75.80498,26.91717],[75.80498,26.91748]]]},"properties":{"d":[0,0,0,0,0,0,0,0,0,0,0,0,0,0,0,0,1,1,1,2,3,3,4,4,4,4,4,4,4,4,4,3,3,3,3,3,2]}},{"type":"Feature","geometry":{"type":"Polygon","coordinates":[[[75.78781,26.91717],[75.78815,26.91717],[75.78815,26.91687],[75.78781,26.91687],[75.78781,26.91717]]]},"properties":{"d":[0,0,0,0,0,0,0,0,0,0,0,0,0,0,0,0,0,0,0,2,4,5,6,7,7,7,6,6,6,5,5,5,4,4,4,4,3]}},{"type":"Feature","geometry":{"type":"Polygon","coordinates":[[[75.79227,26.91717],[75.79262,26.91717],[75.79262,26.91687],[75.79227,26.91687],[75.79227,26.91717]]]},"properties":{"d":[0,0,0,0,0,0,0,0,0,0,0,0,0,0,1,0,0,3,4,4,3,3,2,2,1,1,0,0,0,0,0,0,0,0,0,0,0]}},{"type":"Feature","geometry":{"type":"Polygon","coordinates":[[[75.80395,26.91717],[75.80429,26.91717],[75.80429,26.91687],[75.80395,26.91687],[75.80395,26.91717]]]},"properties":{"d":[0,0,0,0,0,0,0,0,0,0,0,0,0,0,0,0,1,1,2,2,3,3,4,4,4,4,4,4,4,4,4,3,3,3,3,2,2]}},{"type":"Feature","geometry":{"type":"Polygon","coordinates":[[[75.80429,26.91717],[75.80463,26.91717],[75.80463,26.91687],[75.80429,26.91687],[75.80429,26.91717]]]},"properties":{"d":[0,0,0,0,0,0,0,0,0,0,0,0,0,0,0,0,0,1,1,2,2,3,4,4,4,4,4,4,4,4,3,3,3,3,3,2,2]}},{"type":"Feature","geometry":{"type":"Polygon","coordinates":[[[75.80463,26.91717],[75.80498,26.91717],[75.80498,26.91687],[75.80463,26.91687],[75.80463,26.91717]]]},"properties":{"d":[0,0,0,0,0,0,0,0,0,0,0,0,0,0,0,0,1,1,1,2,2,3,4,4,4,4,4,4,4,4,4,3,3,3,3,2,2]}},{"type":"Feature","geometry":{"type":"Polygon","coordinates":[[[75.78781,26.91687],[75.78815,26.91687],[75.78815,26.91656],[75.78781,26.91656],[75.78781,26.91687]]]},"properties":{"d":[0,0,0,0,0,0,0,0,0,0,0,0,0,0,0,0,0,0,0,1,3,4,5,5,6,5,5,5,5,4,4,4,4,3,3,3,3]}},{"type":"Feature","geometry":{"type":"Polygon","coordinates":[[[75.79056,26.91687],[75.7909,26.91687],[75.7909,26.91656],[75.79056,26.91656],[75.79056,26.91687]]]},"properties":{"d":[0,0,0,0,0,0,0,0,0,0,0,0,0,0,1,1,3,3,3,3,3,2,2,1,1,0,0,0,0,0,0,0,0,0,0,0,0]}},{"type":"Feature","geometry":{"type":"Polygon","coordinates":[[[75.79227,26.91687],[75.79262,26.91687],[75.79262,26.91656],[75.79227,26.91656],[75.79227,26.91687]]]},"properties":{"d":[0,0,0,0,0,0,0,0,0,0,0,0,0,0,0,1,1,1,3,3,3,2,2,1,1,1,0,0,0,0,0,0,0,0,0,0,0]}},{"type":"Feature","geometry":{"type":"Polygon","coordinates":[[[75.79262,26.91687],[75.79296,26.91687],[75.79296,26.91656],[75.79262,26.91656],[75.79262,26.91687]]]},"properties":{"d":[0,0,0,0,0,0,0,0,0,0,0,0,0,0,1,0,0,1,2,3,2,2,2,1,1,0,0,0,0,0,0,0,0,0,0,0,0]}},{"type":"Feature","geometry":{"type":"Polygon","coordinates":[[[75.80429,26.91687],[75.80463,26.91687],[75.80463,26.91656],[75.80429,26.91656],[75.80429,26.91687]]]},"properties":{"d":[0,0,0,0,0,0,0,0,0,0,0,0,0,0,0,0,1,1,1,1,2,2,2,3,3,3,3,3,3,3,3,3,2,2,2,2,2]}},{"type":"Feature","geometry":{"type":"Polygon","coordinates":[[[75.78781,26.91656],[75.78815,26.91656],[75.78815,26.91625],[75.78781,26.91625],[75.78781,26.91656]]]},"properties":{"d":[0,0,0,0,0,0,0,0,0,0,0,0,0,0,0,0,0,0,0,0,2,4,5,5,5,5,5,5,5,4,4,4,4,3,3,3,3]}},{"type":"Feature","geometry":{"type":"Polygon","coordinates":[[[75.79056,26.91656],[75.7909,26.91656],[75.7909,26.91625],[75.79056,26.91625],[75.79056,26.91656]]]},"properties":{"d":[0,0,0,0,0,0,0,0,0,0,0,0,0,0,0,2,4,3,4,3,3,3,2,2,1,1,0,0,0,0,0,0,0,0,0,0,0]}},{"type":"Feature","geometry":{"type":"Polygon","coordinates":[[[75.79227,26.91656],[75.79262,26.91656],[75.79262,26.91625],[75.79227,26.91625],[75.79227,26.91656]]]},"properties":{"d":[0,0,0,0,0,0,0,0,0,0,0,0,0,0,1,0,0,1,2,2,2,2,1,1,1,0,0,0,0,0,0,0,0,0,0,0,0]}},{"type":"Feature","geometry":{"type":"Polygon","coordinates":[[[75.79262,26.91656],[75.79296,26.91656],[75.79296,26.91625],[75.79262,26.91625],[75.79262,26.91656]]]},"properties":{"d":[0,0,0,0,0,0,0,0,0,0,0,0,0,0,0,1,1,1,2,3,3,2,2,1,1,1,0,0,0,0,0,0,0,0,0,0,0]}},{"type":"Feature","geometry":{"type":"Polygon","coordinates":[[[75.79296,26.91656],[75.7933,26.91656],[75.7933,26.91625],[75.79296,26.91625],[75.79296,26.91656]]]},"properties":{"d":[0,0,0,0,0,0,0,0,0,0,0,0,0,0,0,1,3,2,2,3,2,2,2,1,1,0,0,0,0,0,0,0,0,0,0,0,0]}},{"type":"Feature","geometry":{"type":"Polygon","coordinates":[[[75.78781,26.91625],[75.78815,26.91625],[75.78815,26.91595],[75.78781,26.91595],[75.78781,26.91625]]]},"properties":{"d":[0,0,0,0,0,0,0,0,0,0,0,0,0,0,0,0,0,0,0,0,1,3,4,4,4,4,4,4,4,4,3,3,3,3,3,2,2]}},{"type":"Feature","geometry":{"type":"Polygon","coordinates":[[[75.79262,26.91625],[75.79296,26.91625],[75.79296,26.91595],[75.79262,26.91595],[75.79262,26.91625]]]},"properties":{"d":[0,0,0,0,0,0,0,0,0,0,0,0,0,0,1,0,2,2,3,3,3,3,2,2,1,1,0,0,0,0,0,0,0,0,0,0,0]}},{"type":"Feature","geometry":{"type":"Polygon","coordinates":[[[75.79296,26.91625],[75.7933,26.91625],[75.7933,26.91595],[75.79296,26.91595],[75.79296,26.91625]]]},"properties":{"d":[0,0,0,0,0,0,0,0,0,0,0,0,0,0,1,7,10,6,7,7,7,6,5,3,2,2,1,1,0,0,0,0,0,0,0,0,0]}},{"type":"Feature","geometry":{"type":"Polygon","coordinates":[[[75.7933,26.91625],[75.79365,26.91625],[75.79365,26.91595],[75.7933,26.91595],[75.7933,26.91625]]]},"properties":{"d":[0,0,0,0,0,0,0,0,0,0,0,0,0,0,0,1,2,2,2,2,1,1,1,0,0,0,0,0,0,0,0,0,0,0,0,0,0]}},{"type":"Feature","geometry":{"type":"Polygon","coordinates":[[[75.78781,26.91595],[75.78815,26.91595],[75.78815,26.91564],[75.78781,26.91564],[75.78781,26.91595]]]},"properties":{"d":[0,0,0,0,0,0,0,0,0,0,0,0,0,0,0,0,0,0,0,0,0,2,3,3,3,3,3,3,3,3,3,2,2,2,2,2,2]}},{"type":"Feature","geometry":{"type":"Polygon","coordinates":[[[75.78815,26.91595],[75.7885,26.91595],[75.7885,26.91564],[75.78815,26.91564],[75.78815,26.91595]]]},"properties":{"d":[0,0,0,0,0,0,0,0,0,0,0,0,0,0,0,0,0,0,0,0,0,1,2,2,2,2,2,2,2,2,2,2,2,2,1,1,1]}},{"type":"Feature","geometry":{"type":"Polygon","coordinates":[[[75.79262,26.91595],[75.79296,26.91595],[75.79296,26.91564],[75.79262,26.91564],[75.79262,26.91595]]]},"properties":{"d":[0,0,0,0,0,0,0,0,0,0,0,0,0,0,0,0,1,1,2,2,2,2,2,1,1,0,0,0,0,0,0,0,0,0,0,0,0]}},{"type":"Feature","geometry":{"type":"Polygon","coordinates":[[[75.79296,26.91595],[75.7933,26.91595],[75.7933,26.91564],[75.79296,26.91564],[75.79296,26.91595]]]},"properties":{"d":[0,0,0,0,0,0,0,0,0,0,0,0,0,0,0,7,10,8,9,9,9,8,7,6,5,4,3,2,1,1,1,0,0,0,0,0,0]}},{"type":"Feature","geometry":{"type":"Polygon","coordinates":[[[75.7933,26.91595],[75.79365,26.91595],[75.79365,26.91564],[75.7933,26.91564],[75.7933,26.91595]]]},"properties":{"d":[0,0,0,0,0,0,0,0,0,0,0,0,0,0,0,5,8,7,7,7,7,6,5,4,3,3,2,1,1,1,0,0,0,0,0,0,0]}},{"type":"Feature","geometry":{"type":"Polygon","coordinates":[[[75.80086,26.91595],[75.8012,26.91595],[75.8012,26.91564],[75.80086,26.91564],[75.80086,26.91595]]]},"properties":{"d":[0,0,0,0,0,0,0,0,0,0,0,0,0,0,0,0,0,1,2,2,2,1,1,1,0,0,0,0,0,0,0,0,0,0,0,0,0]}},{"type":"Feature","geometry":{"type":"Polygon","coordinates":[[[75.78781,26.91564],[75.78815,26.91564],[75.78815,26.91534],[75.78781,26.91534],[75.78781,26.91564]]]},"properties":{"d":[0,0,0,0,0,0,0,0,0,0,0,0,0,0,0,0,0,0,0,0,0,1,2,2,2,2,2,2,2,2,2,2,2,2,1,1,1]}},{"type":"Feature","geometry":{"type":"Polygon","coordinates":[[[75.78815,26.91564],[75.7885,26.91564],[75.7885,26.91534],[75.78815,26.91534],[75.78815,26.91564]]]},"properties":{"d":[0,0,0,0,0,0,0,0,0,0,0,0,0,0,0,0,0,0,0,0,0,0,2,2,2,3,3,2,2,2,2,2,2,2,1,1,1]}},{"type":"Feature","geometry":{"type":"Polygon","coordinates":[[[75.7885,26.91564],[75.78884,26.91564],[75.78884,26.91534],[75.7885,26.91534],[75.7885,26.91564]]]},"properties":{"d":[0,0,0,0,0,0,0,0,0,0,0,0,0,0,0,0,0,0,0,0,0,0,1,3,3,3,3,3,3,3,3,3,2,2,2,2,2]}},{"type":"Feature","geometry":{"type":"Polygon","coordinates":[[[75.78884,26.91564],[75.78918,26.91564],[75.78918,26.91534],[75.78884,26.91534],[75.78884,26.91564]]]},"properties":{"d":[0,0,0,0,0,0,0,0,0,0,0,0,0,0,0,0,0,0,1,1,1,1,2,3,4,5,5,5,5,5,5,5,5,5,4,4,4]}},{"type":"Feature","geometry":{"type":"Polygon","coordinates":[[[75.78918,26.91564],[75.78953,26.91564],[75.78953,26.91534],[75.78918,26.91534],[75.78918,26.91564]]]},"properties":{"d":[0,0,0,0,0,0,0,0,0,0,0,0,0,0,0,0,1,2,2,2,2,2,2,2,3,4,4,5,5,5,5,5,5,4,4,4,4]}},{"type":"Feature","geometry":{"type":"Polygon","coordinates":[[[75.79296,26.91564],[75.7933,26.91564],[75.7933,26.91534],[75.79296,26.91534],[75.79296,26.91564]]]},"properties":{"d":[0,0,0,0,0,0,0,0,0,0,0,0,0,0,0,1,3,2,3,3,3,2,2,1,1,0,0,0,0,0,0,0,0,0,0,0,0]}},{"type":"Feature","geometry":{"type":"Polygon","coordinates":[[[75.7933,26.91564],[75.79365,26.91564],[75.79365,26.91534],[75.7933,26.91534],[75.7933,26.91564]]]},"properties":{"d":[0,0,0,0,0,0,0,0,0,0,0,0,0,0,0,2,7,7,7,7,7,6,5,4,3,2,2,1,1,1,0,0,0,0,0,0,0]}},{"type":"Feature","geometry":{"type":"Polygon","coordinates":[[[75.80086,26.91564],[75.8012,26.91564],[75.8012,26.91534],[75.80086,26.91534],[75.80086,26.91564]]]},"properties":{"d":[0,0,0,0,0,0,0,0,0,0,0,0,0,0,0,1,4,3,3,3,3,2,2,1,1,0,0,0,0,0,0,0,0,0,0,0,0]}},{"type":"Feature","geometry":{"type":"Polygon","coordinates":[[[75.8036,26.91564],[75.80395,26.91564],[75.80395,26.91534],[75.8036,26.91534],[75.8036,26.91564]]]},"properties":{"d":[0,0,0,0,0,0,0,0,0,0,0,0,0,0,0,1,2,3,3,2,2,1,1,1,0,0,0,0,0,0,0,0,0,0,0,0,0]}},{"type":"Feature","geometry":{"type":"Polygon","coordinates":[[[75.78678,26.91534],[75.78712,26.91534],[75.78712,26.91503],[75.78678,26.91503],[75.78678,26.91534]]]},"properties":{"d":[0,0,0,0,0,0,0,0,0,0,0,0,0,0,0,0,0,0,0,0,0,0,0,0,0,0,0,1,1,1,2,2,2,2,2,2,2]}},{"type":"Feature","geometry":{"type":"Polygon","coordinates":[[[75.78712,26.91534],[75.78747,26.91534],[75.78747,26.91503],[75.78712,26.91503],[75.78712,26.91534]]]},"properties":{"d":[0,0,0,0,0,0,0,0,0,0,0,0,0,0,0,0,0,0,0,0,0,0,0,0,0,1,2,2,2,2,2,2,2,2,2,2,2]}},{"type":"Feature","geometry":{"type":"Polygon","coordinates":[[[75.78747,26.91534],[75.78781,26.91534],[75.78781,26.91503],[75.78747,26.91503],[75.78747,26.91534]]]},"properties":{"d":[0,0,0,0,0,0,0,0,0,0,0,0,0,0,0,0,0,0,0,0,0,0,0,1,2,3,3,3,3,3,3,3,3,3,3,3,3]}},{"type":"Feature","geometry":{"type":"Polygon","coordinates":[[[75.78781,26.91534],[75.78815,26.91534],[75.78815,26.91503],[75.78781,26.91503],[75.78781,26.91534]]]},"properties":{"d":[0,0,0,0,0,0,0,0,0,0,0,0,0,0,0,0,0,0,0,0,0,1,2,3,3,3,3,3,3,3,3,3,3,2,2,2,2]}},{"type":"Feature","geometry":{"type":"Polygon","coordinates":[[[75.78815,26.91534],[75.7885,26.91534],[75.7885,26.91503],[75.78815,26.91503],[75.78815,26.91534]]]},"properties":{"d":[0,0,0,0,0,0,0,0,0,0,0,0,0,0,0,0,0,0,0,0,0,0,2,4,5,5,5,5,5,5,5,5,5,5,4,4,4]}},{"type":"Feature","geometry":{"type":"Polygon","coordinates":[[[75.7885,26.91534],[75.78884,26.91534],[75.78884,26.91503],[75.7885,26.91503],[75.7885,26.91534]]]},"properties":{"d":[0,0,0,0,0,0,0,0,0,0,0,0,0,0,0,0,0,0,0,0,0,0,1,3,4,5,5,5,5,5,5,5,5,5,4,4,4]}},{"type":"Feature","geometry":{"type":"Polygon","coordinates":[[[75.78884,26.91534],[75.78918,26.91534],[75.78918,26.91503],[75.78884,26.91503],[75.78884,26.91534]]]},"properties":{"d":[0,0,0,0,0,0,0,0,0,0,0,0,0,0,0,0,0,0,0,1,1,1,1,2,3,4,4,5,5,5,5,5,4,4,4,4,4]}},{"type":"Feature","geometry":{"type":"Polygon","coordinates":[[[75.78918,26.91534],[75.78953,26.91534],[75.78953,26.91503],[75.78918,26.91503],[75.78918,26.91534]]]},"properties":{"d":[0,0,0,0,0,0,0,0,0,0,0,0,0,0,0,0,0,1,1,2,2,2,2,2,3,3,4,4,4,4,4,4,4,4,4,4,4]}},{"type":"Feature","geometry":{"type":"Polygon","coordinates":[[[75.78953,26.91534],[75.78987,26.91534],[75.78987,26.91503],[75.78953,26.91503],[75.78953,26.91534]]]},"properties":{"d":[0,0,0,0,0,0,0,0,0,0,0,0,0,0,0,1,2,2,2,2,3,2,2,2,2,3,3,4,4,4,4,4,4,4,4,4,4]}},{"type":"Feature","geometry":{"type":"Polygon","coordinates":[[[75.7933,26.91534],[75.79365,26.91534],[75.79365,26.91503],[75.7933,26.91503],[75.7933,26.91534]]]},"properties":{"d":[0,0,0,0,0,0,0,0,0,0,0,0,0,0,0,1,6,7,7,7,7,6,5,4,3,2,2,1,1,1,0,0,0,0,0,0,0]}},{"type":"Feature","geometry":{"type":"Polygon","coordinates":[[[75.80086,26.91534],[75.8012,26.91534],[75.8012,26.91503],[75.80086,26.91503],[75.80086,26.91534]]]},"properties":{"d":[0,0,0,0,0,0,0,0,0,0,0,0,0,0,0,1,5,4,4,5,4,3,2,2,1,1,0,0,0,0,0,0,0,0,0,0,0]}},{"type":"Feature","geometry":{"type":"Polygon","coordinates":[[[75.80326,26.91534],[75.8036,26.91534],[75.8036,26.91503],[75.80326,26.91503],[75.80326,26.91534]]]},"properties":{"d":[0,0,0,0,0,0,0,0,0,0,0,0,0,0,0,1,2,3,4,4,4,4,3,3,2,2,1,1,1,1,0,0,0,0,0,0,0]}},{"type":"Feature","geometry":{"type":"Polygon","coordinates":[[[75.8036,26.91534],[75.80395,26.91534],[75.80395,26.91503],[75.8036,26.91503],[75.8036,26.91534]]]},"properties":{"d":[0,0,0,0,0,0,0,0,0,0,0,0,0,0,0,0,2,4,4,4,4,3,3,2,2,1,1,1,0,0,0,0,0,0,0,0,0]}},{"type":"Feature","geometry":{"type":"Polygon","coordinates":[[[75.78678,26.91503],[75.78712,26.91503],[75.78712,26.91472],[75.78678,26.91472],[75.78678,26.91503]]]},"properties":{"d":[0,0,0,0,0,0,0,0,0,0,0,0,0,0,0,0,0,0,0,0,0,0,0,0,0,0,0,0,1,1,1,2,2,2,2,2,2]}},{"type":"Feature","geometry":{"type":"Polygon","coordinates":[[[75.78712,26.91503],[75.78747,26.91503],[75.78747,26.91472],[75.78712,26.91472],[75.78712,26.91503]]]},"properties":{"d":[0,0,0,0,0,0,0,0,0,0,0,0,0,0,0,0,0,0,0,0,0,0,0,0,0,0,1,1,2,2,2,2,2,2,2,2,2]}},{"type":"Feature","geometry":{"type":"Polygon","coordinates":[[[75.78747,26.91503],[75.78781,26.91503],[75.78781,26.91472],[75.78747,26.91472],[75.78747,26.91503]]]},"properties":{"d":[0,0,0,0,0,0,0,0,0,0,0,0,0,0,0,0,0,0,0,0,0,0,0,0,1,2,2,3,3,3,3,3,3,3,3,3,3]}},{"type":"Feature","geometry":{"type":"Polygon","coordinates":[[[75.78781,26.91503],[75.78815,26.91503],[75.78815,26.91472],[75.78781,26.91472],[75.78781,26.91503]]]},"properties":{"d":[0,0,0,0,0,0,0,0,0,0,0,0,0,0,0,0,0,0,0,0,0,0,0,1,2,3,3,4,4,4,4,4,4,3,3,3,3]}},{"type":"Feature","geometry":{"type":"Polygon","coordinates":[[[75.78815,26.91503],[75.7885,26.91503],[75.7885,26.91472],[75.78815,26.91472],[75.78815,26.91503]]]},"properties":{"d":[0,0,0,0,0,0,0,0,0,0,0,0,0,0,0,0,0,0,0,0,0,0,0,2,3,3,4,4,4,4,4,4,4,4,4,4,4]}},{"type":"Feature","geometry":{"type":"Polygon","coordinates":[[[75.7885,26.91503],[75.78884,26.91503],[75.78884,26.91472],[75.7885,26.91472],[75.7885,26.91503]]]},"properties":{"d":[0,0,0,0,0,0,0,0,0,0,0,0,0,0,0,0,0,0,0,0,0,0,0,1,3,3,4,4,4,4,4,4,4,4,4,4,4]}},{"type":"Feature","geometry":{"type":"Polygon","coordinates":[[[75.78884,26.91503],[75.78918,26.91503],[75.78918,26.91472],[75.78884,26.91472],[75.78884,26.91503]]]},"properties":{"d":[0,0,0,0,0,0,0,0,0,0,0,0,0,0,0,0,0,0,0,0,0,1,1,1,2,3,4,4,4,4,4,4,4,4,4,4,4]}},{"type":"Feature","geometry":{"type":"Polygon","coordinates":[[[75.78918,26.91503],[75.78953,26.91503],[75.78953,26.91472],[75.78918,26.91472],[75.78918,26.91503]]]},"properties":{"d":[0,0,0,0,0,0,0,0,0,0,0,0,0,0,0,0,0,0,1,1,1,2,2,2,2,3,3,3,4,4,4,4,4,4,4,4,4]}},{"type":"Feature","geometry":{"type":"Polygon","coordinates":[[[75.78953,26.91503],[75.78987,26.91503],[75.78987,26.91472],[75.78953,26.91472],[75.78953,26.91503]]]},"properties":{"d":[0,0,0,0,0,0,0,0,0,0,0,0,0,0,0,0,0,1,2,2,2,2,2,2,2,2,3,3,3,4,4,4,4,4,4,4,4]}},{"type":"Feature","geometry":{"type":"Polygon","coordinates":[[[75.78987,26.91503],[75.79021,26.91503],[75.79021,26.91472],[75.78987,26.91472],[75.78987,26.91503]]]},"properties":{"d":[0,0,0,0,0,0,0,0,0,0,0,0,0,0,0,0,1,2,2,3,3,3,3,2,2,2,2,2,3,3,3,3,4,4,4,4,4]}},{"type":"Feature","geometry":{"type":"Polygon","coordinates":[[[75.79021,26.91503],[75.79056,26.91503],[75.79056,26.91472],[75.79021,26.91472],[75.79021,26.91503]]]},"properties":{"d":[0,0,0,0,0,0,0,0,0,0,0,0,0,0,0,1,2,3,3,3,3,3,3,3,2,2,2,2,2,3,3,3,3,4,4,4,4]}},{"type":"Feature","geometry":{"type":"Polygon","coordinates":[[[75.7933,26.91503],[75.79365,26.91503],[75.79365,26.91472],[75.7933,26.91472],[75.7933,26.91503]]]},"properties":{"d":[0,0,0,0,0,0,0,0,0,0,0,0,0,0,0,1,5,7,7,7,7,6,6,4,3,3,2,2,1,1,1,0,0,0,0,0,0]}},{"type":"Feature","geometry":{"type":"Polygon","coordinates":[[[75.79365,26.91503],[75.79399,26.91503],[75.79399,26.91472],[75.79365,26.91472],[75.79365,26.91503]]]},"properties":{"d":[0,0,0,0,0,0,0,0,0,0,0,0,0,0,0,1,3,5,6,6,6,5,5,4,3,2,2,1,1,1,0,0,0,0,0,0,0]}},{"type":"Feature","geometry":{"type":"Polygon","coordinates":[[[75.80086,26.91503],[75.8012,26.91503],[75.8012,26.91472],[75.80086,26.91472],[75.80086,26.91503]]]},"properties":{"d":[0,0,0,0,0,0,0,0,0,0,0,0,0,0,0,0,3,3,2,3,3,2,2,1,1,0,0,0,0,0,0,0,0,0,0,0,0]}},{"type":"Feature","geometry":{"type":"Polygon","coordinates":[[[75.80326,26.91503],[75.8036,26.91503],[75.8036,26.91472],[75.80326,26.91472],[75.80326,26.91503]]]},"properties":{"d":[0,0,0,0,0,0,0,0,0,0,0,0,0,0,0,0,1,2,3,3,3,3,2,2,2,1,1,1,1,0,0,0,0,0,0,0,0]}},{"type":"Feature","geometry":{"type":"Polygon","coordinates":[[[75.78712,26.91472],[75.78747,26.91472],[75.78747,26.91442],[75.78712,26.91442],[75.78712,26.91472]]]},"properties":{"d":[0,0,0,0,0,0,0,0,0,0,0,0,0,0,0,0,0,0,0,0,0,0,0,0,0,0,0,1,1,1,2,2,2,2,2,2,2]}},{"type":"Feature","geometry":{"type":"Polygon","coordinates":[[[75.78747,26.91472],[75.78781,26.91472],[75.78781,26.91442],[75.78747,26.91442],[75.78747,26.91472]]]},"properties":{"d":[0,0,0,0,0,0,0,0,0,0,0,0,0,0,0,0,0,0,0,0,0,0,0,0,0,0,1,2,2,2,2,3,3,3,3,3,3]}},{"type":"Feature","geometry":{"type":"Polygon","coordinates":[[[75.78781,26.91472],[75.78815,26.91472],[75.78815,26.91442],[75.78781,26.91442],[75.78781,26.91472]]]},"properties":{"d":[0,0,0,0,0,0,0,0,0,0,0,0,0,0,0,0,0,0,0,0,0,0,0,0,1,1,2,2,3,3,3,3,3,3,3,3,3]}},{"type":"Feature","geometry":{"type":"Polygon","coordinates":[[[75.78815,26.91472],[75.7885,26.91472],[75.7885,26.91442],[75.78815,26.91442],[75.78815,26.91472]]]},"properties":{"d":[0,0,0,0,0,0,0,0,0,0,0,0,0,0,0,0,0,0,0,0,0,0,0,0,1,2,2,3,3,3,3,4,4,4,3,3,3]}},{"type":"Feature","geometry":{"type":"Polygon","coordinates":[[[75.7885,26.91472],[75.78884,26.91472],[75.78884,26.91442],[75.7885,26.91442],[75.7885,26.91472]]]},"properties":{"d":[0,0,0,0,0,0,0,0,0,0,0,0,0,0,0,0,0,0,0,0,0,0,0,0,1,2,2,3,3,4,4,4,4,4,4,4,3]}},{"type":"Feature","geometry":{"type":"Polygon","coordinates":[[[75.78884,26.91472],[75.78918,26.91472],[75.78918,26.91442],[75.78884,26.91442],[75.78884,26.91472]]]},"properties":{"d":[0,0,0,0,0,0,0,0,0,0,0,0,0,0,0,0,0,0,0,0,0,0,0,1,1,2,2,3,3,4,4,4,4,4,4,4,4]}},{"type":"Feature","geometry":{"type":"Polygon","coordinates":[[[75.78918,26.91472],[75.78953,26.91472],[75.78953,26.91442],[75.78918,26.91442],[75.78918,26.91472]]]},"properties":{"d":[0,0,0,0,0,0,0,0,0,0,0,0,0,0,0,0,0,0,0,0,1,1,2,2,2,2,2,3,3,4,4,4,4,4,4,4,4]}},{"type":"Feature","geometry":{"type":"Polygon","coordinates":[[[75.78953,26.91472],[75.78987,26.91472],[75.78987,26.91442],[75.78953,26.91442],[75.78953,26.91472]]]},"properties":{"d":[0,0,0,0,0,0,0,0,0,0,0,0,0,0,0,0,0,0,0,1,2,2,2,2,2,2,2,3,3,3,4,4,4,4,4,4,4]}},{"type":"Feature","geometry":{"type":"Polygon","coordinates":[[[75.78987,26.91472],[75.79021,26.91472],[75.79021,26.91442],[75.78987,26.91442],[75.78987,26.91472]]]},"properties":{"d":[0,0,0,0,0,0,0,0,0,0,0,0,0,0,0,0,0,1,2,2,3,3,3,2,2,2,2,2,3,3,3,3,4,4,4,4,4]}},{"type":"Feature","geometry":{"type":"Polygon","coordinates":[[[75.79021,26.91472],[75.79056,26.91472],[75.79056,26.91442],[75.79021,26.91442],[75.79021,26.91472]]]},"properties":{"d":[0,0,0,0,0,0,0,0,0,0,0,0,0,0,0,0,0,1,2,3,3,3,3,2,2,2,2,2,2,3,3,3,3,3,4,4,4]}},{"type":"Feature","geometry":{"type":"Polygon","coordinates":[[[75.79056,26.91472],[75.7909,26.91472],[75.7909,26.91442],[75.79056,26.91442],[75.79056,26.91472]]]},"properties":{"d":[0,0,0,0,0,0,0,0,0,0,0,0,0,0,0,0,1,1,2,2,2,2,1,1,1,1,1,0,0,0,0,1,1,2,2,2,2]}},{"type":"Feature","geometry":{"type":"Polygon","coordinates":[[[75.7933,26.91472],[75.79365,26.91472],[75.79365,26.91442],[75.7933,26.91442],[75.7933,26.91472]]]},"properties":{"d":[0,0,0,0,0,0,0,0,0,0,0,0,0,0,0,1,3,8,8,9,9,9,8,6,5,4,3,2,2,1,1,1,0,0,0,0,0]}},{"type":"Feature","geometry":{"type":"Polygon","coordinates":[[[75.79365,26.91472],[75.79399,26.91472],[75.79399,26.91442],[75.79365,26.91442],[75.79365,26.91472]]]},"properties":{"d":[0,0,0,0,0,0,0,0,0,0,0,0,0,0,0,1,3,9,11,11,11,11,10,9,7,6,5,4,3,2,2,1,1,0,0,0,0]}},{"type":"Feature","geometry":{"type":"Polygon","coordinates":[[[75.79399,26.91472],[75.79433,26.91472],[75.79433,26.91442],[75.79399,26.91442],[75.79399,26.91472]]]},"properties":{"d":[0,0,0,0,0,0,0,0,0,0,0,0,0,0,0,1,2,7,9,9,10,10,9,8,7,6,5,4,3,3,2,2,1,1,1,0,0]}},{"type":"Feature","geometry":{"type":"Polygon","coordinates":[[[75.79433,26.91472],[75.79468,26.91472],[75.79468,26.91442],[75.79433,26.91442],[75.79433,26.91472]]]},"properties":{"d":[0,0,0,0,0,0,0,0,0,0,0,0,0,0,0,1,1,3,5,6,7,7,6,5,4,4,3,2,1,1,1,0,0,0,0,0,0]}},{"type":"Feature","geometry":{"type":"Polygon","coordinates":[[[75.79536,26.91472],[75.79571,26.91472],[75.79571,26.91442],[75.79536,26.91442],[75.79536,26.91472]]]},"properties":{"d":[0,0,0,0,0,0,0,0,0,0,0,0,0,0,0,1,2,3,3,3,2,2,1,1,1,0,0,0,0,0,0,0,0,0,0,0,0]}},{"type":"Feature","geometry":{"type":"Polygon","coordinates":[[[75.79571,26.91472],[75.79605,26.91472],[75.79605,26.91442],[75.79571,26.91442],[75.79571,26.91472]]]},"properties":{"d":[0,0,0,0,0,0,0,0,0,0,0,0,0,0,0,3,5,4,4,4,3,2,2,1,1,0,0,0,0,0,0,0,0,0,0,0,0]}},{"type":"Feature","geometry":{"type":"Polygon","coordinates":[[[75.79605,26.91472],[75.79639,26.91472],[75.79639,26.91442],[75.79605,26.91442],[75.79605,26.91472]]]},"properties":{"d":[0,0,0,0,0,0,0,0,0,0,0,0,0,0,0,2,4,4,4,3,3,2,2,1,1,0,0,0,0,0,0,0,0,0,0,0,0]}},{"type":"Feature","geometry":{"type":"Polygon","coordinates":[[[75.79639,26.91472],[75.79674,26.91472],[75.79674,26.91442],[75.79639,26.91442],[75.79639,26.91472]]]},"properties":{"d":[0,0,0,0,0,0,0,0,0,0,0,0,0,0,0,1,2,2,2,2,2,1,1,1,0,0,0,0,0,0,0,0,0,0,0,0,0]}},{"type":"Feature","geometry":{"type":"Polygon","coordinates":[[[75.80086,26.91472],[75.8012,26.91472],[75.8012,26.91442],[75.80086,26.91442],[75.80086,26.91472]]]},"properties":{"d":[0,0,0,0,0,0,0,0,0,0,0,0,0,0,0,0,0,2,2,2,2,2,1,1,1,0,0,0,0,0,0,0,0,0,0,0,0]}},{"type":"Feature","geometry":{"type":"Polygon","coordinates":[[[75.78747,26.91442],[75.78781,26.91442],[75.78781,26.91411],[75.78747,26.91411],[75.78747,26.91442]]]},"properties":{"d":[0,0,0,0,0,0,0,0,0,0,0,0,0,0,0,0,0,0,0,0,0,0,0,0,0,0,0,0,1,1,2,2,2,2,2,2,2]}},{"type":"Feature","geometry":{"type":"Polygon","coordinates":[[[75.78781,26.91442],[75.78815,26.91442],[75.78815,26.91411],[75.78781,26.91411],[75.78781,26.91442]]]},"properties":{"d":[0,0,0,0,0,0,0,0,0,0,0,0,0,0,0,0,0,0,0,0,0,0,0,0,0,0,1,1,2,2,2,3,3,3,3,3,3]}},{"type":"Feature","geometry":{"type":"Polygon","coordinates":[[[75.78815,26.91442],[75.7885,26.91442],[75.7885,26.91411],[75.78815,26.91411],[75.78815,26.91442]]]},"properties":{"d":[0,0,0,0,0,0,0,0,0,0,0,0,0,0,0,0,0,0,0,0,0,0,0,0,0,0,1,2,2,3,3,3,3,3,3,3,3]}},{"type":"Feature","geometry":{"type":"Polygon","coordinates":[[[75.7885,26.91442],[75.78884,26.91442],[75.78884,26.91411],[75.7885,26.91411],[75.7885,26.91442]]]},"properties":{"d":[0,0,0,0,0,0,0,0,0,0,0,0,0,0,0,0,0,0,0,0,0,0,0,0,0,0,1,2,3,3,3,3,4,4,4,3,3]}},{"type":"Feature","geometry":{"type":"Polygon","coordinates":[[[75.78884,26.91442],[75.78918,26.91442],[75.78918,26.91411],[75.78884,26.91411],[75.78884,26.91442]]]},"properties":{"d":[0,0,0,0,0,0,0,0,0,0,0,0,0,0,0,0,0,0,0,0,0,0,0,0,0,0,1,2,3,3,3,4,4,4,4,4,3]}},{"type":"Feature","geometry":{"type":"Polygon","coordinates":[[[75.79399,26.91442],[75.79433,26.91442],[75.79433,26.91411],[75.79399,26.91411],[75.79399,26.91442]]]},"properties":{"d":[0,0,0,0,0,0,0,0,0,0,0,0,0,0,0,0,1,4,7,8,9,9,9,8,7,6,5,4,3,3,2,2,1,1,1,0,0]}},{"type":"Feature","geometry":{"type":"Polygon","coordinates":[[[75.79433,26.91442],[75.79468,26.91442],[75.79468,26.91411],[75.79433,26.91411],[75.79433,26.91442]]]},"properties":{"d":[0,0,0,0,0,0,0,0,0,0,0,0,0,0,0,1,2,5,10,13,14,15,15,14,13,12,10,9,9,8,7,6,5,5,4,4,3]}},{"type":"Feature","geometry":{"type":"Polygon","coordinates":[[[75.79468,26.91442],[75.79502,26.91442],[75.79502,26.91411],[75.79468,26.91411],[75.79468,26.91442]]]},"properties":{"d":[0,0,0,0,0,0,0,0,0,0,0,0,0,0,0,1,2,5,9,12,14,14,14,13,12,11,10,9,8,8,7,6,5,5,4,4,3]}},{"type":"Feature","geometry":{"type":"Polygon","coordinates":[[[75.79502,26.91442],[75.79536,26.91442],[75.79536,26.91411],[75.79502,26.91411],[75.79502,26.91442]]]},"properties":{"d":[0,0,0,0,0,0,0,0,0,0,0,0,0,0,0,1,2,4,5,6,7,8,8,7,6,5,4,3,2,1,1,0,0,0,0,0,0]}},{"type":"Feature","geometry":{"type":"Polygon","coordinates":[[[75.79536,26.91442],[75.79571,26.91442],[75.79571,26.91411],[75.79536,26.91411],[75.79536,26.91442]]]},"properties":{"d":[0,0,0,0,0,0,0,0,0,0,0,0,0,0,0,1,3,4,5,5,5,4,3,3,2,1,1,0,0,0,0,0,0,0,0,0,0]}},{"type":"Feature","geometry":{"type":"Polygon","coordinates":[[[75.79571,26.91442],[75.79605,26.91442],[75.79605,26.91411],[75.79571,26.91411],[75.79571,26.91442]]]},"properties":{"d":[0,0,0,0,0,0,0,0,0,0,0,0,0,0,0,1,3,3,4,3,3,2,2,1,1,1,0,0,0,0,0,0,0,0,0,0,0]}},{"type":"Feature","geometry":{"type":"Polygon","coordinates":[[[75.80086,26.91442],[75.8012,26.91442],[75.8012,26.91411],[75.80086,26.91411],[75.80086,26.91442]]]},"properties":{"d":[0,0,0,0,0,0,0,0,0,0,0,0,0,0,0,0,1,2,2,2,2,2,2,1,1,0,0,0,0,0,0,0,0,0,0,0,0]}},{"type":"Feature","geometry":{"type":"Polygon","coordinates":[[[75.78747,26.91411],[75.78781,26.91411],[75.78781,26.9138],[75.78747,26.9138],[75.78747,26.91411]]]},"properties":{"d":[0,0,0,0,0,0,0,0,0,0,0,0,0,0,0,0,0,0,0,0,0,0,0,0,0,0,0,0,0,0,1,1,1,2,2,2,2]}},{"type":"Feature","geometry":{"type":"Polygon","coordinates":[[[75.78781,26.91411],[75.78815,26.91411],[75.78815,26.9138],[75.78781,26.9138],[75.78781,26.91411]]]},"properties":{"d":[0,0,0,0,0,0,0,0,0,0,0,0,0,0,0,0,0,0,0,0,0,0,0,0,0,0,0,0,0,1,1,2,2,3,3,3,3]}},{"type":"Feature","geometry":{"type":"Polygon","coordinates":[[[75.78815,26.91411],[75.7885,26.91411],[75.7885,26.9138],[75.78815,26.9138],[75.78815,26.91411]]]},"properties":{"d":[0,0,0,0,0,0,0,0,0,0,0,0,0,0,0,0,0,0,0,0,0,0,0,0,0,0,0,0,1,1,2,2,3,3,3,3,3]}},{"type":"Feature","geometry":{"type":"Polygon","coordinates":[[[75.79433,26.91411],[75.79468,26.91411],[75.79468,26.9138],[75.79433,26.9138],[75.79433,26.91411]]]},"properties":{"d":[0,0,0,0,0,0,0,0,0,0,0,0,0,0,0,0,1,3,9,12,13,14,14,13,12,11,10,9,8,8,7,6,5,5,4,4,3]}},{"type":"Feature","geometry":{"type":"Polygon","coordinates":[[[75.79468,26.91411],[75.79502,26.91411],[75.79502,26.9138],[75.79468,26.9138],[75.79468,26.91411]]]},"properties":{"d":[0,0,0,0,0,0,0,0,0,0,0,0,0,0,0,0,1,3,8,12,13,14,14,13,12,11,10,9,8,8,7,6,5,5,4,4,3]}},{"type":"Feature","geometry":{"type":"Polygon","coordinates":[[[75.79502,26.91411],[75.79536,26.91411],[75.79536,26.9138],[75.79502,26.9138],[75.79502,26.91411]]]},"properties":{"d":[0,0,0,0,0,0,0,0,0,0,0,0,0,0,0,1,2,4,8,11,13,14,14,13,12,11,10,9,8,7,7,6,5,5,4,4,3]}},{"type":"Feature","geometry":{"type":"Polygon","coordinates":[[[75.80086,26.91411],[75.8012,26.91411],[75.8012,26.9138],[75.80086,26.9138],[75.80086,26.91411]]]},"properties":{"d":[0,0,0,0,0,0,0,0,0,0,0,0,0,0,0,0,0,1,2,2,3,2,2,1,1,1,0,0,0,0,0,0,0,0,0,0,0]}},{"type":"Feature","geometry":{"type":"Polygon","coordinates":[[[75.79433,26.9138],[75.79468,26.9138],[75.79468,26.9135],[75.79433,26.9135],[75.79433,26.9138]]]},"properties":{"d":[0,0,0,0,0,0,0,0,0,0,0,0,0,0,0,0,0,0,0,2,4,5,5,5,4,3,2,2,1,1,0,0,0,0,0,0,0]}},{"type":"Feature","geometry":{"type":"Polygon","coordinates":[[[75.79468,26.9138],[75.79502,26.9138],[75.79502,26.9135],[75.79468,26.9135],[75.79468,26.9138]]]},"properties":{"d":[0,0,0,0,0,0,0,0,0,0,0,0,0,0,0,0,0,1,5,9,11,12,12,12,11,10,9,8,7,6,6,5,5,4,4,3,3]}},{"type":"Feature","geometry":{"type":"Polygon","coordinates":[[[75.79502,26.9138],[75.79536,26.9138],[75.79536,26.9135],[75.79502,26.9135],[75.79502,26.9138]]]},"properties":{"d":[0,0,0,0,0,0,0,0,0,0,0,0,0,0,0,0,0,0,1,3,5,6,6,6,5,4,3,2,1,1,0,0,0,0,0,0,0]}},{"type":"Feature","geometry":{"type":"Polygon","coordinates":[[[75.79811,26.9138],[75.79845,26.9138],[75.79845,26.9135],[75.79811,26.9135],[75.79811,26.9138]]]},"properties":{"d":[0,0,0,0,0,0,0,0,0,0,0,0,0,0,0,0,1,2,2,2,2,1,1,1,0,0,0,0,0,0,0,0,0,0,0,0,0]}},{"type":"Feature","geometry":{"type":"Polygon","coordinates":[[[75.80086,26.9138],[75.8012,26.9138],[75.8012,26.9135],[75.80086,26.9135],[75.80086,26.9138]]]},"properties":{"d":[0,0,0,0,0,0,0,0,0,0,0,0,0,0,0,1,1,1,2,3,3,3,2,2,1,1,0,0,0,0,0,0,0,0,0,0,0]}},{"type":"Feature","geometry":{"type":"Polygon","coordinates":[[[75.79433,26.9135],[75.79468,26.9135],[75.79468,26.91319],[75.79433,26.91319],[75.79433,26.9135]]]},"properties":{"d":[0,0,0,0,0,0,0,0,0,0,0,0,0,0,0,0,0,0,0,0,2,3,3,2,2,2,1,1,0,0,0,0,0,0,0,0,0]}},{"type":"Feature","geometry":{"type":"Polygon","coordinates":[[[75.79468,26.9135],[75.79502,26.9135],[75.79502,26.91319],[75.79468,26.91319],[75.79468,26.9135]]]},"properties":{"d":[0,0,0,0,0,0,0,0,0,0,0,0,0,0,0,0,0,0,2,6,8,9,9,8,8,7,6,6,5,4,4,3,3,2,2,2,2]}},{"type":"Feature","geometry":{"type":"Polygon","coordinates":[[[75.80086,26.9135],[75.8012,26.9135],[75.8012,26.91319],[75.80086,26.91319],[75.80086,26.9135]]]},"properties":{"d":[0,0,0,0,0,0,0,0,0,0,0,0,0,0,0,0,1,2,2,3,3,3,3,2,1,1,1,0,0,0,0,0,0,0,0,0,0]}},{"type":"Feature","geometry":{"type":"Polygon","coordinates":[[[75.79433,26.91319],[75.79468,26.91319],[75.79468,26.91289],[75.79433,26.91289],[75.79433,26.91319]]]},"properties":{"d":[0,0,0,0,0,0,0,0,0,0,0,0,0,0,0,0,0,0,0,1,3,4,4,4,4,3,3,2,2,2,1,1,1,1,1,1,0]}},{"type":"Feature","geometry":{"type":"Polygon","coordinates":[[[75.79468,26.91319],[75.79502,26.91319],[75.79502,26.91289],[75.79468,26.91289],[75.79468,26.91319]]]},"properties":{"d":[0,0,0,0,0,0,0,0,0,0,0,0,0,0,0,0,0,0,0,3,5,6,6,6,5,5,4,4,3,3,2,2,2,2,1,1,1]}},{"type":"Feature","geometry":{"type":"Polygon","coordinates":[[[75.80086,26.91319],[75.8012,26.91319],[75.8012,26.91289],[75.80086,26.91289],[75.80086,26.91319]]]},"properties":{"d":[0,0,0,0,0,0,0,0,0,0,0,0,0,0,0,1,2,2,2,3,3,3,3,2,1,1,1,0,0,0,0,0,0,0,0,0,0]}},{"type":"Feature","geometry":{"type":"Polygon","coordinates":[[[75.79399,26.91289],[75.79433,26.91289],[75.79433,26.91258],[75.79399,26.91258],[75.79399,26.91289]]]},"properties":{"d":[0,0,0,0,0,0,0,0,0,0,0,0,0,0,0,0,0,0,0,0,1,2,2,2,2,2,1,1,1,1,1,1,0,0,0,0,0]}},{"type":"Feature","geometry":{"type":"Polygon","coordinates":[[[75.79433,26.91289],[75.79468,26.91289],[75.79468,26.91258],[75.79433,26.91258],[75.79433,26.91289]]]},"properties":{"d":[0,0,0,0,0,0,0,0,0,0,0,0,0,0,0,0,0,0,0,1,3,4,5,5,4,4,3,3,2,2,2,2,1,1,1,1,1]}},{"type":"Feature","geometry":{"type":"Polygon","coordinates":[[[75.79468,26.91289],[75.79502,26.91289],[75.79502,26.91258],[75.79468,26.91258],[75.79468,26.91289]]]},"properties":{"d":[0,0,0,0,0,0,0,0,0,0,0,0,0,0,0,0,0,0,0,2,3,4,4,4,4,3,3,3,2,2,2,2,1,1,1,1,1]}},{"type":"Feature","geometry":{"type":"Polygon","coordinates":[[[75.79742,26.91289],[75.79777,26.91289],[75.79777,26.91258],[75.79742,26.91258],[75.79742,26.91289]]]},"properties":{"d":[0,0,0,0,0,0,0,0,0,0,0,0,0,0,0,1,2,3,3,4,4,4,4,3,3,2,2,2,2,2,1,1,1,1,1,0,0]}},{"type":"Feature","geometry":{"type":"Polygon","coordinates":[[[75.79777,26.91289],[75.79811,26.91289],[75.79811,26.91258],[75.79777,26.91258],[75.79777,26.91289]]]},"properties":{"d":[0,0,0,0,0,0,0,0,0,0,0,0,0,0,0,2,2,3,3,4,4,4,4,3,3,2,2,2,2,2,1,1,1,1,1,0,0]}},{"type":"Feature","geometry":{"type":"Polygon","coordinates":[[[75.79811,26.91289],[75.79845,26.91289],[75.79845,26.91258],[75.79811,26.91258],[75.79811,26.91289]]]},"properties":{"d":[0,0,0,0,0,0,0,0,0,0,0,0,0,0,0,1,1,2,2,3,3,3,2,2,1,1,1,0,0,0,0,0,0,0,0,0,0]}},{"type":"Feature","geometry":{"type":"Polygon","coordinates":[[[75.80017,26.91289],[75.80051,26.91289],[75.80051,26.91258],[75.80017,26.91258],[75.80017,26.91289]]]},"properties":{"d":[0,0,0,0,0,0,0,0,0,0,0,0,0,0,0,1,2,2,3,3,3,2,2,1,1,1,0,0,0,0,0,0,0,0,0,0,0]}},{"type":"Feature","geometry":{"type":"Polygon","coordinates":[[[75.80051,26.91289],[75.80086,26.91289],[75.80086,26.91258],[75.80051,26.91258],[75.80051,26.91289]]]},"properties":{"d":[0,0,0,0,0,0,0,0,0,0,0,0,0,0,0,1,2,3,4,4,4,4,4,3,2,2,1,1,0,0,0,0,0,0,0,0,0]}},{"type":"Feature","geometry":{"type":"Polygon","coordinates":[[[75.80086,26.91289],[75.8012,26.91289],[75.8012,26.91258],[75.80086,26.91258],[75.80086,26.91289]]]},"properties":{"d":[0,0,0,0,0,0,0,0,0,0,0,0,0,0,0,1,2,2,2,2,3,3,2,2,1,1,1,0,0,0,0,0,0,0,0,0,0]}},{"type":"Feature","geometry":{"type":"Polygon","coordinates":[[[75.79124,26.91258],[75.79159,26.91258],[75.79159,26.91227],[75.79124,26.91227],[75.79124,26.91258]]]},"properties":{"d":[0,0,0,0,0,0,0,0,0,0,0,0,0,0,0,0,0,0,0,0,0,0,0,0,0,2,2,2,2,2,1,1,1,1,1,0,0]}},{"type":"Feature","geometry":{"type":"Polygon","coordinates":[[[75.79159,26.91258],[75.79193,26.91258],[75.79193,26.91227],[75.79159,26.91227],[75.79159,26.91258]]]},"properties":{"d":[0,0,0,0,0,0,0,0,0,0,0,0,0,0,0,0,0,0,0,0,0,0,0,0,2,3,3,3,2,2,2,2,1,1,1,1,0]}},{"type":"Feature","geometry":{"type":"Polygon","coordinates":[[[75.79193,26.91258],[75.79227,26.91258],[75.79227,26.91227],[75.79193,26.91227],[75.79193,26.91258]]]},"properties":{"d":[0,0,0,0,0,0,0,0,0,0,0,0,0,0,0,0,0,0,0,0,0,0,0,0,3,3,3,3,3,2,2,2,1,1,1,1,0]}},{"type":"Feature","geometry":{"type":"Polygon","coordinates":[[[75.79227,26.91258],[75.79262,26.91258],[75.79262,26.91227],[75.79227,26.91227],[75.79227,26.91258]]]},"properties":{"d":[0,0,0,0,0,0,0,0,0,0,0,0,0,0,0,0,0,0,0,0,0,0,0,1,3,3,3,3,2,2,2,1,1,1,1,1,0]}},{"type":"Feature","geometry":{"type":"Polygon","coordinates":[[[75.79262,26.91258],[75.79296,26.91258],[75.79296,26.91227],[75.79262,26.91227],[75.79262,26.91258]]]},"properties":{"d":[0,0,0,0,0,0,0,0,0,0,0,0,0,0,0,0,0,0,0,0,0,0,0,2,3,3,3,2,2,2,2,1,1,1,1,1,0]}},{"type":"Feature","geometry":{"type":"Polygon","coordinates":[[[75.79296,26.91258],[75.7933,26.91258],[75.7933,26.91227],[75.79296,26.91227],[75.79296,26.91258]]]},"properties":{"d":[0,0,0,0,0,0,0,0,0,0,0,0,0,0,0,0,0,0,0,0,0,0,1,2,3,3,2,2,2,2,1,1,1,1,1,1,0]}},{"type":"Feature","geometry":{"type":"Polygon","coordinates":[[[75.7933,26.91258],[75.79365,26.91258],[75.79365,26.91227],[75.7933,26.91227],[75.7933,26.91258]]]},"properties":{"d":[0,0,0,0,0,0,0,0,0,0,0,0,0,0,0,0,0,0,0,0,0,0,2,3,3,3,2,2,2,2,1,1,1,1,1,1,0]}},{"type":"Feature","geometry":{"type":"Polygon","coordinates":[[[75.79365,26.91258],[75.79399,26.91258],[75.79399,26.91227],[75.79365,26.91227],[75.79365,26.91258]]]},"properties":{"d":[0,0,0,0,0,0,0,0,0,0,0,0,0,0,0,0,0,0,0,0,0,2,3,3,3,2,2,2,2,1,1,1,1,1,0,0,0]}},{"type":"Feature","geometry":{"type":"Polygon","coordinates":[[[75.79399,26.91258],[75.79433,26.91258],[75.79433,26.91227],[75.79399,26.91227],[75.79399,26.91258]]]},"properties":{"d":[0,0,0,0,0,0,0,0,0,0,0,0,0,0,0,0,0,0,0,0,1,4,4,4,4,4,3,3,2,2,2,2,1,1,1,1,1]}},{"type":"Feature","geometry":{"type":"Polygon","coordinates":[[[75.79433,26.91258],[75.79468,26.91258],[75.79468,26.91227],[75.79433,26.91227],[75.79433,26.91258]]]},"properties":{"d":[0,0,0,0,0,0,0,0,0,0,0,0,0,0,0,0,0,0,0,0,3,5,5,5,5,4,4,3,3,2,2,2,2,1,1,1,1]}},{"type":"Feature","geometry":{"type":"Polygon","coordinates":[[[75.79468,26.91258],[75.79502,26.91258],[75.79502,26.91227],[75.79468,26.91227],[75.79468,26.91258]]]},"properties":{"d":[0,0,0,0,0,0,0,0,0,0,0,0,0,0,0,0,0,0,0,1,2,3,3,3,3,3,2,2,2,2,1,1,1,1,1,1,1]}},{"type":"Feature","geometry":{"type":"Polygon","coordinates":[[[75.79742,26.91258],[75.79777,26.91258],[75.79777,26.91227],[75.79742,26.91227],[75.79742,26.91258]]]},"properties":{"d":[0,0,0,0,0,0,0,0,0,0,0,0,0,0,0,0,1,2,2,3,3,3,3,3,3,2,2,2,2,2,1,1,1,1,1,0,0]}},{"type":"Feature","geometry":{"type":"Polygon","coordinates":[[[75.79777,26.91258],[75.79811,26.91258],[75.79811,26.91227],[75.79777,26.91227],[75.79777,26.91258]]]},"properties":{"d":[0,0,0,0,0,0,0,0,0,0,0,0,0,0,0,0,1,2,2,3,3,3,3,3,3,2,2,2,2,2,1,1,1,1,1,0,0]}},{"type":"Feature","geometry":{"type":"Polygon","coordinates":[[[75.79811,26.91258],[75.79845,26.91258],[75.79845,26.91227],[75.79811,26.91227],[75.79811,26.91258]]]},"properties":{"d":[0,0,0,0,0,0,0,0,0,0,0,0,0,0,0,0,1,1,2,2,3,3,3,3,3,2,2,2,2,1,1,1,1,1,1,0,0]}},{"type":"Feature","geometry":{"type":"Polygon","coordinates":[[[75.79845,26.91258],[75.7988,26.91258],[75.7988,26.91227],[75.79845,26.91227],[75.79845,26.91258]]]},"properties":{"d":[0,0,0,0,0,0,0,0,0,0,0,0,0,0,0,0,1,1,1,2,2,2,2,2,2,2,2,2,1,1,1,1,1,1,0,0,0]}},{"type":"Feature","geometry":{"type":"Polygon","coordinates":[[[75.80017,26.91258],[75.80051,26.91258],[75.80051,26.91227],[75.80017,26.91227],[75.80017,26.91258]]]},"properties":{"d":[0,0,0,0,0,0,0,0,0,0,0,0,0,0,0,0,1,1,2,2,2,2,2,1,1,1,0,0,0,0,0,0,0,0,0,0,0]}},{"type":"Feature","geometry":{"type":"Polygon","coordinates":[[[75.80051,26.91258],[75.80086,26.91258],[75.80086,26.91227],[75.80051,26.91227],[75.80051,26.91258]]]},"properties":{"d":[0,0,0,0,0,0,0,0,0,0,0,0,0,0,0,0,1,3,5,6,6,6,5,5,4,3,2,2,1,1,1,0,0,0,0,0,0]}},{"type":"Feature","geometry":{"type":"Polygon","coordinates":[[[75.80086,26.91258],[75.8012,26.91258],[75.8012,26.91227],[75.80086,26.91227],[75.80086,26.91258]]]},"properties":{"d":[0,0,0,0,0,0,0,0,0,0,0,0,0,0,0,0,1,2,3,4,4,4,4,3,3,2,2,1,1,0,0,0,0,0,0,0,0]}},{"type":"Feature","geometry":{"type":"Polygon","coordinates":[[[75.8012,26.91258],[75.80154,26.91258],[75.80154,26.91227],[75.8012,26.91227],[75.8012,26.91258]]]},"properties":{"d":[0,0,0,0,0,0,0,0,0,0,0,0,0,0,0,0,1,1,2,2,2,2,2,2,1,1,1,1,0,0,0,0,0,0,0,0,0]}},{"type":"Feature","geometry":{"type":"Polygon","coordinates":[[[75.80189,26.91258],[75.80223,26.91258],[75.80223,26.91227],[75.80189,26.91227],[75.80189,26.91258]]]},"properties":{"d":[0,0,0,0,0,0,0,0,0,0,0,0,0,0,0,0,1,1,1,2,2,2,2,2,1,1,1,0,0,0,0,0,0,0,0,0,0]}},{"type":"Feature","geometry":{"type":"Polygon","coordinates":[[[75.79021,26.91227],[75.79056,26.91227],[75.79056,26.91197],[75.79021,26.91197],[75.79021,26.91227]]]},"properties":{"d":[0,0,0,0,0,0,0,0,0,0,0,0,0,0,0,0,0,0,0,0,0,0,0,0,0,0,0,2,2,2,2,2,2,2,2,1,1]}},{"type":"Feature","geometry":{"type":"Polygon","coordinates":[[[75.79056,26.91227],[75.7909,26.91227],[75.7909,26.91197],[75.79056,26.91197],[75.79056,26.91227]]]},"properties":{"d":[0,0,0,0,0,0,0,0,0,0,0,0,0,0,0,0,0,0,0,0,0,0,0,0,0,0,2,2,2,2,2,1,1,1,1,0,0]}},{"type":"Feature","geometry":{"type":"Polygon","coordinates":[[[75.7933,26.91227],[75.79365,26.91227],[75.79365,26.91197],[75.7933,26.91197],[75.7933,26.91227]]]},"properties":{"d":[0,0,0,0,0,0,0,0,0,0,0,0,0,0,0,0,0,0,0,0,0,0,2,3,3,3,3,3,2,2,2,2,2,1,1,1,1]}},{"type":"Feature","geometry":{"type":"Polygon","coordinates":[[[75.79365,26.91227],[75.79399,26.91227],[75.79399,26.91197],[75.79365,26.91197],[75.79365,26.91227]]]},"properties":{"d":[0,0,0,0,0,0,0,0,0,0,0,0,0,0,0,0,0,0,0,0,0,2,5,6,6,6,5,5,4,4,4,3,3,3,2,2,2]}},{"type":"Feature","geometry":{"type":"Polygon","coordinates":[[[75.79399,26.91227],[75.79433,26.91227],[75.79433,26.91197],[75.79399,26.91197],[75.79399,26.91227]]]},"properties":{"d":[0,0,0,0,0,0,0,0,0,0,0,0,0,0,0,0,0,0,0,0,1,4,5,6,6,5,5,4,4,3,3,3,2,2,2,1,1]}},{"type":"Feature","geometry":{"type":"Polygon","coordinates":[[[75.79433,26.91227],[75.79468,26.91227],[75.79468,26.91197],[75.79433,26.91197],[75.79433,26.91227]]]},"properties":{"d":[0,0,0,0,0,0,0,0,0,0,0,0,0,0,0,0,0,0,0,0,1,4,4,4,4,4,3,3,3,2,2,2,1,1,1,1,1]}},{"type":"Feature","geometry":{"type":"Polygon","coordinates":[[[75.79468,26.91227],[75.79502,26.91227],[75.79502,26.91197],[75.79468,26.91197],[75.79468,26.91227]]]},"properties":{"d":[0,0,0,0,0,0,0,0,0,0,0,0,0,0,0,0,0,0,0,0,1,2,3,3,2,2,2,2,2,1,1,1,1,1,1,0,0]}},{"type":"Feature","geometry":{"type":"Polygon","coordinates":[[[75.79742,26.91227],[75.79777,26.91227],[75.79777,26.91197],[75.79742,26.91197],[75.79742,26.91227]]]},"properties":{"d":[0,0,0,0,0,0,0,0,0,0,0,0,0,0,0,0,0,1,1,2,3,3,3,3,3,2,2,2,2,2,1,1,1,1,1,0,0]}},{"type":"Feature","geometry":{"type":"Polygon","coordinates":[[[75.79777,26.91227],[75.79811,26.91227],[75.79811,26.91197],[75.79777,26.91197],[75.79777,26.91227]]]},"properties":{"d":[0,0,0,0,0,0,0,0,0,0,0,0,0,0,0,0,0,1,1,2,2,3,3,3,3,2,2,2,2,2,1,1,1,1,1,0,0]}},{"type":"Feature","geometry":{"type":"Polygon","coordinates":[[[75.79811,26.91227],[75.79845,26.91227],[75.79845,26.91197],[75.79811,26.91197],[75.79811,26.91227]]]},"properties":{"d":[0,0,0,0,0,0,0,0,0,0,0,0,0,0,0,0,0,1,1,2,2,2,3,3,2,2,2,2,2,1,1,1,1,1,1,0,0]}},{"type":"Feature","geometry":{"type":"Polygon","coordinates":[[[75.79845,26.91227],[75.7988,26.91227],[75.7988,26.91197],[75.79845,26.91197],[75.79845,26.91227]]]},"properties":{"d":[0,0,0,0,0,0,0,0,0,0,0,0,0,0,0,0,0,0,1,1,2,2,2,2,2,2,2,2,2,1,1,1,1,1,0,0,0]}},{"type":"Feature","geometry":{"type":"Polygon","coordinates":[[[75.80086,26.91227],[75.8012,26.91227],[75.8012,26.91197],[75.80086,26.91197],[75.80086,26.91227]]]},"properties":{"d":[0,0,0,0,0,0,0,0,0,0,0,0,0,0,0,0,0,1,1,2,2,2,2,2,1,1,1,1,0,0,0,0,0,0,0,0,0]}},{"type":"Feature","geometry":{"type":"Polygon","coordinates":[[[75.8012,26.91227],[75.80154,26.91227],[75.80154,26.91197],[75.8012,26.91197],[75.8012,26.91227]]]},"properties":{"d":[0,0,0,0,0,0,0,0,0,0,0,0,0,0,0,0,0,1,1,2,2,2,2,2,1,1,1,1,0,0,0,0,0,0,0,0,0]}},{"type":"Feature","geometry":{"type":"Polygon","coordinates":[[[75.80154,26.91227],[75.80189,26.91227],[75.80189,26.91197],[75.80154,26.91197],[75.80154,26.91227]]]},"properties":{"d":[0,0,0,0,0,0,0,0,0,0,0,0,0,0,0,0,0,1,1,2,2,2,2,2,1,1,1,1,0,0,0,0,0,0,0,0,0]}},{"type":"Feature","geometry":{"type":"Polygon","coordinates":[[[75.80189,26.91227],[75.80223,26.91227],[75.80223,26.91197],[75.80189,26.91197],[75.80189,26.91227]]]},"properties":{"d":[0,0,0,0,0,0,0,0,0,0,0,0,0,0,0,0,1,1,2,3,3,4,4,4,3,3,2,2,1,1,0,0,0,0,0,0,0]}},{"type":"Feature","geometry":{"type":"Polygon","coordinates":[[[75.80223,26.91227],[75.80257,26.91227],[75.80257,26.91197],[75.80223,26.91197],[75.80223,26.91227]]]},"properties":{"d":[0,0,0,0,0,0,0,0,0,0,0,0,0,0,0,0,1,2,3,4,4,5,5,5,5,4,4,3,3,2,2,2,1,1,1,1,1]}},{"type":"Feature","geometry":{"type":"Polygon","coordinates":[[[75.79021,26.91197],[75.79056,26.91197],[75.79056,26.91166],[75.79021,26.91166],[75.79021,26.91197]]]},"properties":{"d":[0,0,0,0,0,0,0,0,0,0,0,0,0,0,0,0,0,0,0,0,0,0,0,0,0,0,0,2,5,9,11,12,12,12,13,13,13]}},{"type":"Feature","geometry":{"type":"Polygon","coordinates":[[[75.79365,26.91197],[75.79399,26.91197],[75.79399,26.91166],[75.79365,26.91166],[75.79365,26.91197]]]},"properties":{"d":[0,0,0,0,0,0,0,0,0,0,0,0,0,0,0,0,0,0,0,0,0,0,2,3,3,3,3,2,2,2,1,1,1,1,1,0,0]}},{"type":"Feature","geometry":{"type":"Polygon","coordinates":[[[75.79399,26.91197],[75.79433,26.91197],[75.79433,26.91166],[75.79399,26.91166],[75.79399,26.91197]]]},"properties":{"d":[0,0,0,0,0,0,0,0,0,0,0,0,0,0,0,0,0,0,0,0,0,1,2,2,2,2,2,2,1,1,1,1,1,0,0,0,0]}},{"type":"Feature","geometry":{"type":"Polygon","coordinates":[[[75.79777,26.91197],[75.79811,26.91197],[75.79811,26.91166],[75.79777,26.91166],[75.79777,26.91197]]]},"properties":{"d":[0,0,0,0,0,0,0,0,0,0,0,0,0,0,0,0,0,0,0,1,1,2,2,3,3,2,2,2,2,2,1,1,1,1,1,0,0]}},{"type":"Feature","geometry":{"type":"Polygon","coordinates":[[[75.79811,26.91197],[75.79845,26.91197],[75.79845,26.91166],[75.79811,26.91166],[75.79811,26.91197]]]},"properties":{"d":[0,0,0,0,0,0,0,0,0,0,0,0,0,0,0,0,0,0,0,1,1,2,2,3,3,2,2,2,2,2,1,1,1,1,1,0,0]}},{"type":"Feature","geometry":{"type":"Polygon","coordinates":[[[75.80189,26.91197],[75.80223,26.91197],[75.80223,26.91166],[75.80189,26.91166],[75.80189,26.91197]]]},"properties":{"d":[0,0,0,0,0,0,0,0,0,0,0,0,0,0,0,0,0,1,1,2,3,4,4,4,4,4,3,3,2,2,2,1,1,1,1,1,0]}},{"type":"Feature","geometry":{"type":"Polygon","coordinates":[[[75.80223,26.91197],[75.80257,26.91197],[75.80257,26.91166],[75.80223,26.91166],[75.80223,26.91197]]]},"properties":{"d":[0,0,0,0,0,0,0,0,0,0,0,0,0,0,0,0,0,1,1,2,3,4,4,4,4,4,3,3,3,2,2,2,1,1,1,1,0]}},{"type":"Feature","geometry":{"type":"Polygon","coordinates":[[[75.80257,26.91197],[75.80292,26.91197],[75.80292,26.91166],[75.80257,26.91166],[75.80257,26.91197]]]},"properties":{"d":[0,0,0,0,0,0,0,0,0,0,0,0,0,0,0,0,0,1,1,1,2,3,3,3,3,3,3,2,2,2,1,1,1,1,1,0,0]}},{"type":"Feature","geometry":{"type":"Polygon","coordinates":[[[75.79021,26.91166],[75.79056,26.91166],[75.79056,26.91136],[75.79021,26.91136],[75.79021,26.91166]]]},"properties":{"d":[0,0,0,0,0,0,0,0,0,0,0,0,0,0,0,0,0,0,0,0,0,0,0,0,0,0,0,0,0,0,1,2,4,4,4,5,5]}},{"type":"Feature","geometry":{"type":"Polygon","coordinates":[[[75.79365,26.91166],[75.79399,26.91166],[75.79399,26.91136],[75.79365,26.91136],[75.79365,26.91166]]]},"properties":{"d":[0,0,0,0,0,0,0,0,0,0,0,0,0,0,0,0,0,0,0,0,0,0,0,2,3,3,2,2,2,1,1,1,1,1,0,0,0]}},{"type":"Feature","geometry":{"type":"Polygon","coordinates":[[[75.79536,26.91166],[75.79571,26.91166],[75.79571,26.91136],[75.79536,26.91136],[75.79536,26.91166]]]},"properties":{"d":[0,0,0,0,0,0,0,0,0,0,0,0,0,0,0,0,1,1,1,1,1,1,1,1,2,2,2,2,2,2,2,1,1,1,1,1,0]}},{"type":"Feature","geometry":{"type":"Polygon","coordinates":[[[75.80189,26.91166],[75.80223,26.91166],[75.80223,26.91136],[75.80189,26.91136],[75.80189,26.91166]]]},"properties":{"d":[0,0,0,0,0,0,0,0,0,0,0,0,0,0,0,0,0,0,1,1,2,3,4,4,4,3,3,3,2,2,2,1,1,1,1,1,0]}},{"type":"Feature","geometry":{"type":"Polygon","coordinates":[[[75.80223,26.91166],[75.80257,26.91166],[75.80257,26.91136],[75.80223,26.91136],[75.80223,26.91166]]]},"properties":{"d":[0,0,0,0,0,0,0,0,0,0,0,0,0,0,0,0,0,0,0,1,2,3,3,3,3,3,3,3,2,2,2,1,1,1,1,1,0]}},{"type":"Feature","geometry":{"type":"Polygon","coordinates":[[[75.80257,26.91166],[75.80292,26.91166],[75.80292,26.91136],[75.80257,26.91136],[75.80257,26.91166]]]},"properties":{"d":[0,0,0,0,0,0,0,0,0,0,0,0,0,0,0,0,0,0,0,0,1,2,2,3,3,3,3,2,2,2,2,1,1,1,1,1,0]}},{"type":"Feature","geometry":{"type":"Polygon","coordinates":[[[75.79365,26.91136],[75.79399,26.91136],[75.79399,26.91105],[75.79365,26.91105],[75.79365,26.91136]]]},"properties":{"d":[0,0,0,0,0,0,0,0,0,0,0,0,0,0,0,0,0,0,0,0,0,0,0,1,3,3,2,2,2,2,1,1,1,1,0,0,0]}},{"type":"Feature","geometry":{"type":"Polygon","coordinates":[[[75.79502,26.91136],[75.79536,26.91136],[75.79536,26.91105],[75.79502,26.91105],[75.79502,26.91136]]]},"properties":{"d":[0,0,0,0,0,0,0,0,0,0,0,0,0,0,0,0,0,0,0,0,0,0,1,2,4,4,5,5,4,4,4,4,3,3,2,2,2]}},{"type":"Feature","geometry":{"type":"Polygon","coordinates":[[[75.80154,26.91136],[75.80189,26.91136],[75.80189,26.91105],[75.80154,26.91105],[75.80154,26.91136]]]},"properties":{"d":[0,0,0,0,0,0,0,0,0,0,0,0,0,0,0,0,0,0,1,1,1,2,2,3,3,3,3,2,2,2,2,1,1,1,1,1,0]}},{"type":"Feature","geometry":{"type":"Polygon","coordinates":[[[75.80189,26.91136],[75.80223,26.91136],[75.80223,26.91105],[75.80189,26.91105],[75.80189,26.91136]]]},"properties":{"d":[0,0,0,0,0,0,0,0,0,0,0,0,0,0,0,0,0,0,0,0,1,2,2,3,3,3,3,2,2,2,2,1,1,1,1,1,0]}},{"type":"Feature","geometry":{"type":"Polygon","coordinates":[[[75.80223,26.91136],[75.80257,26.91136],[75.80257,26.91105],[75.80223,26.91105],[75.80223,26.91136]]]},"properties":{"d":[0,0,0,0,0,0,0,0,0,0,0,0,0,0,0,0,0,0,0,0,1,1,2,2,3,3,2,2,2,2,2,1,1,1,1,1,0]}},{"type":"Feature","geometry":{"type":"Polygon","coordinates":[[[75.80257,26.91136],[75.80292,26.91136],[75.80292,26.91105],[75.80257,26.91105],[75.80257,26.91136]]]},"properties":{"d":[0,0,0,0,0,0,0,0,0,0,0,0,0,0,0,0,0,0,0,0,0,1,1,2,2,2,2,2,2,2,1,1,1,1,1,0,0]}},{"type":"Feature","geometry":{"type":"Polygon","coordinates":[[[75.79365,26.91105],[75.79399,26.91105],[75.79399,26.91074],[75.79365,26.91074],[75.79365,26.91105]]]},"properties":{"d":[0,0,0,0,0,0,0,0,0,0,0,0,0,0,0,0,0,0,0,0,0,0,0,1,2,3,3,2,2,2,1,1,1,1,0,0,0]}},{"type":"Feature","geometry":{"type":"Polygon","coordinates":[[[75.80189,26.91105],[75.80223,26.91105],[75.80223,26.91074],[75.80189,26.91074],[75.80189,26.91105]]]},"properties":{"d":[0,0,0,0,0,0,0,0,0,0,0,0,0,0,0,0,0,0,0,0,0,0,1,2,2,2,2,2,2,2,1,1,1,1,1,1,0]}},{"type":"Feature","geometry":{"type":"Polygon","coordinates":[[[75.79365,26.91074],[75.79399,26.91074],[75.79399,26.91044],[75.79365,26.91044],[75.79365,26.91074]]]},"properties":{"d":[0,0,0,0,0,0,0,0,0,0,0,0,0,0,0,0,0,0,0,0,0,0,0,0,2,2,2,2,2,2,1,1,1,1,0,0,0]}}]}